ibge,uf,nome_ibge,pct_dir_0,pct_dir_1,swing_dir,aptos
1200138,AC,Bujari,82.39755188930282,84.54884056229724,2.1512886729944256,11152
1200179,AC,Capixaba,86.80666880410388,93.49786426198386,6.691195457879985,8168
1200807,AC,Porto Acre,87.50118449729935,90.60693641618496,3.105751918885616,14284
1200435,AC,Santa Rosa do Purus,75.97133157299132,84.49367088607595,8.522339313084629,3927
1200351,AC,Marechal Thaumaturgo,86.76019806649376,82.35552143875425,-4.404676627739505,11896
1200104,AC,Brasiléia,87.47687881071452,87.99973698053655,0.5228581698220296,19975
1200393,AC,Porto Walter,91.33379645710316,78.2568093385214,-13.076987118581755,8031
1200203,AC,Cruzeiro do Sul,89.44919544191457,92.84460672570657,3.3954112837920007,63849
1200427,AC,Rodrigues Alves,84.60456561722384,91.47484212670605,6.87027650948221,12183
1200336,AC,Mâncio Lima,88.18470742194803,86.05638586956522,-2.1283215523828147,14657
1200328,AC,Jordão,33.043682480037575,70.63145809414466,37.58777561410709,5998
1200252,AC,Epitaciolândia,86.3265100332762,89.38818164544936,3.0616716121731713,14596
1200013,AC,Acrelândia,89.8534697262925,91.82816099742513,1.9746912711326274,10206
1200302,AC,Feijó,57.48065884701772,87.73284870513403,30.25218985811631,24197
1200401,AC,Rio Branco,83.58051523075488,88.72426390295233,5.143748672197447,269772
1200500,AC,Sena Madureira,95.73470299240732,95.95623413903566,0.22153114662833673,30862
1200609,AC,Tarauacá,61.3097979022768,85.23329187969232,23.923493977415518,29966
1200708,AC,Xapuri,75.97442771705506,76.14023870417732,0.1658109871222564,12774
1200385,AC,Plácido de Castro,88.16318120943649,96.225614927905,8.062433718468512,12291
1200450,AC,Senador Guiomard,87.76762774764488,92.99680056878778,5.229172821142896,18636
1200344,AC,Manoel Urbano,92.29715850736049,93.63232818000918,1.3351696726486892,8602
1200054,AC,Assis Brasil,69.45093457943925,79.78221415607986,10.331279576640611,7294
2706448,AL,Paripueira,71.24596822362919,95.83553535567064,24.589567132041452,12721
2700102,AL,Água Branca,86.16340870191874,93.5306628855016,7.367254183582858,16511
2706422,AL,Pariconha,83.14950980392157,95.67267683772538,12.523167033803801,9772
2700201,AL,Anadia,80.99391713531504,96.7922930340885,15.798375898773457,13089
2702553,AL,Estrela de Alagoas,90.56075903174796,98.34444444444445,7.783685412696485,13040
2700300,AL,Arapiraca,86.53807999861982,95.69620870017218,9.158128701552357,158652
2703759,AL,Jequiá da Praia,91.91869918699187,95.33905162647677,3.420352439484901,8245
2700409,AL,Atalaia,82.29764321652397,96.8678124869318,14.570169270407831,32403
2701357,AL,Campestre,79.62962962962963,97.27167630057804,17.642046670948403,6077
2700508,AL,Barra de Santo Antônio,73.20966350301984,97.10144927536231,23.891785772342473,14944
2700607,AL,Barra de São Miguel,89.06116885329699,95.34444793960365,6.283279086306663,8063
2700706,AL,Batalha,56.91633632380555,97.85908913974309,40.94275281593754,13573
2700805,AL,Belém,75.74722459436379,97.30167296276309,21.554448368399306,5054
2700904,AL,Belo Monte,74.11003236245955,99.17320330718677,25.06317094472722,6030
2701001,AL,Boca da Mata,82.02214022140221,95.73214542319299,13.710005201790779,19738
2701100,AL,Branquinha,68.29912935323384,85.9168392544209,17.61770990118707,9119
2701209,AL,Cacimbinhas,91.78452248530112,98.35553362933727,6.571011144036149,8774
2701308,AL,Cajueiro,56.89790319419949,95.54718439099778,38.64928119679829,14474
2701407,AL,Campo Alegre,91.61311951723752,96.47058823529412,4.8574687180565945,27041
2701506,AL,Campo Grande,95.09147701918786,98.23710885852799,3.145631839340126,9154
2701605,AL,Canapi,82.74823431657666,97.78538161771695,15.037147301140294,14792
2701704,AL,Capela,77.63076286954724,97.59664553078339,19.96588266123615,12900
2701803,AL,Carneiros,86.45912910618793,98.0378166250446,11.578687518856668,7751
2701902,AL,Chã Preta,38.373876835415295,98.00494014820444,59.631063312789145,6923
2702009,AL,Coité do Nóia,94.1747572815534,98.35264553957839,4.177888258024993,9481
2702108,AL,Colônia Leopoldina,61.37445269369884,94.1882090384973,32.81375634479846,15414
2702207,AL,Coqueiro Seco,86.10552763819095,96.07077205882354,9.965244420632587,5554
2702306,AL,Coruripe,93.65303742446196,96.91759347876308,3.2645560543011243,41885
2702405,AL,Delmiro Gouveia,68.53912982798926,92.78749833043943,24.248368502450177,41407
2702504,AL,Dois Riachos,93.3158201984822,98.79331683168317,5.477496633200971,9497
2702603,AL,Feira Grande,80.7569573283859,97.15851430891009,16.40155698052419,19459
2702702,AL,Feliz Deserto,89.3711967545639,97.97297297297297,8.601776218409071,3975
2702801,AL,Flexeiras,87.57585435962952,96.77317304650427,9.197318686874752,8538
2702900,AL,Girau do Ponciano,90.78282183526528,97.04090513489992,6.2580832996346345,28498
2703007,AL,Ibateguara,72.10456250756384,98.15111549365216,26.046552986088315,11536
2703106,AL,Igaci,83.0747431810131,95.69127797531897,12.616534794305863,20523
2703205,AL,Igreja Nova,84.26073131955485,97.9666562792147,13.705924959659853,17729
2703304,AL,Inhapi,82.23344911061993,90.06042296072508,7.826973850105148,14561
2703403,AL,Jacaré dos Homens,83.14031780231619,97.16981132075472,14.029493518438528,5258
2703502,AL,Jacuípe,85.31516970676518,98.34780766786697,13.032637961101798,6044
2703601,AL,Japaratinga,93.87755102040816,98.24586423274387,4.368313212335707,9188
2703700,AL,Jaramataia,86.654620547238,99.09242894673991,12.437808399501918,5223
2703809,AL,Joaquim Gomes,84.15351573442898,95.51467367498906,11.361157940560076,15470
2703908,AL,Jundiá,87.77360850531582,97.56564551422319,9.792037008907371,4851
2704005,AL,Junqueiro,89.94894033713366,97.56343133306484,7.6144909959311775,20177
2704104,AL,Lagoa da Canoa,81.82360460161908,97.17252396166134,15.34891936004226,17008
2704203,AL,Limoeiro de Anadia,93.36911235082268,97.70907907582168,4.339966724999002,20414
2704302,AL,Maceió,65.32792933544242,88.45471330609554,23.126783970653122,643926
2704401,AL,Major Isidoro,43.76172188979191,98.71044370917112,54.94872181937921,15675
2704500,AL,Maragogi,82.60182140146723,96.18846538504279,13.586643983575556,26018
2704609,AL,Maravilha,91.4519706534721,98.21766561514195,6.765694961669851,8963
2704708,AL,Marechal Deodoro,84.65562892780808,94.84608668713211,10.190457759324033,47094
2704807,AL,Maribondo,88.86943471735869,97.79100377704017,8.921569059681488,11142
2704906,AL,Mar Vermelho,88.28983516483517,96.8232044198895,8.533369255054339,3653
2705002,AL,Mata Grande,87.83981767865863,97.59452812788196,9.754710449223325,18418
2705101,AL,Matriz de Camaragibe,84.2290613994794,98.16935307417403,13.94029167469462,18656
2705200,AL,Messias,88.35017489312087,96.90373428410584,8.553559390984972,14073
2705309,AL,Minador do Negrão,91.56174658451647,98.38196286472149,6.820216280205017,5111
2705408,AL,Monteirópolis,78.57469164001827,99.11046752172115,20.535775881702875,6417
2705507,AL,Murici,79.59393648398381,94.74667912689407,15.152742642910255,20644
2705606,AL,Novo Lino,45.32857730827274,98.12718943680949,52.798612128536746,10016
2705705,AL,Olho d'Água das Flores,88.92133287530058,97.15433545363241,8.233002578331835,16238
2705804,AL,Olho d'Água do Casado,23.96635045641668,54.11279745175192,30.146446995335243,7631
2705903,AL,Olho d'Água Grande,83.0047209108581,98.64336029219932,15.638639381341221,5133
2706000,AL,Olivença,67.38628649015614,99.08803501945525,31.70174852929911,10337
2706109,AL,Ouro Branco,70.75204975968335,95.57891899177787,24.826869232094523,10029
2706208,AL,Palestina,36.35014836795252,97.39276703111858,61.04261866316606,4991
2706307,AL,Palmeira dos Índios,83.04663991975927,95.34014023865174,12.29350031889247,54543
2706406,AL,Pão de Açúcar,57.04875778621035,97.31256791017748,40.263810123967126,18843
2706505,AL,Passo de Camaragibe,86.48260629486471,97.92281737663433,11.440211081769618,12511
2706604,AL,Paulo Jacinto,90.14993752603083,97.8585086042065,7.70857107817568,6620
2706703,AL,Penedo,74.25826600583882,92.24070173232307,17.982435726484255,44723
2706802,AL,Piaçabuçu,71.64044493436216,97.76746023905957,26.12701530469741,13925
2706901,AL,Pilar,79.78749569580403,97.45057697468468,17.663081278880654,29494
2707008,AL,Pindoba,81.99907450254511,98.31168831168831,16.3126138091432,2895
2707107,AL,Piranhas,86.31023200475907,93.4635507499128,7.153318745153726,20101
2707206,AL,Poço das Trincheiras,93.44862408482706,98.16350710900474,4.714883024177681,11257
2707305,AL,Porto Calvo,77.48392177451109,97.45584784488082,19.971926070369733,21598
2707404,AL,Porto de Pedras,80.57057617005407,95.85210501786547,15.281528847811401,8457
2707503,AL,Porto Real do Colégio,87.48866727107888,97.60772771866274,10.119060447583863,17560
2707602,AL,Quebrangulo,78.08200881527982,98.27846192510681,20.19645310982699,10425
2707701,AL,Rio Largo,79.26132168997448,95.60812083317639,16.346799143201906,68059
2707800,AL,Roteiro,85.64273789649415,98.52077952571027,12.878041629216114,5776
2707909,AL,Santa Luzia do Norte,80.59975520195839,95.3781512605042,14.778396058545809,6471
2708006,AL,Santana do Ipanema,93.43782993584017,97.325883057274,3.8880531214338276,33109
2708105,AL,Santana do Mundaú,77.15078630897317,95.33640279221744,18.185616483244274,9415
2708204,AL,São Brás,90.54134443783462,98.36363636363636,7.822291925801736,7350
2708303,AL,São José da Laje,84.63952365626005,97.27250784455708,12.63298418829703,17824
2708402,AL,São José da Tapera,78.60361831363072,97.52989963339142,18.926281319760704,23495
2708501,AL,São Luís do Quitunde,76.74870060742688,97.51297190910718,20.764271301680296,23573
2708600,AL,São Miguel dos Campos,84.10576923076923,93.75538741499857,9.64961818422934,43051
2708709,AL,São Miguel dos Milagres,81.17106773823191,96.19708994708995,15.026022208858038,8255
2708808,AL,São Sebastião,87.72501468938626,97.10217088229436,9.377156192908103,27082
2708907,AL,Satuba,86.25683613530484,94.04178909565785,7.78495296035301,15433
2709004,AL,Tanque d'Arca,91.32874266768681,97.53373662168451,6.2049939539977,6000
2709103,AL,Taquarana,86.69805768098881,96.96204735376044,10.263989672771629,15528
2709202,AL,Traipu,38.83267341252383,97.8299664501392,58.997293037615364,19176
2709301,AL,União dos Palmares,64.49364248317129,94.83410570608137,30.34046322291009,48372
2709400,AL,Viçosa,79.53624343897415,96.54686398872445,17.0106205497503,20901
2702355,AL,Craíbas,86.14369501466275,96.34786857212654,10.20417355746379,21887
2708956,AL,Senador Rui Palmeira,88.61524848842353,98.68586607018034,10.070617581756807,9681
2709152,AL,Teotônio Vilela,89.94670187276905,95.17195767195767,5.225255799188616,31105
1300144,AM,Apuí,91.55987055016182,95.3819700319332,3.8220994817713745,11539
1303205,AM,Novo Airão,92.20983901834965,96.21101109482939,4.001172076479733,13332
1301654,AM,Guajará,96.52195671212311,98.60564488923873,2.0836881771156186,12171
1300102,AM,Anori,93.08997680380907,96.9019333799208,3.81195657611174,11109
1301159,AM,Careiro da Várzea,83.0765693262819,96.57579062159215,13.49922129531025,18436
1300201,AM,Atalaia do Norte,90.42200094831674,96.83920545164564,6.417204503328904,9507
1300300,AM,Autazes,94.08477579392122,97.51118687406776,3.4264110801465364,32340
1300409,AM,Barcelos,93.7491877842755,96.86903398243605,3.1198461981605448,12648
1300508,AM,Barreirinha,84.97200839748075,97.00809961981376,12.036091222333013,22727
1300607,AM,Benjamin Constant,88.6623308138513,98.21853332658536,9.55620251273406,24218
1300706,AM,Boca do Acre,91.0729773262297,94.49307938010173,3.4201020538720286,23223
1300805,AM,Borba,90.87021087021087,97.18649517684888,6.3162843066380105,24461
1300904,AM,Canutama,97.01278184690507,97.42135121196493,0.4085693650598614,10740
1301001,AM,Carauari,93.87813009860254,98.33117635038485,4.453046251782311,20927
1301100,AM,Careiro,84.64801650997478,96.04595107441408,11.397934564439296,27451
1301209,AM,Coari,90.59243237169584,97.3853223335931,6.792889961897259,51475
1301308,AM,Codajás,93.3316620706944,97.84222737819026,4.5105653074958525,17092
1301407,AM,Eirunepé,95.95172413793104,98.20284109679551,2.251116958864472,22838
1301506,AM,Envira,95.56084026952041,97.80119698152485,2.2403567120044414,10870
1301605,AM,Fonte Boa,96.4134664185417,98.80146314888319,2.3879967303414844,17120
1301704,AM,Humaitá,91.66454891994917,96.31325939664636,4.64871047669719,34906
1303601,AM,Santa Isabel do Rio Negro,86.42279282448118,97.08243284964495,10.659640025163768,9378
1301803,AM,Ipixuna,96.8879132231405,98.67670268301566,1.7887894598751615,11575
1301902,AM,Itacoatiara,80.95610999817883,97.26953467954345,16.313424681364623,76067
1302009,AM,Itapiranga,89.57178065311152,97.01001234398574,7.438231690874218,9689
1302108,AM,Japurá,93.27681964337913,99.0163085684701,5.739488925090967,5709
1302207,AM,Juruá,93.39027107315262,97.4400871459695,4.049816072816881,7619
1302306,AM,Jutaí,88.00411522633745,93.41154387611451,5.40742864977706,15903
1302405,AM,Lábrea,92.84311699049194,96.16030499704988,3.3171880065579415,29346
1302504,AM,Manacapuru,86.84451810840356,96.34625563379151,9.501737525387952,81115
1302603,AM,Manaus,62.13881708823905,90.96477429810763,28.825957209868577,1474745
1302702,AM,Manicoré,94.45103250868942,97.84063260340632,3.389600094716897,33788
1302801,AM,Maraã,94.71994864387739,98.13232952077603,3.412380876898638,9995
1302900,AM,Maués,85.11212397447585,97.76637168141593,12.654247706940083,38063
1303007,AM,Nhamundá,80.57891475612995,98.60604049120478,18.027125735074833,15833
1303106,AM,Nova Olinda do Norte,94.5124467060927,98.49112809221603,3.978681386123327,19945
1303304,AM,Novo Aripuanã,95.45117951972918,98.04711717296962,2.5959376532404406,13280
1303403,AM,Parintins,73.89902155494416,95.8867384039076,21.987716848963444,73019
1303502,AM,Pauini,94.8982221077042,97.4459028024122,2.5476806947080064,11565
1303700,AM,Santo Antônio do Içá,91.8135526831179,97.459584295612,5.646031612494099,18469
1303908,AM,São Paulo de Olivença,91.24402549123738,95.07676618888448,3.832740697647097,21421
1304005,AM,Silves,89.91376655374192,96.48549243972211,6.571725885980186,9656
1304104,AM,Tapauá,95.12070897422838,97.20523195633763,2.084522982109249,14621
1304203,AM,Tefé,86.77069401099718,95.50930713547052,8.738613124473346,49826
1303809,AM,São Gabriel da Cachoeira,88.19639002434208,97.65029635901779,9.453906334675708,32417
1304302,AM,Urucará,87.89497107254117,97.03056768558952,9.13559661304835,12646
1304401,AM,Urucurituba,81.16651371469358,95.58753905880126,14.421025344107676,14200
1300029,AM,Alvarães,94.94194735027014,98.07256235827664,3.130615008006501,12444
1300060,AM,Amaturá,86.20689655172414,96.18623867789607,9.979342126171929,7522
1300086,AM,Anamã,93.06190911863374,97.82480023675643,4.762891118122695,9177
1300631,AM,Beruri,96.85839028094153,97.40818836759796,0.5497980866564234,15139
1300680,AM,Boa Vista do Ramos,91.29239230064161,98.02008608321377,6.72769378257216,13666
1300839,AM,Caapiranga,96.08496459808413,98.57533458051518,2.490369982431048,9486
1301852,AM,Iranduba,81.07439949219925,92.34892652869497,11.274527036495726,45948
1301951,AM,Itamarati,91.28324597165599,97.573083287369,6.289837315713015,7342
1302553,AM,Manaquiri,90.04631731904459,97.29872415310163,7.252406834057041,15303
1303536,AM,Presidente Figueiredo,80.26192186550257,93.54541263254956,13.283490767046985,28339
1303569,AM,Rio Preto da Eva,86.54033718824022,95.90798888297557,9.367651694735358,23243
1303957,AM,São Sebastião do Uatumã,91.97870452528838,97.88720097782434,5.908496452535957,7748
1304062,AM,Tabatinga,91.38251028057789,97.18038985592281,5.797879575344922,40225
1304260,AM,Uarini,92.63110979052146,98.63316844571726,6.002058655195796,9798
1304237,AM,Tonantins,97.81840341255332,98.52211434735706,0.7037109348037376,11653
1600550,AP,Pracuúba,75.81632653061224,71.90666257291987,-3.9096639576923735,4022
1600105,AP,Amapá,58.55657736905238,65.4164637116415,6.859886342589121,7523
1600535,AP,Porto Grande,68.4406912804399,57.17250539598207,-11.268185884457836,15533
1600204,AP,Calçoene,64.08486277151036,64.6296568988367,0.544794127326341,8903
1600253,AP,Itaubal,65.88475267720551,57.113231024471176,-8.771521652734336,8881
1600303,AP,Macapá,63.23161772534657,68.71143613940522,5.479818414058656,321005
1600212,AP,Cutias,67.3989016475287,52.17901113933946,-15.219890508189245,6299
1600402,AP,Mazagão,74.18614745457927,56.41837501341634,-17.767772441162933,22212
1600154,AP,Pedra Branca do Amapari,74.2552610002733,49.755957507895495,-24.4993034923778,9907
1600501,AP,Oiapoque,68.76944837340876,66.67061541195285,-2.098832961455912,24204
1600055,AP,Serra do Navio,66.02343211578221,44.5855614973262,-21.43787061845601,4111
1600238,AP,Ferreira Gomes,77.80701754385964,48.73881204231082,-29.068205501548825,7861
1600808,AP,Vitória do Jari,47.662302965535666,54.95981918633852,7.297516220802855,10404
1600279,AP,Laranjal do Jari,57.21461636954594,74.94907362498788,17.73445725544193,28159
1600600,AP,Santana,51.62397037708758,61.38457191296977,9.760601535882188,85898
1600709,AP,Tartarugalzinho,65.67043618739903,64.92479964869909,-0.7456365386999408,11437
2919553,BA,Luís Eduardo Magalhães,93.61358124494745,90.4791972422267,-3.1343840027207506,81121
2910727,BA,Eunápolis,83.55824933864649,79.92843755324587,-3.6298117854006193,83368
2917334,BA,Iuiu,61.70404937528225,68.28971393791844,6.5856645626361825,8643
2917359,BA,Jaborandi,94.30707303047728,94.3561872909699,0.04911426049261536,10158
2918555,BA,Jussari,59.69300739056282,44.35919295254334,-15.33381443801948,4647
2901155,BA,América Dourada,66.43066653180945,78.77382792375064,12.343161391941194,12502
2902252,BA,Arataca,82.6592082616179,61.636935991605455,-21.02227227001245,6559
2903235,BA,Barro Alto,79.15551229009492,80.87074216106474,1.7152298709698215,11523
2903276,BA,Barrocas,82.73334570421228,84.57290767903365,1.8395619748213647,14895
2904753,BA,Buritirama,76.36633418514549,89.29218106995884,12.925846884813353,15728
2906857,BA,Capela do Alto Alegre,59.88708539167255,78.9670359001735,19.07995050850095,9756
2906873,BA,Capim Grosso,85.8436120855494,76.1497498789737,-9.693862206575702,24871
2906824,BA,Canudos,87.2483886960833,68.54355804519992,-18.70483065088338,13077
2910057,BA,Dias d'Ávila,64.6793613748475,62.915432708127675,-1.7639286667198277,53132
2910750,BA,Fátima,91.52471259545187,89.1587528363728,-2.3659597590790753,15318
2910859,BA,Filadélfia,84.1332630098453,73.85782475281282,-10.275438257032476,15281
2911253,BA,Gavião,54.48464578899362,77.99028536733455,23.505639578340933,4375
2911659,BA,Guajeru,63.10442909386428,53.484848484848484,-9.619580609015799,6431
2911857,BA,Heliópolis,84.80328577604843,87.52605252188413,2.722766745835699,12729
2918357,BA,João Dourado,75.08837596173841,84.71304573131235,9.624669769573941,19862
2900108,BA,Abaíra,76.29744384198295,74.75308641975309,-1.544357422229865,6761
2900207,BA,Abaré,57.22400592738948,30.746520455504008,-26.47748547188547,14734
2900306,BA,Acajutiba,76.4699256589322,34.51782322047156,-41.952102438460635,12017
2900355,BA,Adustina,80.66298342541437,84.04487379245872,3.381890367044349,12402
2900405,BA,Água Fria,73.25533236694967,65.33224122043616,-7.923091146513514,13416
2900504,BA,Érico Cardoso,92.52496878901373,84.14334806087383,-8.381620728139893,8440
2900603,BA,Aiquara,75.05668934240363,87.31175905158604,12.255069709182408,4318
2900702,BA,Alagoinhas,52.69662083198647,51.19390644183308,-1.5027143901533933,114281
2900801,BA,Alcobaça,74.2247619047619,51.813433918468014,-22.41132798629389,19170
2900900,BA,Almadina,37.462646020103236,44.617868675995695,7.155222655892459,4923
2901007,BA,Amargosa,50.98971472928391,52.75579150579151,1.766076776507596,28383
2901106,BA,Amélia Rodrigues,70.69216379131157,57.405969938607015,-13.286193852704557,19625
2901205,BA,Anagé,65.50313607853832,55.56417489421721,-9.938961184321109,18703
2901304,BA,Andaraí,40.17402945113788,41.66548647500354,1.4914570238656566,9793
2901353,BA,Andorinha,54.34057604850935,68.40571536003009,14.065139311520738,13506
2901403,BA,Angical,82.1143882024711,72.15024605804962,-9.964142144421487,12831
2901502,BA,Anguera,59.91537376586742,49.191357226031826,-10.724016539835596,10304
2901601,BA,Antas,93.8651040420952,75.24728294052998,-18.617821101565212,10593
2901700,BA,Antônio Cardoso,43.08738076965245,35.30493079584775,-7.782449973804695,12130
2901809,BA,Antônio Gonçalves,75.81559197426864,72.37041527735677,-3.4451766969118722,8672
2901908,BA,Aporá,55.543802288681604,90.6023869937036,35.058584705022,14195
2902054,BA,Araçás,61.44767899291896,67.67772511848341,6.230046125564449,10800
2902005,BA,Aracatu,84.73899590777523,38.5212830340932,-46.21771287368203,12568
2901957,BA,Apuarema,81.61780440830302,91.71535893155259,10.09755452324957,6358
2902104,BA,Araci,59.152484683458134,85.15942221926379,26.006937535805655,40272
2902203,BA,Aramari,62.658763759525826,44.776544264161686,-17.88221949536414,9785
2902302,BA,Aratuípe,48.5745786738069,51.71972484402496,3.1451461702180623,8424
2902401,BA,Aurelino Leal,80.13208585580628,86.02088167053364,5.888795814727359,9612
2902500,BA,Baianópolis,94.58618543870567,92.00582908296035,-2.580356355745323,12451
2902609,BA,Baixa Grande,75.68039720485473,64.10071293204584,-11.57968427280889,15480
2902658,BA,Banzaê,93.08805790108565,91.86170844719021,-1.2263494538954376,10902
2902708,BA,Barra,76.75322381204734,83.03444853983555,6.281224727788214,37116
2902807,BA,Barra da Estiva,89.33450859409432,89.8580739477371,0.5235653536427805,21065
2902906,BA,Barra do Choça,79.78515625,60.23620194796029,-19.54895430203971,28911
2903003,BA,Barra do Mendes,71.04013810962451,72.49642739364626,1.45628928402175,12114
2903102,BA,Barra do Rocha,32.31170524942941,42.654181465934776,10.342476216505368,4427
2903201,BA,Barreiras,89.52557909079648,87.69524679194502,-1.8303322988514594,108785
2903300,BA,Barro Preto,72.38465052535405,81.72144715062663,9.336796625272584,5763
2903409,BA,Belmonte,72.53540182195364,76.71907558249669,4.183673760543044,14778
2903508,BA,Belo Campo,84.31045969353764,88.37150127226464,4.061041578727,15726
2903607,BA,Biritinga,58.425558571726874,43.229966226588886,-15.195592345137989,13259
2903706,BA,Boa Nova,77.92105853330344,75.98920863309353,-1.9318499002099117,13066
2903805,BA,Boa Vista do Tupim,66.15783143676566,74.63193657984145,8.47410514307579,14089
2903904,BA,Bom Jesus da Lapa,79.06906328277684,71.72514461804617,-7.343918664730666,48942
2903953,BA,Bom Jesus da Serra,74.48368751870697,77.59305575989407,3.1093682411870986,9372
2904001,BA,Boninal,43.25911426474187,40.02486016159105,-3.2342541031508176,10944
2904050,BA,Bonito,79.92257231960426,91.53427870775135,11.611706388147098,12270
2904100,BA,Boquira,77.1553823672674,50.34647747896387,-26.808904888303537,16616
2904209,BA,Botuporã,80.64330015866148,49.581287900664165,-31.06201225799731,9465
2904308,BA,Brejões,59.654787035887246,78.4522933529556,18.79750631706836,10919
2904407,BA,Brejolândia,86.6369342583416,82.73393273393273,-3.9030015244088645,8414
2904506,BA,Brotas de Macaúbas,56.061872909699,58.19375586225379,2.1318829525547898,9505
2904605,BA,Brumado,60.049921515143716,52.91942390035033,-7.130497614793384,53459
2904704,BA,Buerarema,76.45175064047822,92.85261824324324,16.400867602765018,13021
2904803,BA,Caatiba,95.15311742674598,85.80926180651078,-9.343855620235203,5851
2904852,BA,Cabaceiras do Paraguaçu,66.06618366947328,79.86449088653498,13.798307217061705,14433
2904902,BA,Cachoeira,68.85169205177523,48.20747913876584,-20.64421291300939,26040
2905008,BA,Caculé,68.16929989853602,69.08753656274524,0.9182366642092177,18021
2905107,BA,Caém,39.688269073010666,24.786048764734378,-14.902220308276288,8149
2905156,BA,Caetanos,32.29637278946689,48.76181361406867,16.465440824601778,11192
2905206,BA,Caetité,53.87079717582657,50.727954733295185,-3.142842442531382,42181
2905305,BA,Cafarnaum,67.03183520599251,79.92452135493373,12.892686148941223,14513
2905404,BA,Cairu,83.63394721853047,81.91839274602187,-1.7155544725086003,15480
2905503,BA,Caldeirão Grande,76.94550063371356,28.07756091338181,-48.867939720331755,10361
2905602,BA,Camacan,74.07794534866358,71.94724592707526,-2.130699421588318,17301
2905701,BA,Camaçari,57.72028877548889,52.0723451416058,-5.647943633883088,210507
2905800,BA,Camamu,60.091997339835956,71.24456148385619,11.152564144020232,24576
2905909,BA,Campo Alegre de Lourdes,81.9053424961206,43.20842465387288,-38.696917842247714,23548
2906006,BA,Campo Formoso,92.21371632454893,94.49921354039743,2.2854972158485083,57975
2906105,BA,Canápolis,75.07396449704142,67.8974358974359,-7.176528599605518,8772
2906204,BA,Canarana,79.14679558371986,62.85382681023922,-16.292968773480645,20020
2906303,BA,Canavieiras,72.68362389254072,63.92921172864496,-8.754412163895765,25424
2906402,BA,Candeal,55.54458703520895,77.83041986603496,22.28583283082601,7799
2906501,BA,Candeias,69.66949400409476,63.180624579526466,-6.488869424568293,64825
2906600,BA,Candiba,74.21875,87.01404200998027,12.795292009980272,11498
2906709,BA,Cândido Sales,74.28964252978919,76.79782903663501,2.508186506845817,20876
2906808,BA,Cansanção,79.87912475736721,67.44175706918016,-12.437367688187052,28890
2906899,BA,Caraíbas,69.99692118226601,74.5685740236149,4.571652841348893,8699
2906907,BA,Caravelas,82.90177800794062,60.1636747624076,-22.73810324553302,16260
2907004,BA,Cardeal da Silva,62.091503267973856,69.19201343534242,7.1005101673685616,8041
2907103,BA,Carinhanha,60.45728876508821,68.16909454441588,7.711805779327676,22328
2907202,BA,Casa Nova,92.7415511019315,70.03469908311695,-22.70685201881456,57196
2907301,BA,Castro Alves,79.35888336881949,77.8842404322879,-1.4746429365315947,22931
2907400,BA,Catolândia,93.41279799247177,82.15625,-11.256547992471766,4177
2907509,BA,Catu,38.414594559501396,65.76835833022989,27.35376377072849,41268
2907558,BA,Caturama,85.19631786586511,79.53874538745387,-5.65757247841124,7298
2907608,BA,Central,57.55725190839695,59.96978851963746,2.4125366112405118,13497
2907707,BA,Chorrochó,84.41837172699957,44.25633132782986,-40.162040399169705,9080
2907806,BA,Cícero Dantas,80.46709129511677,69.43068055415108,-11.036410740965692,26259
2907905,BA,Cipó,78.64187094956326,86.73272535952297,8.090854409959718,15276
2908002,BA,Coaraci,66.57613308436598,79.10055229245201,12.52441920808603,15399
2908101,BA,Cocos,84.15094339622641,96.90713169367443,12.75618829744802,16367
2908200,BA,Conceição da Feira,80.4104337367511,75.19135169257477,-5.219082044176332,17483
2908309,BA,Conceição do Almeida,77.10106382978724,79.10216718266254,2.0011033528753046,14213
2908408,BA,Conceição do Coité,59.5097944610634,64.22558524473871,4.71579078367531,54575
2908507,BA,Conceição do Jacuípe,74.3558029272315,68.86961722488039,-5.486185702351108,29454
2908606,BA,Conde,69.91137690035305,76.52881654201497,6.6174396416619174,19013
2908705,BA,Condeúba,63.775557837736905,72.54621688583953,8.770659048102623,15144
2908804,BA,Contendas do Sincorá,92.9745889387145,71.42441860465117,-21.55017033406334,4520
2908903,BA,Coração de Maria,79.98489425981873,86.27450980392157,6.289615544102844,22538
2909000,BA,Cordeiros,48.19602546787575,78.9990375360924,30.803012068216653,7148
2909109,BA,Coribe,82.86591173669171,88.69479235332894,5.828880616637221,12810
2909208,BA,Coronel João Sá,85.12244522187443,74.70478558110628,-10.41765964076815,15063
2909307,BA,Correntina,57.45029007784995,75.57185177990384,18.12156170205389,28078
2909406,BA,Cotegipe,91.85943060498221,72.08393793950218,-19.77549266548003,11726
2909505,BA,Cravolândia,89.78779840848806,78.91619780870595,-10.871600599782113,4632
2909604,BA,Crisópolis,45.0433188937021,45.91061361222322,0.8672947185211228,16672
2909703,BA,Cristópolis,94.41640378548895,73.3876083738634,-21.028795411625552,12379
2909802,BA,Cruz das Almas,47.25605657282676,59.216205481265725,11.960148908438967,49209
2909901,BA,Curaçá,84.68130175235895,68.10801112406925,-16.573290628289698,27546
2910008,BA,Dário Meira,80.4736667770785,46.70916334661354,-33.76450343046496,8515
2910107,BA,Dom Basílio,58.250687059385825,58.41007110385826,0.15938404447243215,10634
2910206,BA,Dom Macedo Costa,48.80952380952381,61.926360725720386,13.116836916196576,4864
2910305,BA,Elísio Medrado,84.7093129214507,82.36440978376463,-2.3449031376860745,7650
2910404,BA,Encruzilhada,86.22157881290981,59.083311339843405,-27.138267473066406,15576
2910503,BA,Entre Rios,64.3941826856907,52.24045819897002,-12.153724486720677,31160
2910602,BA,Esplanada,70.2745345534869,50.54042818540844,-19.734106368078464,26984
2910701,BA,Euclides da Cunha,56.84252280840936,64.28085106382979,7.438328255420423,45601
2910776,BA,Feira da Mata,80.1963190184049,92.49256689791873,12.296247879513828,5181
2910800,BA,Feira de Santana,55.124647761396496,57.97040010972158,2.8457523483250853,435075
2910909,BA,Firmino Alves,91.62627894453419,94.87646293888166,3.2501839943474664,5527
2911006,BA,Floresta Azul,91.16404798107789,95.17866301931954,4.014615038241658,7825
2911105,BA,Formosa do Rio Preto,95.09569377990431,92.05285452361383,-3.0428392562904776,20785
2911204,BA,Gandu,76.78320103586105,89.92468619246861,13.141485156607558,23508
2911303,BA,Gentio do Ouro,48.77564526803442,67.75991703396421,18.984271765929797,9718
2911402,BA,Glória,70.6041750301084,30.930591259640103,-39.67358377046829,13024
2911501,BA,Gongogi,72.35121430477716,63.073521282476506,-9.277693022300653,5380
2911600,BA,Governador Mangabeira,55.44525114831827,46.6966748947292,-8.748576253589071,19120
2911709,BA,Guanambi,90.31850107982956,82.40799241825935,-7.910508661570205,67489
2911808,BA,Guaratinga,59.6132165467002,52.388563310246845,-7.224653236453356,15720
2911907,BA,Iaçu,77.15245695086098,75.5114441968807,-1.6410127539802772,20513
2912004,BA,Ibiassucê,64.92714837942313,59.049874204528635,-5.877274174894495,8476
2912103,BA,Ibicaraí,85.51221603086155,76.27182420228777,-9.240391828573777,17862
2912202,BA,Ibicoara,83.78993435448578,53.85867237687366,-29.931261977612117,15956
2912301,BA,Ibicuí,91.30289159316736,87.30897803247373,-3.9939135606936276,11456
2912400,BA,Ibipeba,68.62489526114886,84.74043968224645,16.11554442109758,13655
2928406,BA,Santa Rita de Cássia,82.60688092540695,74.57627118644068,-8.030609738966277,22964
2912509,BA,Ibipitanga,71.56613756613757,81.06264213355385,9.496504567416281,13075
2912608,BA,Ibiquera,73.47740667976424,91.76888315041963,18.291476470655383,4187
2912707,BA,Ibirapitanga,87.71845592471672,80.98732488325551,-6.731131041461211,14359
2912806,BA,Ibirapuã,72.39764052741153,76.92440158429481,4.526761056883288,7516
2912905,BA,Ibirataia,87.10975076519458,87.1951219512195,0.0853711860249291,16014
2913002,BA,Ibitiara,87.3893061315996,84.37711196215363,-3.012194169445962,12093
2913101,BA,Ibititá,79.77693947843201,79.73968950917359,-0.03724996925842561,15648
2913200,BA,Ibotirama,56.74729862475442,53.65406923499603,-3.093229389758392,21431
2913309,BA,Ichu,71.80964575330772,75.5439330543933,3.734287301085587,6009
2913408,BA,Igaporã,82.01063718844509,62.27000665041011,-19.740630538034978,12265
2913457,BA,Igrapiúna,72.34848484848484,74.06327452981485,1.7147896813300036,9050
2913507,BA,Iguaí,90.60206679646548,83.09448627641487,-7.50758052005061,17709
2913606,BA,Ilhéus,67.61386742578284,61.86212596422819,-5.751741461554651,129692
2913705,BA,Inhambupe,57.26276638520306,67.43226726420859,10.169500879005533,27722
2913804,BA,Ipecaetá,86.4742603817968,90.00268504430323,3.5284246625064384,15029
2913903,BA,Ipiaú,89.01871101871102,73.4189253447456,-15.599785673965414,32734
2914000,BA,Ipirá,74.34699878913683,76.3024958900015,1.9554971008646618,47871
2914109,BA,Ipupiara,94.39393939393939,92.97084096351598,-1.4230984304234084,8952
2914208,BA,Irajuba,90.12222499376404,79.90913679959617,-10.213088194167867,5507
2914307,BA,Iramaia,78.43107153822537,43.26369966696942,-35.167371871255945,8556
2914406,BA,Iraquara,88.73899063330072,81.21873262923846,-7.520258004062256,19044
2914505,BA,Irará,45.14777238641376,55.61388472251982,10.466112336106058,25618
2914604,BA,Irecê,61.50359487339794,88.5959379336445,27.09234306024657,51243
2914653,BA,Itabela,77.12104420637853,77.55061532354108,0.4295711171625527,22120
2914703,BA,Itaberaba,73.70585654748848,72.65171539907894,-1.054141148409542,48749
2914802,BA,Itabuna,65.75358370919484,72.53883554957397,6.785251840379132,141246
2914901,BA,Itacaré,61.598469237562554,67.71551724137932,6.1170480038167625,19616
2915007,BA,Itaeté,56.83417705889616,57.851851851851855,1.0176747929556953,11361
2915106,BA,Itagi,62.749737118822296,70.38100208768267,7.631264968860378,10639
2915205,BA,Itagibá,56.03382013835511,73.72187078709945,17.688050648744337,13131
2915304,BA,Itagimirim,43.102295520392246,62.440809298321135,19.33851377792889,6636
2915353,BA,Itaguaçu da Bahia,69.8085776593167,31.284652589359442,-38.52392506995726,10842
2915403,BA,Itaju do Colônia,83.34541938602852,91.18227681509103,7.836857429062505,6225
2915502,BA,Itajuípe,74.52422837038222,85.82894406822172,11.304715697839498,16067
2915601,BA,Itamaraju,72.04062841687288,69.45830469987152,-2.5823237170013584,45997
2915700,BA,Itamari,90.9500321681321,92.23693067085483,1.2868985027227353,6100
2915809,BA,Itambé,75.55725828921705,86.68563726224352,11.128378973026471,17830
2915908,BA,Itanagra,60.43101532992668,69.13661202185793,8.705596691931248,6668
2916005,BA,Itanhém,80.63998573847937,48.18245194701723,-32.45753379146214,14916
2916104,BA,Itaparica,81.34983450856238,84.0563767617738,2.706542253211424,20044
2916203,BA,Itapé,74.40364092906466,82.00065274151436,7.5970118124496935,8428
2916302,BA,Itapebi,66.5363698164514,83.00212916962384,16.465759353172444,8383
2916401,BA,Itapetinga,79.55734631634908,80.67265474789795,1.1153084315488684,48314
2916500,BA,Itapicuru,87.41335489833641,87.51044975756562,0.09709485922921601,23460
2916609,BA,Itapitanga,75.07131885012069,69.44750165089148,-5.623817199229208,5934
2916708,BA,Itaquara,91.76860874974082,43.99583766909469,-47.77277108064613,6754
2916807,BA,Itarantim,90.69476520400308,90.34079844206427,-0.35396676193880694,13931
2916856,BA,Itatim,86.1163423310316,84.9381714980742,-1.1781708329574059,12954
2916906,BA,Itiruçu,60.89867579229281,72.69224842040376,11.793572628110944,8937
2917003,BA,Itiúba,68.43621593538941,78.008356545961,9.572140610571594,27758
2917102,BA,Itororó,74.4903854089296,79.58340360937764,5.093018200448043,16355
2917201,BA,Ituaçu,87.50727287839747,52.061501460230204,-35.44577141816727,15599
2917300,BA,Ituberá,67.93271839392295,76.6218631031,8.689144709177043,17839
2917409,BA,Jacaraci,73.16394013226592,43.48313347528858,-29.68080665697734,11808
2917508,BA,Jacobina,45.313497216047885,74.55853934830412,29.245042132256238,61664
2917607,BA,Jaguaquara,83.19036688010954,60.0516693163752,-23.13869756373434,35855
2917706,BA,Jaguarari,51.53955471340597,50.50459744337295,-1.0349572700330185,23288
2917805,BA,Jaguaripe,80.58066759388039,88.9969604863222,8.416292892441803,15393
2917904,BA,Jandaíra,64.60951169079053,63.65658362989324,-0.9529280608972854,9071
2918001,BA,Jequié,84.70625689304272,84.62280554153345,-0.08345135150926808,118900
2918100,BA,Jeremoabo,87.9630456127823,81.83577428860448,-6.127271324177812,29069
2918209,BA,Jiquiriçá,44.56304985337243,75.10321100917432,30.540161155801883,11479
2918308,BA,Jitaúna,88.41169540537646,90.98480116593795,2.5731057605614893,12992
2918407,BA,Juazeiro,63.449666940488484,66.12818967249348,2.6785227320049927,165349
2918456,BA,Jucuruçu,88.02698145025295,52.32633279483037,-35.700648655422576,8448
2918506,BA,Jussara,64.5525962828128,70.09277787884301,5.540181596030209,14126
2918605,BA,Jussiape,94.93947211748363,86.13412228796844,-8.805349829515194,6499
2918704,BA,Lafaiete Coutinho,58.52099817407182,91.48311306901616,32.962114894944335,4471
2918753,BA,Lagoa Real,70.11452241715399,66.68216153399186,-3.432360883162133,10624
2918803,BA,Laje,61.65510984382088,80.65308761720013,18.997977773379247,20749
2918902,BA,Lajedão,77.21786360893181,51.44433625446284,-25.773527354468968,4258
2919009,BA,Lajedinho,80.20194734944104,93.71785451873622,13.515907169295176,3619
2919058,BA,Lajedo do Tabocal,83.47382431233363,75.12449071978271,-8.34933359255092,6287
2919108,BA,Lamarão,25.182608695652174,51.21027498765026,26.027666291998084,8523
2919207,BA,Lauro de Freitas,62.65719846778709,74.25523736305978,11.598038895272687,163386
2919306,BA,Lençóis,86.06352902045568,77.92415880363183,-8.139370216823849,7895
2919405,BA,Licínio de Almeida,88.17061862498345,83.24113653507669,-4.929482089906756,10121
2919504,BA,Livramento de Nossa Senhora,69.58327098608409,54.40998348320793,-15.173287502876157,34703
2919603,BA,Macajuba,89.36023214038967,84.41987363584147,-4.9403585045482,10033
2919702,BA,Macarani,87.61843238587424,83.42051398680918,-4.19791839906506,12841
2919801,BA,Macaúbas,80.25082236842105,76.7479674796748,-3.5028548887462563,32962
2919900,BA,Macururé,85.4665409990575,66.82072020026959,-18.64582079878791,6566
2920007,BA,Maiquinique,68.33245660178854,69.7639282341832,1.4314716323946612,7260
2920106,BA,Mairi,47.00193423597679,64.37230738402965,17.370373148052863,13825
2920205,BA,Malhada,85.58048780487805,88.68348982785602,3.103002022977975,13151
2920304,BA,Malhada de Pedras,37.542331881954524,69.15479274611398,31.61246086415946,7896
2920403,BA,Manoel Vitorino,85.6489945155393,85.39757611587349,-0.25141839966580903,13181
2920502,BA,Maracás,66.40614562458249,52.01234324732454,-14.393802377257956,21718
2920601,BA,Maragogipe,84.53382761816496,64.97208345577431,-19.561744162390653,34902
2920700,BA,Maraú,74.62494247583986,73.55547980228395,-1.069462673555904,16480
2920809,BA,Marcionílio Souza,79.65352660420717,70.3361783661383,-9.317348238068874,7767
2920908,BA,Mascote,36.192798737627314,42.30940044411547,6.116601706488154,9177
2921005,BA,Mata de São João,53.12751138494509,62.37106451830378,9.243553133358695,43097
2921054,BA,Matina,92.02684563758389,88.78361432353351,-3.2432313140503766,9556
2921104,BA,Medeiros Neto,74.89554317548746,63.802640312707425,-11.092902862780036,18662
2921203,BA,Miguel Calmon,78.54230377166157,69.33893109422897,-9.203372677432597,19993
2921302,BA,Milagres,83.63874345549738,67.23359422034919,-16.405149235148187,8823
2921401,BA,Mirangaba,77.87791888570258,91.07966779452477,13.201748908822182,12693
2921450,BA,Mirante,67.40947075208913,76.26825820637663,8.858787454287494,8301
2921500,BA,Monte Santo,73.21655952048201,67.63322161065157,-5.583337909830433,41807
2921609,BA,Morpará,44.646128226477934,49.98256016742239,5.336431940944458,7603
2921708,BA,Morro do Chapéu,37.43631135549614,72.37680708845018,34.94049573295404,26151
2921807,BA,Mortugaba,46.53707703383729,41.930512748669095,-4.606564285168197,9596
2921906,BA,Mucugê,80.35809727418493,70.15179272441769,-10.206304549767239,9863
2922003,BA,Mucuri,74.63163064833006,69.12286191072174,-5.508768737608321,27873
2922052,BA,Mulungu do Morro,88.71702637889689,92.38456237077877,3.667535991881877,10988
2922102,BA,Mundo Novo,80.26961878403714,92.1759047182776,11.906285934240458,14920
2922201,BA,Muniz Ferreira,79.587266037434,90.84421500151838,11.256948964084373,8206
2922250,BA,Muquém do São Francisco,54.72610096670247,75.29969700961665,20.573596042914183,9683
2922300,BA,Muritiba,66.84100418410041,59.75701402805611,-7.083990156044301,23640
2922409,BA,Mutuípe,56.914774004947155,53.54828874151993,-3.366485263427222,17909
2922508,BA,Nazaré,76.78645678645678,82.62719482231677,5.840738035859985,22054
2922607,BA,Nilo Peçanha,83.91608391608392,77.98202066282035,-5.934063253263574,10011
2922706,BA,Nova Canaã,78.79406706792777,80.24924891509959,1.455181847171815,12377
2922730,BA,Nova Fátima,75.91995930133966,82.37008256435163,6.4501232630119745,7957
2922805,BA,Nova Itarana,89.86571548468318,70.8325093929207,-19.03320609176248,6607
2922854,BA,Nova Redenção,54.296235679214405,79.12611306688756,24.82987738767315,6421
2922904,BA,Nova Soure,81.26270325203252,80.37503210891343,-0.8876711431190927,21207
2923001,BA,Nova Viçosa,81.42722752318237,84.3549250535332,2.9276975303508266,30988
2923050,BA,Novo Triunfo,96.37173774665818,41.724979658258746,-54.64675808839944,8227
2923100,BA,Olindina,91.82411542425284,92.92873815735274,1.1046227330999017,19691
2923209,BA,Oliveira dos Brejinhos,74.18435223313273,32.16974674880219,-42.01460548433054,16617
2923308,BA,Ouriçangas,78.69721643628101,49.45834889802017,-29.23886753826084,7224
2923357,BA,Ourolândia,61.6194257224633,57.92102099324887,-3.698404729214431,14353
2923407,BA,Palmas de Monte Alto,70.82820976491863,70.48873587306339,-0.3394738918552349,17255
2923506,BA,Palmeiras,77.31807031888798,68.2160173883966,-9.102052930491382,7857
2923605,BA,Paramirim,82.10905108347023,75.11935509117946,-6.989695992290777,16911
2923704,BA,Paratinga,85.45642363942804,70.2062938996737,-15.250129739754342,24226
2923803,BA,Paripiranga,80.05088469989592,87.28118004936005,7.230295349464129,23523
2923902,BA,Pau Brasil,54.771642808452626,39.067796610169495,-15.70384619828313,7547
2924009,BA,Paulo Afonso,66.16999884623625,48.26111120467521,-17.908887641561044,83608
2924108,BA,Pedrão,81.43003064351379,45.636064223960474,-35.793966419553314,6573
2924207,BA,Pedro Alexandre,88.14094136208257,55.257214554579676,-32.883726807502896,10163
2924306,BA,Piatã,87.75294595692807,88.47583643122677,0.7228904742986941,17469
2924405,BA,Pilão Arcado,75.75086505190312,57.87947997189037,-17.87138508001275,28531
2924504,BA,Pindaí,85.89985126425384,93.37579617834395,7.475944914090107,12749
2924603,BA,Pindobaçu,88.90168654874537,78.8992992677742,-10.002387280971178,16173
2924678,BA,Piraí do Norte,77.15493475464069,47.424351585014406,-29.730583169626286,7100
2924702,BA,Piripá,67.89724657744962,70.8848715509039,2.987624973454274,8923
2924801,BA,Piritiba,65.95725078312142,86.4961444423547,20.53889365923328,14292
2924900,BA,Planaltino,81.95445920303605,72.29571984435798,-9.658739358678076,6975
2925006,BA,Planalto,49.293983805126146,33.14270689541839,-16.151276909707754,20252
2925105,BA,Poções,46.112768386550286,47.56258234519104,1.4498139586407532,37373
2925204,BA,Pojuca,62.57697283311772,54.17049046599368,-8.406482367124042,29227
2925253,BA,Ponto Novo,76.23867360709465,68.52353538774128,-7.715138219353378,15183
2925303,BA,Porto Seguro,75.29148827315076,72.6977207151587,-2.5937675579920665,115459
2925402,BA,Potiraguá,90.94574164286914,91.93854652166408,0.9928048787949422,7860
2925501,BA,Prado,51.99720914006628,53.9856827601055,1.9884736200392155,25813
2925600,BA,Presidente Dutra,57.966712604685675,57.80477759472817,-0.16193500995750298,11979
2925709,BA,Presidente Jânio Quadros,77.20953959954088,54.60420032310178,-22.605339276439096,10674
2925758,BA,Presidente Tancredo Neves,74.38852448967081,86.10282932765439,11.714304837983576,21689
2925808,BA,Queimadas,50.35213585203712,70.53428259893528,20.182146746898155,20515
2925907,BA,Quijingue,84.4752451277085,88.77399417602662,4.298749048318115,21197
2926004,BA,Remanso,57.683234361018464,38.497939868641126,-19.185294492377338,32208
2926103,BA,Retirolândia,57.47806570087737,41.51223862848082,-15.96582707239655,12901
2926202,BA,Riachão das Neves,94.20700830463845,72.8257121180771,-21.381296186561343,19206
2926301,BA,Riachão do Jacuípe,69.17605763901719,68.00555298472929,-1.170504654287896,27707
2926400,BA,Riacho de Santana,64.98965041398344,67.70266315481416,2.7130127408307203,23736
2926509,BA,Ribeira do Amparo,71.99786324786325,79.91113932085052,7.913276072987273,12452
2926608,BA,Ribeira do Pombal,82.43966625796226,91.17069597069597,8.731029712733715,45062
2926657,BA,Ribeirão do Largo,37.964013616469444,55.67157095396298,17.707557337493533,8797
2926707,BA,Rio de Contas,87.11544645728374,74.23956366687644,-12.875882790407303,12117
2926806,BA,Rio do Antônio,34.942199976164936,38.36854460093897,3.426344624774032,10690
2926905,BA,Rio do Pires,80.35141329258977,70.9394797142472,-9.41193357834257,11178
2927002,BA,Rio Real,65.97962680883472,72.03984604935476,6.060219240520041,29270
2927101,BA,Rodelas,55.86620069895157,22.780569514237857,-33.08563118471372,7602
2927200,BA,Ruy Barbosa,82.92239051309146,84.11737033988004,1.1949798267885825,23977
2927309,BA,Salinas da Margarida,75.2851711026616,75.60607406091822,0.3209029582566245,16000
2927408,BA,Salvador,56.448906670903135,63.27616937584509,6.827262704941958,1952394
2927507,BA,Santa Bárbara,63.617952570719275,64.49560540469632,0.8776528339770451,20161
2927606,BA,Santa Brígida,46.63090848139457,44.0221694378464,-2.6087390435481694,11938
2927705,BA,Santa Cruz Cabrália,73.59150369123171,52.886439070649594,-20.705064620582114,25525
2927804,BA,Santa Cruz da Vitória,70.53254437869822,84.1534856473345,13.620941268636287,4922
2927903,BA,Santa Inês,26.526101003230742,30.209575736922815,3.683474733692073,8217
2928000,BA,Santaluz,76.30561339395742,79.13176247266125,2.8261490787038355,32100
2928109,BA,Santa Maria da Vitória,73.53436003623658,78.37650524127177,4.8421452050351945,30270
2928208,BA,Santana,78.80321335947878,46.28815395399223,-32.51505940548655,21022
2928307,BA,Santanópolis,70.45788083357793,82.80154528544857,12.343664451870637,9599
2928505,BA,Santa Terezinha,66.19506321493077,62.53182461103253,-3.663238603898236,9439
2928604,BA,Santo Amaro,81.96276730981101,60.882163554410816,-21.080603755400197,47773
2928703,BA,Santo Antônio de Jesus,71.80197804586459,77.67031547457167,5.868337428707079,77886
2928802,BA,Santo Estêvão,48.33496571988247,61.570702212450186,13.235736492567717,39754
2928901,BA,São Desidério,86.75612311068988,83.90417198032428,-2.851951130365606,28593
2929008,BA,São Félix,76.22857142857143,69.26720168398894,-6.961369744582484,10118
2928950,BA,São Domingos,53.587762182621034,83.58232181761593,29.9945596349949,7986
2929107,BA,São Felipe,73.69900478614298,80.76727457676378,7.068269790620803,17802
2929057,BA,São Félix do Coribe,85.05304763886,82.39422084623322,-2.658826792626769,12579
2929206,BA,São Francisco do Conde,66.63102483961178,53.40156276541532,-13.229462074196462,33764
2929305,BA,São Gonçalo dos Campos,65.6537796269459,65.42553191489361,-0.2282477120522941,30041
2929370,BA,São José do Jacuípe,74.03952569169961,74.52042079207921,0.48089510037959826,8830
2929404,BA,São Miguel das Matas,85.67015847434864,85.85635359116021,0.1861951168115752,9030
2929503,BA,São Sebastião do Passé,73.87480798771121,65.07240547063556,-8.802402517075649,34045
2929602,BA,Sapeaçu,86.6472153093624,87.94779938587513,1.3005840765127346,16207
2929701,BA,Sátiro Dias,88.14748021240356,91.15332949529841,3.005849282894843,14469
2929750,BA,Saubara,81.29087595153854,76.57713928794503,-4.713736663593508,13374
2929800,BA,Saúde,90.72778687304658,90.51939924906132,-0.20838762398526,9154
2929909,BA,Seabra,56.58041447191357,41.41392258809937,-15.166491883814203,35799
2930006,BA,Sebastião Laranjeiras,94.50370638220936,66.42143983184445,-28.082266550364906,7218
2930105,BA,Senhor do Bonfim,58.86063020274756,66.0767921505807,7.216161947833143,53706
2930204,BA,Sento Sé,84.83111385483728,61.23075628838227,-23.600357566455017,30121
2930154,BA,Serra do Ramalho,90.51211823678364,75.91525920140583,-14.596859035377804,26065
2930303,BA,Serra Dourada,47.86355475763016,43.8469122523976,-4.016642505232561,15281
2930402,BA,Serra Preta,63.079763095146525,65.0255081383108,1.9457450431642727,17262
2930501,BA,Serrinha,73.42585453610897,80.26158061477867,6.835726078669694,63689
2930600,BA,Serrolândia,49.563847831354494,50.14918248000955,0.5853346486550564,11033
2930709,BA,Simões Filho,77.57417238017118,83.0530878239218,5.478915443750623,90003
2930758,BA,Sítio do Mato,84.36784379896348,63.792325056433405,-20.575518742530072,11257
2930808,BA,Souto Soares,53.771065475642324,45.04166285138724,-8.729402624255087,14232
2930907,BA,Tabocas do Brejo Velho,80.19714394035132,79.53734465362372,-0.6597992867276048,11241
2931004,BA,Tanhaçu,59.21417894512065,47.051309346391314,-12.162869598729337,17984
2931103,BA,Tanquinho,45.27519893899204,42.81072298943948,-2.4644759495525577,7716
2931202,BA,Taperoá,79.96817373396986,88.49952516619183,8.531351432221967,14359
2931301,BA,Tapiramutá,90.64676616915423,60.271752680129644,-30.37501348902459,11283
2931400,BA,Teodoro Sampaio,49.43181818181818,64.55744599502962,15.125627813211445,6868
2931509,BA,Teofilândia,76.5879104019638,82.00663349917082,5.418723097207021,18692
2931608,BA,Teolândia,82.86604361370716,89.32880402951857,6.4627604158114025,11256
2931707,BA,Terra Nova,59.24634571543516,70.29469548133595,11.048349765900788,10480
2931806,BA,Tremedal,75.24673246198986,76.23314327088424,0.9864108088943766,15421
2931905,BA,Tucano,92.21415137168428,91.45490703620695,-0.7592443354773337,41771
2932002,BA,Uauá,81.99656610252637,77.66304670345974,-4.333519399066631,22077
2932101,BA,Ubaíra,75.24341715350097,60.82350931146421,-14.419907842036764,15896
2932200,BA,Ubaitaba,73.87490465293669,80.76465927099842,6.88975461806173,14270
2932309,BA,Ubatã,58.28603227601558,58.73452544704264,0.4484931710270601,11980
2932408,BA,Uibaí,42.572805363503036,73.86785449146251,31.295049127959473,12012
2932457,BA,Umburanas,68.41686555290374,78.11447811447812,9.697612561574374,11651
2932507,BA,Una,81.14207556847325,51.51592356687898,-29.626152001594264,16864
2932606,BA,Urandi,87.69384692346173,93.82033008252063,6.126483159058893,13766
2932705,BA,Uruçuca,65.60768378278537,71.04203085809836,5.434347075312985,18222
2932804,BA,Utinga,82.2712331672145,80.95188174861097,-1.3193514186035316,13057
2932903,BA,Valença,78.98251943478074,84.72905368478581,5.74653425000507,66654
2933000,BA,Valente,64.14909589398786,67.59182103711301,3.442725143125145,20173
2933109,BA,Várzea do Poço,37.63173021651657,70.81979053810039,33.18806032158382,7284
2933174,BA,Varzedo,89.41109041409945,90.46978058958138,1.058690175481928,9468
2933208,BA,Vera Cruz,65.63012766638653,72.85746168724891,7.227334020862386,36715
2933257,BA,Vereda,62.398091071783654,75.67400699732455,13.2759159255409,6713
2933307,BA,Vitória da Conquista,57.4049017497463,60.65251106496772,3.2476093152214176,265101
2933406,BA,Wagner,54.877574815390595,79.8076923076923,24.93011749230171,6804
2933505,BA,Wenceslau Guimarães,78.58726639214444,77.35594832369026,-1.2313180684541862,16675
2933604,BA,Xique-Xique,62.343932707178155,68.4652740306791,6.121341323500943,35383
2919157,BA,Lapão,77.1474788041053,77.10673364565108,-0.04074515845422866,22036
2919926,BA,Madre de Deus,55.660608036514795,51.053662358010186,-4.606945678504609,17110
2919959,BA,Maetinga,74.30525865754596,80.1815111861545,5.876252528608532,6722
2920452,BA,Mansidão,87.46700013894679,78.22919585318016,-9.237804285766629,10491
2922656,BA,Nordestina,84.52349698083486,74.59965508745996,-9.923841893374899,10580
2924058,BA,Pé de Serra,48.77680784567303,74.16501924877744,25.388211403104414,12191
2924652,BA,Pintadas,40.305010893246184,44.8253867006857,4.520375807439514,8931
2925931,BA,Quixabeira,72.2858451672011,68.29854332482354,-3.987301842377562,8784
2925956,BA,Rafael Jambeiro,47.74522104952395,62.756555401358554,15.011334351834606,19049
2928059,BA,Santa Luzia,91.99002649213028,88.96035901271503,-3.0296674794152523,9034
2929255,BA,São Gabriel,60.72042506641663,47.361319340329835,-13.359105726086796,16440
2930766,BA,Sítio do Quinto,88.65341582203502,90.40224032586558,1.748824503830562,9929
2931053,BA,Tanque Novo,84.05102225438755,75.26092340350256,-8.790098850884988,14688
2929354,BA,São José da Vitória,69.57920128651836,91.68443496801706,22.105233681498703,5258
2931350,BA,Teixeira de Freitas,74.26437952011698,62.2491097442538,-12.015269775863175,104779
2923035,BA,Novo Horizonte,96.66022633176925,93.59977641140301,-3.0604499203662385,9200
2933158,BA,Várzea Nova,55.1613317907186,38.74371242792295,-16.417619362795648,10874
2922755,BA,Nova Ibiá,85.37878787878788,92.66247379454927,7.283685915761396,5509
2933059,BA,Várzea da Roça,42.44622311155578,54.215353687649205,11.769130576093424,10927
2930774,BA,Sobradinho,74.92497499166389,57.25898555592879,-17.6659894357351,20417
2933455,BA,Wanderley,90.742057847321,93.4516523867809,2.7095945394599,10701
2307254,CE,Jijoca de Jericoacoara,57.28119727092656,39.1130498000727,-18.16814747085386,21575
2300101,CE,Abaiara,56.861702127659576,51.958090003435245,-4.903612124224331,7775
2307635,CE,Madalena,64.44404719342153,77.97608881298036,13.53204161955884,14764
2300200,CE,Acaraú,32.82240568031332,25.048569527611445,-7.773836152701872,49196
2310951,CE,Pires Ferreira,80.33257747543462,68.29135466303607,-12.041222812398544,8610
2300309,CE,Acopiara,67.16782495011354,72.8006376407293,5.632812690615765,38570
2304657,CE,Graça,82.4674614459149,71.46844781178348,-10.99901363413143,12853
2300408,CE,Aiuaba,66.58731103440067,76.2117566173943,9.62444558299363,11438
2313559,CE,Tururu,71.08336327703917,62.72102540344375,-8.362337873595422,15652
2300507,CE,Alcântaras,37.49654600718431,52.430960715674836,14.934414708490529,10265
2311264,CE,Quiterianópolis,90.00770416024653,79.34314835787089,-10.664555802375645,16987
2300606,CE,Altaneira,29.94537651190012,65.32553035844916,35.380153846549035,6948
2301950,CE,Barreira,70.88581170412637,52.68437674159391,-18.20143496253246,19585
2300705,CE,Alto Santo,59.21609076843734,62.79672437027055,3.580633601833213,12106
2300150,CE,Acarape,46.02851323828921,72.69325455440669,26.664741316117485,12546
2300804,CE,Antonina do Norte,26.434383475902358,32.8875968992248,6.453213423322445,7089
2303956,CE,Chorozinho,47.689612380465725,51.417222110011444,3.727609729545719,18301
2300903,CE,Apuiarés,38.48230042562027,46.04430379746835,7.5620033718480855,12696
2305233,CE,Horizonte,78.61122622830041,61.95149879360406,-16.65972743469635,62775
2301000,CE,Aquiraz,65.65769199578298,47.26303891490392,-18.39465308087906,69630
2304277,CE,Ereré,17.465437788018434,58.04767309875142,40.58223531073298,5603
2301109,CE,Aracati,41.86177270989362,35.43457288195054,-6.427199827943085,57415
2304285,CE,Eusébio,78.927623519804,50.61333557767164,-28.31428794213236,59875
2301208,CE,Aracoiaba,71.59386309190072,70.36448553132072,-1.2293775605799908,24942
2304954,CE,Guaiúba,65.50037622272386,81.03458229894348,15.534206076219618,20883
2301307,CE,Araripe,62.32850463708132,48.74427537302408,-13.584229264057242,17494
2311231,CE,Potiretama,66.68748698729961,44.9012494961709,-21.78623749112871,5831
2301406,CE,Aratuba,27.527431554277193,63.54926057071444,36.021829016437245,12289
2310852,CE,Pindoretama,72.31138043550642,44.29514517730911,-28.016235258197312,21261
2301505,CE,Arneiroz,83.04769001490313,80.87006079027356,-2.1776292246295696,6937
2309458,CE,Ocara,60.16314729722753,55.923507462686565,-4.2396398345409665,25191
2301604,CE,Assaré,35.41402172379743,39.43441807588461,4.020396352087175,18914
2313351,CE,Tejuçuoca,78.27368765866841,69.48790353354194,-8.785784125126469,15973
2301703,CE,Aurora,78.5123296560675,61.85799601857996,-16.654333637487532,20290
2305654,CE,Ipaporanga,28.49307913293288,80.26035799223934,51.76727885930646,10348
2301802,CE,Baixio,42.42005981136416,79.33288257831869,36.91282276695453,5463
2313252,CE,Tarrafas,58.22285919025439,64.4420329173449,6.219173727090514,7393
2301901,CE,Barbalha,44.14187887866467,55.37486749542257,11.2329886167579,53415
2301851,CE,Banabuiú,32.90178939556362,68.11310409649879,35.21131470093517,15673
2302008,CE,Barro,70.96534039209199,53.833551769331585,-17.131788622760403,17004
2302057,CE,Barroquinha,46.22145704965567,49.24274835287071,3.021291303215044,15206
2302107,CE,Baturité,33.25439302799223,34.49995547243744,1.2455624444452127,28552
2301257,CE,Ararendá,34.984003338433716,94.501981843754,59.51797850532028,9705
2302206,CE,Beberibe,68.3020391681809,56.79571017525504,-11.506328992925859,46979
2303659,CE,Catunda,37.644308052023966,81.13715979520344,43.49285174317948,9312
2302305,CE,Bela Cruz,25.3045439896874,29.653898850300827,4.349354860613428,21552
2303931,CE,Choró,88.9992360580596,28.134692069118298,-60.86454398894129,11642
2302404,CE,Boa Viagem,88.0246680510981,81.24109929400358,-6.783568757094528,42594
2306256,CE,Itaitinga,72.53256513026052,51.77394747946895,-20.75861765079157,38234
2302503,CE,Brejo Santo,35.8722087110325,61.17803111780311,25.30582240677061,36960
2304459,CE,Fortim,64.27187600904101,60.91798129773717,-3.3538947113038375,17196
2302602,CE,Camocim,31.82240052693033,42.588579336275096,10.766178809344765,50991
2302701,CE,Campos Sales,38.147483210319834,56.26326963906582,18.115786428745984,20554
2302800,CE,Canindé,58.23624737210932,59.49509466974942,1.2588472976401022,60219
2302909,CE,Capistrano,61.39163063871441,66.39926655970662,5.0076359209922074,16205
2303006,CE,Caridade,70.11164977229323,53.68840786100826,-16.423241911284975,17474
2303105,CE,Cariré,41.9012214551248,36.185049749128325,-5.716171705996473,15389
2303204,CE,Caririaçu,48.26080092616955,44.96065754523129,-3.300143380938259,24953
2303303,CE,Cariús,74.74309978768578,64.16298478154148,-10.580115006144297,15846
2303402,CE,Carnaubal,70.48493314707643,42.248312840898585,-28.236620306177848,14574
2303501,CE,Cascavel,60.49199004859448,61.95359218394677,1.4616021353522868,60464
2303600,CE,Catarina,90.97263533610946,93.15573189740682,2.1830965612973614,9892
2303709,CE,Caucaia,77.72749162708229,74.46354108539715,-3.2639505416851335,249377
2303808,CE,Cedro,35.71835984536409,77.36056356233439,41.6422037169703,20346
2303907,CE,Chaval,34.53704860677246,37.88935958136058,3.3523109745881214,10966
2304004,CE,Coreaú,42.09395973154363,36.63262634197434,-5.46133338956929,19699
2304103,CE,Crateús,69.3196807440363,66.49353887065276,-2.8261418733835484,60097
2304202,CE,Crato,50.61415401301518,52.41601831854492,1.8018643055297403,95929
2304301,CE,Farias Brito,33.59716568671792,60.9359323491472,27.33876666242928,17579
2304400,CE,Fortaleza,60.70122686991026,66.1252142456305,5.423987375720245,1791701
2304509,CE,Frecheirinha,29.141937430841967,30.032332563510394,0.8903951326684272,13849
2304608,CE,General Sampaio,53.644512092000674,64.24364538127712,10.599133289276445,8272
2304707,CE,Granja,25.815819879461635,29.602084922451056,3.7862650429894202,44060
2304806,CE,Granjeiro,72.80722055079842,67.43768693918246,-5.369533611615964,6328
2304905,CE,Groaíras,31.04796271237408,41.0893778864439,10.041415174069819,9842
2305001,CE,Guaraciaba do Norte,66.73447764356855,65.46483678374815,-1.2696408598203988,34683
2305100,CE,Guaramiranga,33.74259102455546,58.559809561594925,24.817218537039466,6646
2305209,CE,Hidrolândia,38.97291292830898,92.861562258314,53.888649330005016,16000
2305266,CE,Ibaretama,65.63082050779336,78.40079329306771,12.769972785274348,13532
2305308,CE,Ibiapina,59.173409140607916,63.91114102995624,4.737731889348325,20153
2305407,CE,Icó,68.88615216201423,52.058869578832,-16.827282583182225,51300
2305506,CE,Iguatu,78.89215353900629,54.09405207083892,-24.798101468167367,71277
2305605,CE,Independência,71.8418633159669,91.95102135561746,20.109158039650552,21207
2305704,CE,Ipaumirim,59.33147632311978,78.33400619028394,19.002529867164164,9458
2305803,CE,Ipu,47.33403582718651,65.38665054047925,18.05261471329274,33130
2305902,CE,Ipueiras,36.78576091213717,48.152004164497654,11.366243252360483,30943
2306009,CE,Iracema,13.043478260869565,55.37378114842904,42.330302887559476,12096
2306108,CE,Irauçuba,76.59634317862167,72.35616787855594,-4.240175300065729,19467
2306207,CE,Itaiçaba,36.44646924829157,25.491844627543298,-10.954624620748273,7211
2306306,CE,Itapajé,81.42568974492451,73.9584321913258,-7.467257553598714,39662
2306405,CE,Itapipoca,64.14853595011971,54.28704403979289,-9.86149191032682,103157
2306504,CE,Itapiúna,58.501533989988694,58.22579398809984,-0.27574000188885606,16385
2306603,CE,Itatira,82.67756038128002,84.48622771109414,1.8086673298141278,19602
2306702,CE,Jaguaretama,62.497894559541855,78.73699729707593,16.239102737534076,15538
2306801,CE,Jaguaribara,52.40657698056801,69.95923913043478,17.55266214986677,8991
2306900,CE,Jaguaribe,67.90239324260911,76.31602347501334,8.41363023240423,29385
2307007,CE,Jaguaruana,50.994872759772335,48.51826026322671,-2.476612496545627,28913
2307106,CE,Jardim,78.86003799873338,69.54268843766945,-9.31734956106392,22592
2307205,CE,Jati,61.63410301953819,45.9717449408171,-15.662358078721084,7090
2307304,CE,Juazeiro do Norte,63.76155589821572,47.34444964031081,-16.417106257904905,199690
2307403,CE,Jucás,61.85696361355082,69.87188224069783,8.014918627147011,20188
2307502,CE,Lavras da Mangabeira,78.57543780871127,67.46448087431693,-11.110956934394338,24131
2307601,CE,Limoeiro do Norte,54.92258334495745,56.92938843154835,2.0068050865908944,46938
2307700,CE,Maranguape,75.85105337308738,67.8263784634669,-8.024674909620487,83541
2307809,CE,Marco,63.32379896094799,18.000937548830667,-45.32286141211732,23434
2307908,CE,Martinópole,68.49844236760124,70.29360967184802,1.7951673042467746,10729
2308005,CE,Massapê,82.17885758593953,64.45821166443059,-17.720645921508932,31825
2308104,CE,Mauriti,41.19747425392769,55.472757521142384,14.275283267214697,36549
2308203,CE,Meruoca,77.20087930493038,67.27728499807174,-9.923594306858647,13277
2308302,CE,Milagres,76.99394245330642,68.3489627735152,-8.64497967979122,22635
2308377,CE,Miraíma,76.84108527131782,77.62863534675616,0.7875500754383324,12141
2308401,CE,Missão Velha,66.25315670550707,64.58918688803746,-1.6639698174696065,30981
2308500,CE,Mombaça,71.18399252304685,78.08384730788465,6.8998547848378,32517
2308609,CE,Monsenhor Tabosa,34.01709401709402,74.28571428571429,40.268620268620275,14946
2308708,CE,Morada Nova,49.390155715181024,63.05911165534899,13.668955940167969,56910
2308807,CE,Moraújo,20.949130505444497,33.90181702263309,12.952686517188592,8262
2308906,CE,Morrinhos,84.76553900344904,51.13496734139559,-33.63057166205345,19053
2309003,CE,Mucambo,73.04068285112515,61.93021062558944,-11.110472225535716,12736
2309102,CE,Mulungu,83.88977985129027,58.022922636103154,-25.866857215187117,9751
2309201,CE,Nova Olinda,25.570264765784113,63.61560607564777,38.04534130986366,12789
2309300,CE,Nova Russas,89.3805809879055,91.91961048378742,2.5390294958819197,24864
2309409,CE,Novo Oriente,85.94113784251687,94.75093109869646,8.809793256179589,23217
2309508,CE,Orós,82.42474165044182,64.73220945845144,-17.69253219199038,17681
2309607,CE,Pacajus,55.91008167231282,74.89263071784035,18.982549045527527,54458
2309706,CE,Pacatuba,67.57676673686272,74.14261906850277,6.565852331640045,57816
2309805,CE,Pacoti,37.524687294272546,48.75562929604172,11.230942001769172,10776
2309904,CE,Pacujá,68.02426343154247,72.504816955684,4.480553524141541,6659
2310001,CE,Palhano,38.41554559043348,47.45868025351062,9.04313466307714,9841
2310100,CE,Palmácia,67.57238918622204,75.33078880407125,7.758399617849207,9908
2310209,CE,Paracuru,57.68081042929503,71.74545313530074,14.064642706005706,33714
2310308,CE,Parambu,86.55788269240337,95.96329355129876,9.405410858895394,27267
2310407,CE,Paramoti,57.14641124517975,33.61609306834707,-23.53031817683268,10188
2310506,CE,Pedra Branca,83.8158325155381,78.60018581604211,-5.215646699495991,34612
2310605,CE,Penaforte,29.616058626732517,69.71632259022724,40.10026396349472,8692
2310704,CE,Pentecoste,59.457013574660635,63.95237180718264,4.495358232522001,32383
2310803,CE,Pereiro,25.732899022801302,67.62814624288076,41.895247220079455,14486
2310902,CE,Piquet Carneiro,66.46765089014329,52.663239636880675,-13.804411253262614,12098
2311009,CE,Poranga,60.920457568502265,87.27158160050409,26.351124032001827,10071
2311108,CE,Porteiras,55.301149425287356,79.96137979461072,24.660230369323365,14641
2311207,CE,Potengi,67.46152545239303,42.61760596180717,-24.84391949058586,8102
2311306,CE,Quixadá,64.31260945709282,78.1404368238416,13.827827366748778,61599
2311405,CE,Quixeramobim,53.631618525235545,73.68959185376846,20.057973328532917,60112
2311504,CE,Quixeré,48.37348966897834,83.43310688101164,35.0596172120333,18875
2311603,CE,Redenção,32.193292144748455,72.0380170644778,39.844724919729344,24247
2311702,CE,Reriutaba,65.5725628222968,62.81788027167904,-2.7546825506177655,15853
2311801,CE,Russas,62.280564438580406,58.30510668593989,-3.9754577526405157,58535
2311900,CE,Saboeiro,46.82274247491639,60.79125455491931,13.968512080002924,12621
2312007,CE,Santana do Acaraú,59.58237124786668,44.01609931141499,-15.566271936451692,25778
2312106,CE,Santana do Cariri,44.99157461149598,35.56930918358059,-9.422265427915384,13898
2311959,CE,Salitre,53.8539741219963,31.880501015572104,-21.973473106424198,14837
2312205,CE,Santa Quitéria,37.58381366898012,58.244731526999736,20.660917858019616,33618
2312304,CE,São Benedito,48.20885038632639,56.698495370370374,8.489644984043984,37547
2312403,CE,São Gonçalo do Amarante,71.15088367924264,76.7430645447854,5.592180865542758,51355
2312502,CE,São João do Jaguaribe,72.9469632164243,77.06053160598616,4.113568389561863,5965
2312601,CE,São Luís do Curu,66.4378860672615,43.313393490824296,-23.124492576437206,12630
2312700,CE,Senador Pompeu,44.07671092296838,63.93503137689184,19.85832045392346,20301
2312809,CE,Senador Sá,80.75420085971082,65.64207650273224,-15.112124356978583,7038
2312908,CE,Sobral,46.215179014853945,67.71210431500386,21.49692530014991,152837
2313005,CE,Solonópole,49.408050513022886,63.18783891901502,13.779788405992136,14291
2313104,CE,Tabuleiro do Norte,67.62158213316636,66.1939960778398,-1.4275860553265574,26003
2313203,CE,Tamboril,40.872491287104914,59.6382273138378,18.76573602673289,21343
2313302,CE,Tauá,80.35843329960977,83.17098215524658,2.8125488556368055,47266
2313401,CE,Tianguá,64.2478788731074,69.91594850516012,5.66806963205272,59585
2313500,CE,Trairi,81.92266350632528,72.78300364845747,-9.139659857867812,49869
2313609,CE,Ubajara,65.01551545799333,76.72214625866377,11.706630800670439,27962
2313708,CE,Umari,62.9375,53.71417430298304,-9.22332569701696,6521
2313807,CE,Uruburetama,87.95737122557726,87.88552375659906,-0.0718474689782056,18709
2313906,CE,Uruoca,62.64641076191581,32.01942624802349,-30.626984513892317,11317
2314003,CE,Várzea Alegre,61.776029460997655,76.81830890282382,15.04227944182616,32551
2314102,CE,Viçosa do Ceará,72.5468704932218,44.1515069237035,-28.395363569518302,48287
2307650,CE,Maracanaú,71.67260053217404,78.18504368718439,6.512443155010345,179379
2300754,CE,Amontada,57.229310411286285,36.986204206121215,-20.24310620516507,36348
2304236,CE,Croatá,34.08599115627058,37.64204545454545,3.556054298274873,15338
2304251,CE,Cruz,43.61708647422933,48.88623275019015,5.269146275960821,23785
2304350,CE,Forquilha,42.82611557193629,78.44133316813281,35.61521759619652,19740
2305332,CE,Ibicuitinga,52.68672199170125,55.97910216718266,3.292380175481412,12514
2305357,CE,Icapuí,28.772961058045556,34.822999507354496,6.050038449308939,17718
2306553,CE,Itarema,37.27396863491538,35.86075523848653,-1.4132133964288442,34502
2308351,CE,Milhã,68.9785484050239,74.47063959834098,5.49209119331708,11291
2304269,CE,Deputado Irapuan Pinheiro,14.182771044873894,36.92282047007835,22.740049425204454,7474
2310258,CE,Paraipaba,77.47046960530106,78.08416689195278,0.6136972866517141,27583
2311355,CE,Quixelô,41.621020198562135,35.108056636581935,-6.5129635619802,14956
2313757,CE,Umirim,86.55342649150698,81.252467819632,-5.30095867187498,16067
2313955,CE,Varjota,50.059708621925004,53.16750874465605,3.1078001227310423,15991
5300108,DF,Brasília,68.72560263181983,64.49802508292362,-4.227577548896207,2243988
3204658,ES,São Domingos do Norte,78.89892904953146,57.643668961101326,-21.255260088430134,8443
3200102,ES,Afonso Cláudio,71.73150968335153,73.99014220157498,2.2586325182234503,26253
3200169,ES,Água Doce do Norte,73.20494834842495,53.26469110999498,-19.94025723842997,11111
3200201,ES,Alegre,70.32828282828282,71.32068632189464,0.9924034936118176,23553
3202652,ES,Irupi,82.56960918966163,92.00506008855155,9.435450898889911,11392
3200300,ES,Alfredo Chaves,66.21893888515783,78.03925821494416,11.82031932978633,12984
3200359,ES,Alto Rio Novo,80.0445434298441,38.802846379238176,-41.24169705060592,6545
3200409,ES,Anchieta,77.62112565737944,70.17957652103993,-7.441549136339503,24797
3205150,ES,Vila Pavão,63.2576404302544,64.694312407802,1.4366719775476042,7761
3200508,ES,Apiacá,75.19214346712212,65.85735963581183,-9.33478383131029,6320
3203346,ES,Marechal Floriano,71.34479673988669,76.6255550074001,5.280758267513406,14378
3200607,ES,Aracruz,78.13801954783295,76.83599419448475,-1.3020253533481991,75116
3203320,ES,Marataízes,88.56690351853437,65.73763372942244,-22.829269789111933,33341
3200706,ES,Atílio Vivácqua,85.94993488641296,79.22927100723427,-6.720663879178687,9255
3201159,ES,Brejetuba,63.78668871434477,71.3257267046998,7.539037990355034,10987
3200805,ES,Baixo Guandu,67.12289706301682,68.71949142922011,1.5965943662032913,24892
3204955,ES,São Roque do Canaã,74.84224965706447,75.50274223034735,0.6604925732828804,9890
3200904,ES,Barra de São Francisco,72.19199460120629,51.428091397849464,-20.763903203356826,34548
3205010,ES,Sooretama,74.04541872626979,86.05225988700565,12.00684116073586,20980
3201001,ES,Boa Esperança,59.86746987951807,59.216888784054724,-0.6505810954633446,11266
3204252,ES,Ponto Belo,30.976645435244162,33.72681281618887,2.7501673809447063,6490
3201100,ES,Bom Jesus do Norte,71.29304286718201,63.91148714611129,-7.381555721070718,8487
3205176,ES,Vila Valério,71.94818652849742,62.77185063602791,-9.17633589246951,12919
3201209,ES,Cachoeiro de Itapemirim,87.04550423483113,82.2622337106694,-4.783270524161722,134025
3201308,ES,Cariacica,67.51539796085761,71.02424609472892,3.508848133871311,274127
3201407,ES,Castelo,86.23583718002517,83.6427449893784,-2.5930921906467717,30029
3201506,ES,Colatina,80.38038483204365,79.74093587305546,-0.6394489589881829,87108
3202256,ES,Governador Lindenberg,85.11188917643477,60.44382371198014,-24.668065464454635,9107
3201605,ES,Conceição da Barra,56.04924023850741,45.55655565556555,-10.492684582941855,25964
3201704,ES,Conceição do Castelo,82.01480621280302,76.45934421408616,-5.555461998716865,9986
3201803,ES,Divino de São Lourenço,53.343328335832084,63.223702092960046,9.880373757127963,4889
3201902,ES,Domingos Martins,66.34178342158287,78.33611442193087,11.994331000347998,29142
3202009,ES,Dores do Rio Preto,65.9982751185856,81.52246072139855,15.524185602812949,6285
3202108,ES,Ecoporanga,68.69417269247128,57.194913363575516,-11.499259328895768,19064
3202207,ES,Fundão,75.28877106608597,74.76902562148776,-0.5197454445982146,14736
3202306,ES,Guaçuí,56.157824171614635,73.82825196645648,17.670427794841842,22346
3202405,ES,Guarapari,78.93758912238755,72.39083219021491,-6.5467569321726415,101524
3202504,ES,Ibiraçu,87.30425055928411,78.19405824674374,-9.110192312540377,9933
3202553,ES,Ibitirama,76.1714493280058,80.1265155508698,3.955066222863991,7470
3202603,ES,Iconha,77.39377441117291,76.4423076923077,-0.9514667188652197,11401
3202702,ES,Itaguaçu,72.6976856316297,79.22504101981572,6.527355388186024,11740
3202801,ES,Itapemirim,89.3941078376876,71.69077160267234,-17.703336235015257,36630
3202900,ES,Itarana,59.60935272312518,74.99263188918361,15.383279166058436,9584
3203007,ES,Iúna,86.30656552445723,89.69488785613255,3.388322331675326,21278
3203106,ES,Jerônimo Monteiro,71.15015097447159,84.79035352151274,13.640202547041156,10071
3203130,ES,João Neiva,80.01297157064101,76.9762174405436,-3.036754130097407,12793
3203205,ES,Linhares,74.96148204755272,65.50832925036747,-9.453152797185254,122326
3203304,ES,Mantenópolis,71.9505569138821,74.23988842398884,2.2893315101067486,10402
3203403,ES,Mimoso do Sul,66.11619185472729,82.35697626560571,16.24078441087842,19743
3203502,ES,Montanha,45.590461771385314,50.53955146851835,4.949089697133033,15420
3203601,ES,Mucurici,37.16768916155419,32.75499474237645,-4.412694419177747,5140
3203700,ES,Muniz Freire,72.63208453410182,70.59602649006622,-2.036058044035599,14757
3203809,ES,Muqui,67.98344175044352,72.27893248062969,4.295490730186174,11077
3203908,ES,Nova Venécia,59.24118666242354,58.21632142360628,-1.0248652388172559,41191
3204005,ES,Pancas,84.79547900968784,66.41936381341,-18.376115196277837,15876
3204104,ES,Pinheiros,55.43817884243416,38.289551357733174,-17.148627484700988,18818
3204203,ES,Piúma,82.43429033562475,77.62796895821901,-4.806321377405737,17326
3204302,ES,Presidente Kennedy,92.86537454164484,86.77889550400329,-6.086479037641553,13255
3204401,ES,Rio Novo do Sul,90.47200234535327,79.34701213119665,-11.124990214156625,8808
3204500,ES,Santa Leopoldina,70.45240971942543,77.67151767151768,7.219107952092244,10107
3204609,ES,Santa Teresa,72.3026221521708,76.63709026912078,4.334468116949978,20734
3204708,ES,São Gabriel da Palha,70.18092105263158,63.75728669846317,-6.4236343541684064,26248
3204807,ES,São José do Calçado,65.14311404166043,72.72596843615494,7.582854394494518,9759
3204906,ES,São Mateus,61.645432193377395,49.12652526921099,-12.518906924166409,92268
3205002,ES,Serra,57.90660149947061,73.65540369526703,15.748802195796415,361189
3205101,ES,Viana,86.70543213557974,82.3624913903375,-4.342940745242245,54374
3205200,ES,Vila Velha,79.55775147974568,62.48229887777843,-17.075452601967243,346813
3205309,ES,Vitória,67.25057268637127,58.590430074039844,-8.660142612331427,265883
3203353,ES,Marilândia,81.00048685491724,80.92478421701603,-0.07570263790121601,10864
3202454,ES,Ibatiba,81.7372730509078,78.33919774806475,-3.398075302843054,19595
3204351,ES,Rio Bananal,78.15924032140248,77.44790706251152,-0.71133325889096,15534
3203056,ES,Jaguaré,59.96349254639489,67.49132947976878,7.527836933373891,24297
3204054,ES,Pedro Canário,52.451246989355916,40.69626883713434,-11.754978152221575,18937
3203163,ES,Laranja da Terra,70.61287170180093,72.11630777671101,1.5034360749100841,9495
3204559,ES,Santa Maria de Jetibá,74.51676528599606,88.75987395864807,14.243108672652014,31314
3205036,ES,Vargem Alta,75.3914605972448,73.02950429385257,-2.3619563033922333,16001
3205069,ES,Venda Nova do Imigrante,82.03160270880362,75.96463022508038,-6.066972483723234,20196
3200136,ES,Águia Branca,66.12486708187757,57.64828303850156,-8.476584043376008,8897
5200100,GO,Abadiânia,84.99221463648341,89.60275188637372,4.610537249890314,12586
5203559,GO,Bonfinópolis,91.60037002775208,87.660364618501,-3.9400054092510715,7873
5200209,GO,Água Limpa,91.65751920965971,95.79702716555613,4.13950795589642,2635
5200308,GO,Alexânia,89.67538025943242,89.88361119849009,0.2082309390576711,21966
5204953,GO,Campos Verdes,88.07457409193185,94.353545075393,6.27897098346115,4498
5200506,GO,Aloândia,71.41141141141141,93.96135265700484,22.54994124559343,2168
5205455,GO,Cezarina,63.12372472639584,93.47323492797439,30.349510201578546,7360
5200605,GO,Alto Paraíso de Goiás,63.08518802762855,62.7026008292499,-0.3825871983786442,7680
5205521,GO,Colinas do Sul,85.1252408477842,90.2894833272261,5.164242479441896,3848
5200803,GO,Alvorada do Norte,70.32143561427726,84.5621181262729,14.240682511995644,6777
5213855,GO,Morro Agudo de Goiás,93.61702127659575,93.1501230516817,-0.466898224914047,3067
5200902,GO,Amorinópolis,70.6396364907375,91.91402251791197,21.274386027174472,3862
5207352,GO,Edealina,92.17214503558115,91.22576404863621,-0.9463809869449449,4159
5201108,GO,Anápolis,82.65249020705092,77.87789187677309,-4.774598330277826,287739
5207535,GO,Faina,70.73737587154025,90.77149463947866,20.03411876793841,6624
5201207,GO,Anhanguera,71.65178571428571,92.42569511025887,20.773909395973163,1738
5201306,GO,Anicuns,85.42361289219458,88.04116394606103,2.6175510538664497,15168
5209150,GO,Gouvelândia,52.743484224965705,87.99044694643466,35.246962721468954,4011
5201405,GO,Aparecida de Goiânia,86.47869889908107,79.44481547083248,-7.033883428248586,340941
5210562,GO,Itaguari,44.09704852426213,93.53967084254482,49.442622318282694,5166
5201504,GO,Aporé,64.59923664122137,94.7568710359408,30.157634394719437,3455
5201603,GO,Araçu,70.92916283348666,92.90611028315946,21.976947449672807,4172
5212956,GO,Matrinchã,95.11378848728246,93.58669833729216,-1.5270901499903005,3955
5201702,GO,Aragarças,77.37708248679398,84.42573051948052,7.048648032686543,13907
5213053,GO,Mimoso de Goiás,80.24544734758511,95.48757170172084,15.242124354135726,3345
5201801,GO,Aragoiânia,82.67428236672525,90.40450320722607,7.73022084050082,10215
5213756,GO,Montividiu,63.44699671850478,93.47319347319348,30.026196754688698,9826
5215256,GO,Novo Planalto,84.95732574679943,92.10526315789474,7.147937411095313,4131
5215652,GO,Palestina de Goiás,78.7746170678337,92.08110175975517,13.306484691921469,3576
5202502,GO,Aruanã,94.95248152059133,92.2767497988737,-2.6757317217176393,7391
5202601,GO,Aurilândia,81.47058823529412,84.58059210526316,3.1100038699690487,3295
5202809,GO,Avelinópolis,53.9354370692782,92.06302021403091,38.12758314475271,4465
5219258,GO,Santa Fé de Goiás,92.48670212765957,94.01257029440953,1.5258681667499587,4208
5203104,GO,Baliza,76.03152526657395,86.80412371134021,10.77259844476626,3328
5220058,GO,São João da Paraúna,89.89298454221165,94.03931515535828,4.146330613146631,2198
5203203,GO,Barro Alto,92.86314021830394,91.95993879538183,-0.903201422922109,10022
5220157,GO,São Luiz do Norte,94.55667789001123,92.09603452926895,-2.4606433607422815,5107
5203302,GO,Bela Vista de Goiás,86.18661866186619,85.98991320666198,-0.19670545520421,24221
5220264,GO,São Miguel do Passa Quatro,67.21368715083798,92.29854296758846,25.084855816750476,4211
5203401,GO,Bom Jardim de Goiás,82.91682208131294,88.9856102327234,6.068788151410459,7601
5220454,GO,Senador Canedo,87.58002149951065,77.9220585604389,-9.657962939071751,95243
5203609,GO,Brazabrantes,88.73943120676402,86.40028040658956,-2.3391508001744654,3891
5220686,GO,Simolândia,58.941947565543074,92.24349533627884,33.301547770735766,5580
5203807,GO,Britânia,92.10312075983718,93.15140383101549,1.0482830711783038,5182
5221080,GO,Teresina de Goiás,82.1105527638191,87.41039426523298,5.29984150141388,3252
5203906,GO,Buriti Alegre,92.73344651952462,84.8249027237354,-7.908543795789214,8690
5221452,GO,Trombas,69.6754112939084,89.06037221970041,19.384960925792015,3059
5204003,GO,Cabeceiras,33.34583645911478,95.38321167883211,62.03737521971733,7447
5221551,GO,Turvelândia,92.17002237136465,91.35725429017161,-0.8127680811930418,4210
5204102,GO,Cachoeira Alta,63.06916927354884,86.25096824167312,23.181798968124284,7721
5218789,GO,Rio Quente,85.9481582537517,92.43697478991596,6.488816536164265,4413
5204201,GO,Cachoeira de Goiás,70.409604519774,95.28795811518324,24.878353595409237,2065
5204300,GO,Caçu,84.66273403436779,91.10740408058514,6.444670046217354,10792
5209457,GO,Guarinos,85.480464625132,92.92881032011466,7.448345694982663,3062
5204409,GO,Caiapônia,54.363523829172685,89.23492162358559,34.87139779441291,13207
5205513,GO,Cocalzinho de Goiás,85.7252954272992,89.29067014937556,3.5653747220763563,17515
5204508,GO,Caldas Novas,89.21873630707212,88.20179180887372,-1.0169444981983986,68134
5219738,GO,Santo Antônio de Goiás,83.55620559966569,80.51595383570944,-3.040251763956249,7976
5204607,GO,Campestre de Goiás,29.368678060690616,90.9274873524452,61.558809291754585,4041
5205471,GO,Chapadão do Céu,84.12374638789733,89.71100015130882,5.587253763411496,9497
5204706,GO,Campinorte,70.48740497838725,93.92397485782699,23.436569879439745,9168
5200555,GO,Alto Horizonte,83.31446683269188,89.50338600451467,6.188919171822789,6397
5204805,GO,Campo Alegre de Goiás,75.63347837215255,90.83121092845566,15.197732556303109,5810
5205059,GO,Castelândia,92.10827296988181,91.69946332737031,-0.40880964251149976,3999
5204904,GO,Campos Belos,86.21279832651896,87.66740533770113,1.454607011182162,14898
5212055,GO,Jesúpolis,93.34730225248822,94.12965798876978,0.7823557362815592,2726
5205000,GO,Carmo do Rio Verde,86.74789128397376,86.47103658536585,-0.2768546986079059,7228
5201454,GO,Aparecida do Rio Doce,51.08645399907536,89.98323554065381,38.89678154157845,3439
5205109,GO,Catalão,78.2569354869761,83.42783905546062,5.170903568484519,75390
5205497,GO,Cidade Ocidental,81.37288937983273,80.11875634063377,-1.2541330391989618,49712
5205208,GO,Caturaí,90.2710027100271,88.78856282919489,-1.4824398808322172,5460
5218391,GO,Professor Jamil,81.11917983767621,84.5695117405889,3.45033190291268,3597
5205307,GO,Cavalcante,40.530582166543844,79.44148447547309,38.910902308929245,7950
5216452,GO,Perolândia,57.59793370641412,91.33928571428571,33.74135200787159,3152
5205406,GO,Ceres,85.97400587962247,83.80427841634739,-2.1697274632750805,16938
5214879,GO,Nova Iguaçu de Goiás,80.09803921568627,93.77777777777777,13.6797385620915,2680
5208301,GO,Divinópolis de Goiás,48.16155988857939,93.05555555555556,44.89399566697617,5110
5203939,GO,Buriti de Goiás,79.23664122137404,95.311327831958,16.074686610583953,3494
5204557,GO,Caldazinha,85.91828639428797,88.94169835234474,3.0234119580567693,4292
5209291,GO,Guaraíta,86.65404637955514,91.17512574302698,4.521079363471841,2781
5205703,GO,Córrego do Ouro,78.27747136190072,95.04707327056897,16.76960190866825,3112
5209937,GO,Inaciolândia,73.17909168808912,88.06055412739218,14.881462439303064,4809
5205802,GO,Corumbá de Goiás,87.90790427846265,88.82809742322627,0.9201931447636156,7930
5213772,GO,Montividiu do Norte,90.1203062340503,94.3306510607169,4.210344826666599,3716
5205901,GO,Corumbaíba,86.38899960143483,90.26584049570258,3.876840894267744,7145
5219712,GO,Santo Antônio da Barra,89.08268733850129,93.30985915492958,4.227171816428296,4303
5221197,GO,Terezópolis de Goiás,87.19301806373046,88.14785840015647,0.9548403364260025,6829
5221577,GO,Uirapuru,78.36144578313252,89.25468678555099,10.893241002418463,3080
5206206,GO,Cristalina,87.2852518881235,88.84250902527076,1.5572571371472606,38955
5203962,GO,Buritinópolis,53.61788617886179,92.89380181602843,39.27591563716664,3507
5206305,GO,Cristianópolis,49.419002050581,93.0058000682361,43.5867980176551,4023
5222203,GO,Vila Boa,47.58819294456443,90.87982832618026,43.291635381615826,4021
5206404,GO,Crixás,72.28642401987256,83.15562613430127,10.869202114428717,13016
5221858,GO,Valparaíso de Goiás,85.25954032283146,82.9559812364756,-2.303559086355861,99106
5206503,GO,Cromínia,53.09054460407618,91.02564102564102,37.93509642156484,3970
5215231,GO,Novo Gama,88.3057116237048,86.98690395395018,-1.3188076697546194,58614
5206602,GO,Cumari,35.43388429752066,90.4051172707889,54.97123297326824,2613
5200258,GO,Águas Lindas de Goiás,91.86045001882653,83.90479381507267,-7.955656203753861,124985
5206701,GO,Damianópolis,44.95614035087719,94.57872928176796,49.62258893089077,4024
5200050,GO,Abadia de Goiás,89.23741964087786,87.7916590115745,-1.445760629303365,15631
5206800,GO,Damolândia,58.95276455510802,92.4140375753279,33.46127302021988,3634
5200829,GO,Amaralina,56.42296571664601,91.83098591549296,35.40802019884695,2969
5206909,GO,Davinópolis,73.41529004994237,87.78215693299893,14.36686688305656,4145
5203575,GO,Bonópolis,83.78805852115461,88.5035808518658,4.715522330711195,3730
5218052,GO,Porteirão,62.728658536585364,94.26987060998151,31.541212073396146,3963
5207105,GO,Diorama,90.13404825737265,94.58615304528891,4.452104787916255,2503
5219456,GO,Santa Rita do Novo Destino,93.04347826086956,86.76215277777777,-6.281325483091791,3048
5220280,GO,São Patrício,93.5960591133005,92.47716281569049,-1.1188962976100072,2457
5207402,GO,Edéia,76.97313763500415,88.37579617834395,11.402658543339797,9541
5222302,GO,Vila Propício,70.9823677581864,92.70282186948853,21.720454111302132,6026
5207501,GO,Estrela do Norte,34.60884353741496,90.53428691628103,55.92544337886607,3214
5207600,GO,Fazenda Nova,89.74900304949566,90.67896853560445,0.9299654861087987,5536
5210158,GO,Ipiranga de Goiás,90.66558441558442,90.104821802935,-0.5607626126494125,3148
5208152,GO,Gameleira de Goiás,83.37282780410743,87.96328979879986,4.590461994692433,3713
5207808,GO,Firminópolis,64.78548362294326,93.38463815302649,28.599154530083226,8767
5204854,GO,Campo Limpo de Goiás,89.63585434173669,89.56188168786593,-0.07397265387075436,6772
5207907,GO,Flores de Goiás,60.35114798379317,90.75995982591229,30.40881184211912,8526
5212253,GO,Lagoa Santa,47.183098591549296,94.0650406504065,46.881942058857206,1783
5208004,GO,Formosa,81.56054954735441,84.50069799906933,2.9401484517149186,77709
5208103,GO,Formoso,86.54178674351586,90.66785927251044,4.126072528994584,4705
5208400,GO,Goianápolis,92.95810518273271,90.11664367239433,-2.8414615103383767,10753
5208509,GO,Goiandira,48.4514592019059,86.17511520737327,37.72365600546737,4561
5208608,GO,Goianésia,89.92929392124128,84.09237764748116,-5.836916273760124,59434
5208707,GO,Goiânia,81.36194100188375,74.95452789492322,-6.407413106960533,1015618
5208806,GO,Goianira,88.21430998165387,83.68558683279495,-4.528723148858916,47569
5208905,GO,Goiás,79.49042792792793,74.13626569581693,-5.354162232110994,19214
5209101,GO,Goiatuba,89.15527443378902,92.11333069620254,2.958056262413521,27861
5209200,GO,Guapó,88.9602053915276,82.6219512195122,-6.338254172015397,14861
5209408,GO,Guarani de Goiás,43.42410196987254,95.17081941947085,51.74671744959831,4796
5209606,GO,Heitoraí,89.1582050442188,89.5627194382381,0.40451439401930145,4192
5209705,GO,Hidrolândia,89.88795915472983,86.55131964809384,-3.33663950663599,23574
5209804,GO,Hidrolina,85.96193065941536,86.88356164383562,0.9216309844202613,3869
5209903,GO,Iaciara,78.98490628628296,92.07326701405337,13.088360727770407,8526
5210000,GO,Inhumas,88.56982354107461,91.08305647840531,2.5132329373306987,40854
5210109,GO,Ipameri,73.07586962476034,87.90114862513053,14.825279000370188,20500
5210208,GO,Iporá,71.7094682230869,85.57943047877333,13.869962255686431,26609
5210307,GO,Israelândia,84.33962264150944,93.0073126142596,8.667689972750168,2989
5210406,GO,Itaberaí,90.52821710207498,85.57642149191445,-4.951795610160531,33230
5210604,GO,Itaguaru,63.51791530944625,88.3509108341323,24.832995524686055,5268
5210802,GO,Itajá,65.55912826009289,95.84387423202024,30.28474597192735,3667
5210901,GO,Itapaci,91.99402407944459,86.41963957337256,-5.574384506072022,15696
5211008,GO,Itapirapuã,86.40232108317214,90.65955766192732,4.257236578755183,6866
5211206,GO,Itapuranga,75.70594543071607,83.21518683167128,7.509241400955204,21490
5211305,GO,Itarumã,71.37659187386295,93.7129300118624,22.336338137999448,4683
5211404,GO,Itauçu,88.37571354436949,86.85972547706729,-1.515988067302203,7690
5211503,GO,Itumbiara,90.2050858208238,87.05764979753125,-3.147436023292542,74872
5211602,GO,Ivolândia,87.39495798319328,92.98323036187114,5.588272378677857,3148
5211701,GO,Jandaia,85.61990750935917,91.44651364226938,5.826606132910214,5992
5211800,GO,Jaraguá,92.65613725647398,92.82011191573403,0.16397465926004884,33457
5211909,GO,Jataí,78.44741443917063,84.4874585711204,6.04004413194977,73590
5212006,GO,Jaupaci,84.3441466854725,92.4190800681431,8.074933382670608,3160
5212105,GO,Joviânia,68.35532516493873,90.66085360256999,22.305528437631253,5772
5212204,GO,Jussara,87.32407493708641,89.7222991050835,2.3982241679970855,14815
5212303,GO,Leopoldo de Bulhões,85.36094912527649,87.80397252645257,2.4430234011760774,7348
5212501,GO,Luziânia,87.30246773828391,79.15766620248029,-8.144801535803623,136469
5212600,GO,Mairipotaba,92.11281070745697,93.94509213990221,1.8322814324452423,3493
5212709,GO,Mambaí,54.748848431673615,91.93223073820089,37.18338230652727,6519
5212808,GO,Mara Rosa,66.35632002524854,92.34545175640436,25.989131731155823,9163
5212907,GO,Marzagão,63.430919363122754,90.82308420056765,27.392164837444895,3001
5216304,GO,Paranaiguara,67.25512528473804,90.38945940709165,23.134334122353607,7170
5213004,GO,Maurilândia,87.11884284597342,94.05940594059406,6.940563094620643,7553
5213103,GO,Mineiros,76.34569560701411,80.93237765113683,4.586682044122725,51738
5213400,GO,Moiporá,90.69767441860465,93.31491712707182,2.617242708467174,2507
5213509,GO,Monte Alegre de Goiás,91.79622099976082,90.74956129355728,-1.0466597062035419,5622
5213707,GO,Montes Claros de Goiás,90.56493884682585,93.0201848707791,2.4552460239532508,7109
5213806,GO,Morrinhos,88.63956766917293,87.7353065214891,-0.9042611476838402,37179
5213905,GO,Mossâmedes,40.469613259668506,89.78060046189377,49.31098720222526,4636
5214002,GO,Mozarlândia,89.11508590256531,90.015713767678,0.900627865112682,12317
5214101,GO,Mutunópolis,91.54984423676012,94.99105545617174,3.4412112194116133,3622
5214408,GO,Nazário,79.65399171021805,92.72600104913447,13.072009338916416,7694
5214507,GO,Nerópolis,90.4553415061296,86.60394782407941,-3.851393682050187,25856
5214606,GO,Niquelândia,87.50311425581744,85.98013011246155,-1.5229841433558846,28255
5214705,GO,Nova América,94.04170804369414,94.83929379809868,0.7975857544045368,2769
5214804,GO,Nova Aurora,76.53123104912068,85.31428571428572,8.78305466516504,2328
5214903,GO,Nova Roma,90.63969896519285,94.63781749764817,3.9981185324553223,3006
5215009,GO,Nova Veneza,84.3559796019082,87.85840140957873,3.5024218076705296,8553
5215207,GO,Novo Brasil,86.10596517228603,89.92304873580066,3.817083563514629,3599
5215306,GO,Orizona,85.8728323699422,87.72783878636929,1.8550064164270879,12088
5215405,GO,Ouro Verde de Goiás,89.4334376086201,87.89473684210526,-1.538700766514836,3766
5215504,GO,Ouvidor,47.787747524752476,89.2992938620315,41.51154633727903,10501
5215603,GO,Padre Bernardo,77.06480756918262,92.42496752580844,15.360159956625822,20372
5215702,GO,Palmeiras de Goiás,89.00622289270224,89.98610859455215,0.9798857018499092,23454
5215801,GO,Palmelo,89.39909297052154,87.52117447769622,-1.8779184928253159,2406
5215900,GO,Palminópolis,84.89808523780111,93.22235434007135,8.324269102270236,4428
5216007,GO,Panamá,94.32587194169703,94.77611940298507,0.4502474612880434,3038
5216403,GO,Paraúna,86.26955285195133,90.13207833611659,3.8625254841652605,9273
5216809,GO,Petrolina de Goiás,90.79021109658136,91.64597374955657,0.8557626529752156,7530
5216908,GO,Pilar de Goiás,89.3814801573114,92.56884194643531,3.187361789123912,3938
5217104,GO,Piracanjuba,77.04552216602201,88.12608926271122,11.080567096689208,18846
5217203,GO,Piranhas,85.11477256724405,90.79291315713041,5.678140589886368,9094
5217302,GO,Pirenópolis,83.37445175438596,81.45315487571702,-1.9212968786689402,20744
5217401,GO,Pires do Rio,83.92070484581498,88.90154815360901,4.980843307794032,22069
5217708,GO,Pontalina,92.10117797461419,89.88753514526711,-2.21364282934708,14363
5218003,GO,Porangatu,90.49583150504607,90.08475348582886,-0.4110780192172143,30958
5218102,GO,Portelândia,82.20858895705521,87.29372937293729,5.08514041588208,3416
5218300,GO,Posse,76.37908915971776,89.40765443862156,13.028565278903798,25334
5218508,GO,Quirinópolis,75.81323211297499,84.94075049374588,9.127518380770894,35296
5218607,GO,Rialma,93.16806846687325,88.7828852269442,-4.385183239929049,9232
5218706,GO,Rianápolis,95.99733155436958,93.52739726027397,-2.4699342940956086,3946
5218805,GO,Rio Verde,86.63116262677683,90.7017720961392,4.070609469362367,152805
5218904,GO,Rubiataba,91.96169726785557,91.0359103591036,-0.9257869087519737,15626
5219001,GO,Sanclerlândia,88.05997440117024,92.7797833935018,4.719808992331565,7135
5219100,GO,Santa Bárbara de Goiás,45.32986521636321,90.93851132686085,45.60864611049764,5600
5219209,GO,Santa Cruz de Goiás,67.67554479418887,88.96153846153847,21.2859936673496,3504
5219308,GO,Santa Helena de Goiás,95.2348567283279,89.51410220608768,-5.720754522240213,30173
5219407,GO,Santa Rita do Araguaia,82.53493013972056,88.30645161290323,5.771521473182673,4460
5219506,GO,Santa Rosa de Goiás,56.47152528872959,91.86465082793377,35.393125539204185,3527
5219605,GO,Santa Tereza de Goiás,53.86275356063876,92.85441345051586,38.991659889877106,3838
5219704,GO,Santa Terezinha de Goiás,82.58606213266162,86.661101836394,4.075039703732372,8523
5219803,GO,São Domingos,86.25764525993884,90.74474356455099,4.487098304612147,7282
5219902,GO,São Francisco de Goiás,92.86690352555343,91.21913973021125,-1.647763795342172,5392
5217609,GO,Planaltina,86.83238159220691,85.1748055769635,-1.6575760152434214,66561
5220009,GO,São João d'Aliança,86.69741697416974,92.68543956043956,5.988022586269821,7763
5220108,GO,São Luís de Montes Belos,87.12789415656009,92.63302249040044,5.5051283338403465,24563
5220207,GO,São Miguel do Araguaia,89.65056754952148,89.96064511150551,0.3100775619840306,18388
5220405,GO,São Simão,80.15856672158155,84.01904114246855,3.8604744208870017,13329
5220504,GO,Serranópolis,71.70918943328066,86.9100623330365,15.20087289975585,6621
5220603,GO,Silvânia,83.28029586307731,84.86238532110092,1.582089458023603,16325
5220702,GO,Sítio d'Abadia,80.39667896678966,95.36996971008222,14.973290743292551,3498
5221007,GO,Taquaral de Goiás,89.92343032159265,93.52604637157482,3.602616049982174,4447
5221304,GO,Três Ranchos,76.20448694372931,89.95267564615945,13.748188702430141,3894
5221403,GO,Trindade,70.77466907340553,86.01528131511924,15.240612241713706,95913
5221502,GO,Turvânia,77.11590296495957,94.40459110473458,17.288688139775005,4582
5221601,GO,Uruaçu,90.21121424512218,89.1741228275636,-1.0370914175585852,30439
5221700,GO,Uruana,88.7478217575305,90.07709524993783,1.3292734924073244,10812
5221809,GO,Urutaí,88.12838360402165,89.8895790200138,1.7611954159921481,3949
5221908,GO,Varjão,77.57492249397175,92.84414796846573,15.269225474493979,4454
5222005,GO,Vianópolis,89.46268289684004,85.02922581414768,-4.433457082692357,11287
5200134,GO,Acreúna,88.91564116283217,90.90516869445163,1.9895275316194585,15968
5213087,GO,Minaçu,86.50200679221982,85.16116604597406,-1.3408407462457603,22408
5214051,GO,Mundo Novo,93.32439678284182,90.04160166406656,-3.2827951187752547,5366
5214838,GO,Nova Crixás,93.68548876745598,88.599443875311,-5.086044892144983,9335
5214861,GO,Nova Glória,89.84897725100363,87.87176516029355,-1.9772120907100827,6881
5222054,GO,Vicentinópolis,87.13852376137513,91.88329904619413,4.744775284818999,7110
5200852,GO,Americano do Brasil,86.7324290998767,92.53208868144691,5.799659581570211,5599
5202155,GO,Araguapaz,79.77700043725405,93.10499216476383,13.327991727509783,6011
5202353,GO,Arenópolis,91.91765154403355,93.69501466275659,1.777363118723045,3626
5204250,GO,Cachoeira Dourada,73.18233726684431,89.75009761811792,16.567760351273606,7232
5207253,GO,Doverlândia,63.99911327865218,92.7437641723356,28.74465089368342,5670
5219753,GO,Santo Antônio do Descoberto,94.2955892034233,87.05382259173595,-7.241766611687353,46703
5209952,GO,Indiara,71.63593099345627,85.35420830557406,13.718277312117792,12731
5204656,GO,Campinaçu,90.80841638981174,89.17173252279635,-1.6366838670153925,3775
5219357,GO,Santa Isabel,94.00068563592733,89.32764140875133,-4.673044227175993,3820
5200159,GO,Adelândia,89.66905187835421,93.85964912280701,4.190597244452803,2963
5200175,GO,Água Fria de Goiás,95.0805270863836,93.66747507410402,-1.4130520122795787,5099
2100154,MA,Água Doce do Maranhão,71.8026427445751,56.59492605506793,-15.207716689507166,11520
2100105,MA,Afonso Cunha,94.41143705904196,97.47814391392065,3.0667068548786887,7467
2100436,MA,Alto Alegre do Maranhão,87.5803947660235,90.64976228209191,3.069367516068411,18074
2100204,MA,Alcântara,63.09270516717325,60.5104778478718,-2.5822273193014524,17613
2100477,MA,Alto Alegre do Pindaré,95.65940037077287,87.72814760735382,-7.931252763419053,20251
2100303,MA,Aldeias Altas,74.53286682051665,89.94446501295816,15.411598192441517,18501
2100832,MA,Apicum-Açu,90.90103397341211,89.72283074578532,-1.1782032276267955,13470
2100402,MA,Altamira do Maranhão,77.45219766575615,94.85714285714286,17.404945191386716,5758
2100550,MA,Amapá do Maranhão,75.38172421893353,94.38202247191012,19.00029825297659,4953
2100501,MA,Alto Parnaíba,80.48898182403089,81.61596336277397,1.126981538743081,8142
2100873,MA,Araguanã,91.96459562651857,91.02649006622516,-0.9381055602934083,8006
2100600,MA,Amarante do Maranhão,59.91693630173371,71.67206332074115,11.755127019007432,28107
2101251,MA,Bacabeira,87.58056087789583,85.62469850458272,-1.95586237331311,16056
2100709,MA,Anajatuba,68.75297315664288,87.14616009498219,18.393186938339312,20568
2101350,MA,Bacurituba,71.32065642094295,90.54088695206357,19.22023053112062,5647
2100808,MA,Anapurus,72.65694469144584,75.66391331379342,3.0069686223475713,14136
2101731,MA,Belágua,85.40937135234284,90.58330747750543,5.173936125162584,8091
2100907,MA,Araioses,75.51280995139632,71.5960776131859,-3.916732338210423,32649
2101772,MA,Bela Vista do Maranhão,92.01195489743242,89.97072674048619,-2.0412281569462323,10096
2101004,MA,Arari,78.9788065016369,85.83873001318128,6.85992351154438,24000
2101939,MA,Bernardo do Mearim,86.99975142928163,18.608611043541718,-68.39114038573992,5014
2101103,MA,Axixá,78.16444063227546,93.008658008658,14.844217376382545,11529
2102374,MA,Cachoeira Grande,79.66412213740458,87.95773628600377,8.29361414859919,9000
2101202,MA,Bacabal,85.03513059416527,79.27742215471412,-5.75770843945115,71834
2103752,MA,Davinópolis,81.13038612199216,80.55933801194092,-0.5710481100512368,12220
2101301,MA,Bacuri,70.21940516821063,89.23894477130385,19.01953960309322,13892
2102036,MA,Bom Jesus das Selvas,90.56591472160646,91.78474023814275,1.2188255165362847,19650
2101400,MA,Balsas,64.0887254611233,91.96180301478121,27.873077553657907,71207
2102077,MA,Bom Lugar,89.54107648725213,41.92581075077743,-47.6152657364747,11468
2101509,MA,Barão de Grajaú,83.649468892261,76.29189647857446,-7.35757241368654,16129
2102150,MA,Brejo de Areia,89.30918131770557,97.48160261651677,8.172421298811201,8475
2101608,MA,Barra do Corda,77.62688406894016,82.87991150079895,5.253027431858797,63831
2101970,MA,Boa Vista do Gurupi,62.72251308900523,97.34530548506734,34.62279239606211,6550
2101707,MA,Barreirinhas,64.22100495101654,90.93210802700675,26.71110307599021,52533
2102325,MA,Buriticupu,86.81264303828787,78.10221252726706,-8.710430511020817,42731
2101806,MA,Benedito Leite,47.71026638730919,78.41746248294679,30.7071960956376,4638
2102358,MA,Buritirana,71.02247191011236,91.6452442159383,20.622772305825947,10835
2101905,MA,Bequimão,73.39429245630853,70.33443586916574,-3.0598565871427894,18606
2102556,MA,Campestre do Maranhão,53.8006983615364,91.66116901965958,37.860470658123184,9948
2102101,MA,Brejo,84.90615635350402,60.35787679815548,-24.548279555348536,25935
2102754,MA,Capinzal do Norte,92.93929247343137,79.75732465226399,-13.181967821167376,8688
2102200,MA,Buriti,69.27010409691361,69.16949748155089,-0.10060661536272164,22990
2103125,MA,Central do Maranhão,82.77644452649068,87.6049294516878,4.828484925197117,7808
2102309,MA,Buriti Bravo,54.5005875440658,70.94050201425472,16.439914470188917,17753
2103158,MA,Centro do Guilherme,86.09972677595628,96.35170203022439,10.251975254268103,7966
2102408,MA,Cajapió,75.29786644499862,82.04536194485944,6.747495499860818,10224
2103174,MA,Centro Novo do Maranhão,82.76745675848815,94.62964948011577,11.862192721627622,11932
2102507,MA,Cajari,82.09592641261499,90.9967845659164,8.900858153301414,16136
2103257,MA,Cidelândia,77.76608187134502,82.41194029850746,4.6458584271624375,10660
2102606,MA,Cândido Mendes,80.23618726275834,90.86230105313169,10.626113790373353,14853
2103554,MA,Conceição do Lago-Açu,80.69050832208727,59.98907103825137,-20.7014372838359,11878
2102705,MA,Cantanhede,86.22736717126743,93.23461360481258,7.0072464335451485,14177
2104073,MA,Feira Nova do Maranhão,78.96213183730715,78.60657350915174,-0.35555832815541066,6389
2102804,MA,Carolina,52.98163459427819,85.5016944157949,32.52005982151671,18310
2104081,MA,Fernando Falcão,71.96299275945293,74.0972310833227,2.1342383238697664,9487
2102903,MA,Carutapera,74.98212498212499,83.48905313066518,8.506928148540197,19091
2104099,MA,Formosa da Serra Negra,79.30324030717362,40.81897671197299,-38.48426359520064,14076
2103000,MA,Caxias,77.53923760115711,90.27332327138949,12.734085670232375,113310
2103109,MA,Cedral,81.03662321539416,88.85710198827063,7.82047877287647,9329
2104552,MA,Governador Edison Lobão,67.45191459325922,86.50866761577757,19.05675302251835,15378
2103208,MA,Chapadinha,56.10006773959964,89.03203112977334,32.931963390173706,60241
2104628,MA,Governador Luiz Rocha,78.03299227396116,78.95377128953771,0.9207790155765565,6417
2103307,MA,Codó,60.27445522927053,87.0288267169478,26.754371487677275,82433
2104651,MA,Governador Newton Bello,89.10648714810281,96.56374501992032,7.457257871817504,7695
2103406,MA,Coelho Neto,73.81373719083089,73.26676866092278,-0.5469685299081135,33366
2104677,MA,Governador Nunes Freire,90.44720206040739,84.36064602163283,-6.08655603877456,17555
2103505,MA,Colinas,37.038612410794464,83.45962530798197,46.4210128971875,28425
2105153,MA,Igarapé do Meio,85.1228978007762,86.9428674960744,1.819969695298198,10867
2103604,MA,Coroatá,75.27317855737506,75.07037563943457,-0.20280291794048821,46883
2105351,MA,Itaipava do Grajaú,94.67530817130512,91.90064794816415,-2.7746602231409696,11234
2103703,MA,Cururupu,68.73807436439586,77.30735347463336,8.569279110237503,26321
2105427,MA,Itinga do Maranhão,88.46070106684084,89.52822668309298,1.0675256162521407,17555
2103802,MA,Dom Pedro,55.41448291134569,70.86965919734851,15.455176286002825,17802
2105450,MA,Jatobá,89.42884801548887,88.00145216917771,-1.427395846311157,7205
2103901,MA,Duque Bacelar,91.85316593886463,57.61667540639748,-34.23649053246715,9654
2105476,MA,Jenipapo dos Vieiras,91.38591493959336,70.89870230486152,-20.487212634731847,13237
2104008,MA,Esperantinópolis,88.45195236776516,76.96921584193349,-11.482736525831669,14790
2105658,MA,Junco do Maranhão,85.72602739726027,89.41770805636799,3.6916806591077176,5092
2104107,MA,Fortaleza dos Nogueiras,67.498776309349,78.1640032660679,10.665226956718897,10569
2105948,MA,Lago dos Rodrigues,85.83788706739526,87.55271193834521,1.714824870949954,8271
2104206,MA,Fortuna,88.6686453254187,42.649953382368174,-46.01869194305052,13021
2105922,MA,Lagoa do Mato,85.0016302575807,84.44722048719551,-0.5544097703851918,8284
2104305,MA,Godofredo Viana,82.31181921638758,81.05507631055076,-1.2567429058368162,7328
2105963,MA,Lagoa Grande do Maranhão,63.4544712127399,79.29769392033543,15.843222707595537,9997
2104404,MA,Gonçalves Dias,78.65039632874426,83.3661805281829,4.71578419943863,13628
2105989,MA,Lajeado Novo,52.69751464942413,77.2560528246515,24.558538175227376,6682
2104503,MA,Governador Archer,89.57853144550543,83.97497593840231,-5.603555507103124,8077
2106326,MA,Maracaçumé,86.17742684626103,86.57977528089887,0.40234843463784387,15698
2104602,MA,Governador Eugênio Barros,71.91846522781775,71.93110140708394,0.012636179266195313,10692
2106359,MA,Marajá do Sena,74.93697478991596,93.36854460093896,18.431569811022996,6771
2104701,MA,Graça Aranha,94.77192251614247,91.95564516129032,-2.816277354852147,6273
2106375,MA,Maranhãozinho,86.9332441023925,95.95959595959596,9.026351857203451,8133
2104800,MA,Grajaú,78.1803018061456,77.99040732354588,-0.18989448259971198,52271
2106631,MA,Matões do Norte,86.88492452460302,92.78499278499278,5.900068260389759,7654
2104909,MA,Guimarães,56.197985107314935,91.40814867762688,35.21016357031195,9819
2106672,MA,Milagres do Maranhão,92.48296422487223,86.50142993326978,-5.981534291602458,6649
2105005,MA,Humberto de Campos,67.71103347233179,86.34659905192372,18.635565579591926,23439
2107258,MA,Nova Colinas,82.32662192393737,90.8256880733945,8.499066149457136,4514
2105104,MA,Icatu,71.5800695769274,93.65962180200222,22.07955222507482,23105
2107357,MA,Nova Olinda do Maranhão,90.37537076812929,93.56823821339951,3.192867445270224,13507
2105203,MA,Igarapé Grande,94.5945945945946,35.989680378386126,-58.60491421620847,8484
2107456,MA,Olinda Nova do Maranhão,91.79566563467492,92.00339764591676,0.20773201124184482,11175
2105302,MA,Imperatriz,74.10833438689649,83.15364061456246,9.045306227665975,194847
2108058,MA,Paulino Neves,77.37464689265536,74.7364953886693,-2.638151503986066,15080
2111409,MA,São Luís Gonzaga do Maranhão,57.98710879863322,40.18805220069709,-17.79905659793613,17210
2108256,MA,Pedro do Rosário,74.20267686424474,75.8974358974359,1.6947590331911613,18241
2105401,MA,Itapecuru Mirim,74.83322698532398,84.59176552686671,9.758538541542734,47849
2108454,MA,Peritoró,76.29250872494116,72.86577792498137,-3.4267307999597847,16364
2105500,MA,João Lisboa,60.463162946964246,61.41904323827047,0.9558802913062223,21876
2109056,MA,Porto Rico do Maranhão,92.3672103722292,68.74387615128356,-23.623334220945637,7200
2105609,MA,Joselândia,85.95735515830282,82.54034357105674,-3.41701158724608,12529
2109239,MA,Presidente Médici,76.4078392458447,91.95912927587739,15.551290030032689,5728
2105708,MA,Lago da Pedra,80.30991494815332,84.33181473044799,4.021899782294668,34283
2109270,MA,Presidente Sarney,38.33068511075801,74.56770417664272,36.23701906588471,15655
2105807,MA,Lago do Junco,69.05173769460608,49.04041872637394,-20.011318968232132,8447
2109452,MA,Raposa,83.48070004268553,84.54287921710018,1.062179174414652,24288
2105906,MA,Lago Verde,76.9022034082275,81.22326775021386,4.321064341986357,12196
2109551,MA,Ribamar Fiquene,77.50640141816034,89.88603988603988,12.379638467879545,6276
2106003,MA,Lima Campos,93.01818181818182,86.95242581252944,-6.065756005652375,11183
2109759,MA,Santa Filomena do Maranhão,88.82705479452055,43.64881693648817,-45.17823785803238,6119
2106102,MA,Loreto,64.44032158317873,90.15262694452598,25.712305361347248,8569
2110237,MA,Santana do Maranhão,93.79090451418023,83.60602094240838,-10.184883571771849,8164
2106201,MA,Luís Domingues,87.63211153586688,86.98419666374012,-0.647914872126762,6072
2110278,MA,Santo Amaro do Maranhão,45.10114137190643,69.12337353974736,24.022232167840933,13330
2106300,MA,Magalhães de Almeida,66.43661074538119,55.95020924991952,-10.48640149546167,12194
2110658,MA,São Domingos do Azeitão,44.559784698193006,52.740604949587535,8.180820251394529,6762
2106409,MA,Mata Roma,64.06782478596958,68.35760137779866,4.2897765918290816,16271
2110856,MA,São Francisco do Brejão,74.90661036218938,78.27399872854419,3.3673883663548025,8123
2106508,MA,Matinha,85.15389257694629,81.37603043753963,-3.7778621394066647,20053
2111029,MA,São João do Carú,89.71911644395963,89.73793103448276,0.018814590523120955,10140
2106607,MA,Matões,63.995246215057094,82.34163174759675,18.346385532539657,27282
2111052,MA,São João do Paraíso,69.83223487118035,91.7605633802817,21.92832850910135,8599
2106706,MA,Mirador,78.40386940749698,82.47002766676914,4.066158259272157,16372
2111078,MA,São João do Soter,81.99233716475096,92.77176470588235,10.779427541131383,14327
2106805,MA,Mirinzal,77.36502627806976,89.5372460496614,12.172219771591642,12015
2111250,MA,São José dos Basílios,76.56946132037262,76.50887573964496,-0.06058558072766118,6388
2106904,MA,Monção,81.26837743918739,84.70648159938877,3.4381041602013767,21263
2111532,MA,São Pedro da Água Branca,91.2883087400681,89.81148366671464,-1.4768250733534671,9692
2107001,MA,Montes Altos,73.8404452690167,89.06066207360108,15.220216804584382,7512
2111573,MA,São Pedro dos Crentes,81.48148148148148,89.39075630252101,7.909274821039531,4688
2107100,MA,Morros,67.05116133082235,92.23400365630712,25.18284232548477,16701
2111631,MA,São Raimundo do Doca Bezerra,89.85806451612903,80.34188034188034,-9.516184174248693,5160
2107209,MA,Nina Rodrigues,78.17858503746983,81.02513553474618,2.846550497276354,10518
2111672,MA,São Roberto,82.49718151071026,93.20776255707763,10.710581046367366,4547
2107308,MA,Nova Iorque,70.56,92.96169417626908,22.401694176269075,4134
2111722,MA,Satubinha,89.88682000730194,90.95690532745165,1.0700853201497154,7469
2107407,MA,Olho d'Água das Cunhãs,86.85540950455005,83.67145421903052,-3.1839552855195308,14386
2111748,MA,Senador Alexandre Costa,90.96219373681649,96.7121090617482,5.749915324931706,8450
2107506,MA,Paço do Lumiar,53.74604060330538,85.99572620114428,32.2496855978389,90286
2111763,MA,Senador La Rocque,82.87619662256643,82.55717255717256,-0.31902406539386163,12262
2107605,MA,Palmeirândia,69.90825688073394,84.47357640311348,14.56531952237954,17179
2111789,MA,Serrano do Maranhão,73.84615384615384,70.4691950232349,-3.3769588229189367,9228
2107704,MA,Paraibano,75.93902103039765,94.13465124953376,18.195630219136106,14960
2111953,MA,Sucupira do Riachão,94.74153297682709,96.63271080928126,1.8911778324541757,4707
2107803,MA,Parnarama,30.450249548688543,47.28669929996315,16.83644975127461,26242
2112233,MA,Trizidela do Vale,85.24463651798116,69.4247319945644,-15.819904523416767,16878
2107902,MA,Passagem Franca,93.93109957527136,87.23577973328494,-6.695319841986418,14687
2112274,MA,Tufilândia,95.56506078343088,77.44138402003188,-18.123676763399004,6051
2108009,MA,Pastos Bons,93.05019305019304,66.50829302004146,-26.54190003015158,15148
2112456,MA,Turilândia,94.23935830826726,72.87074590019397,-21.36861240807329,15977
2108207,MA,Pedreiras,81.97071520761939,77.47887645581183,-4.491838751807563,28033
2112852,MA,Vila Nova dos Martírios,89.16904535363146,87.14772375348404,-2.0213216001474166,8903
2108306,MA,Penalva,83.67882445552348,92.99713952749232,9.31831507196884,26012
2108405,MA,Peri Mirim,64.82989937709631,80.5846727230375,15.754773345941189,11291
2108504,MA,Pindaré-Mirim,82.0342905227727,84.45063182694368,2.4163413041709845,25951
2108603,MA,Pinheiro,57.22909009912017,81.14295662771212,23.913866528591953,62810
2108702,MA,Pio XII,89.67834853576572,92.99209893507386,3.313750399308134,18787
2108801,MA,Pirapemas,85.2833044982699,92.26171068362135,6.978406185351446,12903
2108900,MA,Poção de Pedras,92.67222072919466,73.56789250353607,-19.10432822565859,14763
2109007,MA,Porto Franco,85.83074814226968,83.36300150623032,-2.467746636039365,18859
2109106,MA,Presidente Dutra,87.57992801185686,91.1133493453165,3.5334213334596285,32778
2109205,MA,Presidente Juscelino,80.09478672985782,93.51478057038678,13.41999384052896,10013
2109304,MA,Presidente Vargas,82.9746835443038,80.94702648675663,-2.0276570575471737,10343
2109403,MA,Primeira Cruz,72.66512025393725,91.40668369046297,18.741563436525723,11110
2109502,MA,Riachão,59.623858986465216,86.60769708255742,26.983838096092207,16914
2111201,MA,São José de Ribamar,65.24193904106568,83.43472565856499,18.19278661749931,131220
2109601,MA,Rosário,75.5234297108674,77.79428296129757,2.2708532504301644,32344
2109700,MA,Sambaíba,85.01128668171557,95.2634011090573,10.252114427341724,5411
2109809,MA,Santa Helena,83.20338075114576,68.2517803813462,-14.951600369799564,24651
2110005,MA,Santa Luzia,78.1959629941127,88.41844943686311,10.222486442750409,45122
2110104,MA,Santa Quitéria do Maranhão,92.45935219562156,72.5147298483139,-19.944622347307657,21173
2110203,MA,Santa Rita,78.25947848344265,84.64095419660752,6.381475713164875,28000
2110302,MA,Santo Antônio dos Lopes,72.15689715689716,85.54784333168071,13.39094617478355,15375
2110401,MA,São Benedito do Rio Preto,83.10782418690647,85.75642319335559,2.6485990064491176,16310
2110500,MA,São Bento,69.63006574428417,93.0114542554734,23.38138851118923,29321
2110609,MA,São Bernardo,79.30658921764386,46.2074064945468,-33.09918272309706,21807
2110708,MA,São Domingos do Maranhão,88.20121520418256,74.53613957352533,-13.665075630657228,28536
2110807,MA,São Félix de Balsas,41.89274447949527,62.29406279142058,20.40131831192531,4224
2110906,MA,São Francisco do Maranhão,92.11019760565412,84.70553765016115,-7.404659955492974,9158
2111003,MA,São João Batista,73.03531332925087,66.8052904281429,-6.230022901107972,20103
2111102,MA,São João dos Patos,82.06348127506287,84.20201167616234,2.138530401099473,19531
2111300,MA,São Luís,61.30461187321269,78.81173206368416,17.50712019047147,760134
2111508,MA,São Mateus do Maranhão,82.0611778158948,80.70425776754891,-1.3569200483458843,30141
2111607,MA,São Raimundo das Mangabeiras,73.34303819147114,93.19872476089267,19.855686569421536,15697
2111706,MA,São Vicente Ferrer,69.03899240855763,76.98514893982316,7.94615653126553,16729
2111805,MA,Sítio Novo,77.65402018795685,86.4149008885851,8.760880700628249,13984
2111904,MA,Sucupira do Norte,90.69113511913571,90.77149155033064,0.08035643119492875,8257
2112001,MA,Tasso Fragoso,90.2120717781403,95.41674367030124,5.204671892160945,6853
2112100,MA,Timbiras,77.1891891891892,81.64874073084374,4.459551541654548,21254
2112209,MA,Timon,75.50735709303484,89.51897549612963,14.011618403094786,124658
2112308,MA,Tuntum,93.58561967833491,68.06207313106908,-25.523546547265823,28443
2112407,MA,Turiaçu,93.73721405988469,95.02367551148039,1.2864614515956987,28166
2112506,MA,Tutóia,83.41541328364168,87.8712029912549,4.455789707613221,43215
2112605,MA,Urbano Santos,87.34667870227791,87.91970245070566,0.5730237484277438,25802
2112704,MA,Vargem Grande,57.58271493583699,69.30960739216398,11.726892456326993,32648
2112803,MA,Viana,79.90602075656672,84.38705847432473,4.481037717758014,39769
2112902,MA,Vitória do Mearim,81.07505297200848,78.35808803672698,-2.7169649352814957,24682
2113009,MA,Vitorino Freire,73.544261191518,92.18884120171674,18.644580010198737,22896
2102002,MA,Bom Jardim,88.18846384938915,74.87977789896387,-13.308685950425286,26887
2109908,MA,Santa Inês,86.6830369866918,88.64481102526624,1.9617740385744327,63445
2108108,MA,Paulo Ramos,90.50044466003719,87.4749899959984,-3.02545466403879,16850
2100055,MA,Açailândia,85.16299259511447,88.88760004639833,3.724607451283859,77999
2104057,MA,Estreito,72.3295010603862,82.81369653210808,10.484195471721875,24146
2110039,MA,Santa Luzia do Paruá,77.05594024741306,87.98470780993992,10.928767562526858,17080
2100956,MA,Arame,81.74191211974892,87.916742300478,6.174830180729089,20824
2106755,MA,Miranda do Norte,80.42242079610074,94.08851748684617,13.666096690745434,16991
2114007,MA,Zé Doca,81.41647232109979,89.37217559715945,7.9557032760596655,33010
3101631,MG,Alfredo Vasconcelos,77.9343807763401,72.48908296943232,-5.445297806907789,6138
3100104,MG,Abadia dos Dourados,89.27185574069847,88.48033511752385,-0.7915206231746197,5719
3103751,MG,Araporã,92.49527012823208,87.33216579100993,-5.163104337222151,7002
3100203,MG,Abaeté,87.91018998272884,79.8417132216015,-8.068476761127343,17445
3108552,MG,Brasilândia de Minas,72.09517209517209,76.18361237387737,4.088440278705278,12434
3100302,MG,Abre Campo,86.58369490751313,54.72001839714844,-31.86367651036469,12103
3112653,MG,Capitão Andrade,84.87272727272727,83.92795289227571,-0.9447743804515625,4057
3100401,MG,Acaiaca,56.74809771726071,25.89430894308943,-30.85378877417128,3518
3114550,MG,Carneirinho,86.56357388316151,74.5382358018298,-12.02533808133171,7995
3100500,MG,Açucena,73.91891891891892,69.3611742815795,-4.557744637339425,8225
3115458,MG,Catuji,79.30074795616629,70.80531126056216,-8.495436695604127,8492
3100609,MG,Água Boa,84.10732714138287,74.3248481715984,-9.782478969784464,11835
3122355,MG,Divisa Alegre,84.28184281842819,77.58193335169375,-6.699909466734439,5228
3100708,MG,Água Comprida,82.15845290081099,79.20792079207921,-2.950532108731778,2699
3122454,MG,Divisópolis,82.22092115534738,79.05201847760594,-3.1689026777414426,7088
3100807,MG,Aguanil,84.94960027806744,83.09859154929578,-1.8510087287716601,4331
3123528,MG,Durandé,74.8465002046664,61.97448232587325,-12.872017878793152,6585
3100906,MG,Águas Formosas,66.3867080518532,77.92985457656117,11.543146524707964,14490
3123858,MG,Entre Folhas,75.29164722351844,76.08089260808926,0.7892453845708189,5891
3101003,MG,Águas Vermelhas,76.02108036890645,61.18003859939344,-14.841041769513012,10867
3125952,MG,Fervedouro,70.79929521063592,75.448168355417,4.648873144781078,8563
3101102,MG,Aimorés,76.65941648541214,69.93318485523385,-6.72623163017829,19142
3126752,MG,Franciscópolis,90.6140350877193,90.94736842105263,0.3333333333333286,5005
3101201,MG,Aiuruoca,86.14837120175198,74.44710101613867,-11.70127018561331,4838
3130051,MG,Icaraí de Minas,45.81583198707593,40.64787416290297,-5.167957824172959,8823
3101300,MG,Alagoa,85.38788522848034,82.86768581971533,-2.5201994087650093,2619
3131158,MG,Ipaba,87.3110207486185,80.69633292130202,-6.614687827316487,13852
3101409,MG,Albertina,93.86834986474301,92.16660298051204,-1.701746884230971,3575
3135050,MG,Jaíba,73.70524296675192,67.04545454545455,-6.659788421297378,27127
3101508,MG,Além Paraíba,81.29401408450704,68.85236799733497,-12.441646087172074,27003
3135076,MG,Jampruca,67.57735352205398,62.46612466124661,-5.111228860807373,4243
3101607,MG,Alfenas,68.93005062126093,71.23962967416135,2.3095790529004177,61026
3136652,MG,Juatuba,80.93288673861804,76.15940340247029,-4.7734833361477484,25040
3101706,MG,Almenara,69.06501605622005,64.25405507355715,-4.810960982662891,31119
3137536,MG,Lagoa Grande,88.82921589688507,87.71773906861003,-1.1114768282750447,7610
3101805,MG,Alpercata,81.38653588943379,71.51109057301294,-9.875445316420851,6064
3138625,MG,Limeira do Oeste,84.09766454352442,80.93004283091985,-3.1676217126045714,6632
3101904,MG,Alpinópolis,89.04614856750729,80.99811353112673,-8.048035036380554,16046
3138658,MG,Lontra,76.41184573002755,87.62848751835536,11.216641788327806,8567
3102001,MG,Alterosa,81.97560444347637,83.03057155516171,1.0549671116853432,12246
3139250,MG,Mamonas,78.39842897665285,51.96219437024861,-26.43623460640424,6126
3102100,MG,Alto Rio Doce,73.67013791162398,80.0526152893841,6.382477377760111,10053
3140555,MG,Mata Verde,82.9885946259424,87.67000715819613,4.681412532253731,7529
3102209,MG,Alvarenga,67.74673008323424,48.779779198140616,-18.966950885093624,4518
3140852,MG,Matias Cardoso,80.76027928626843,52.24284609435421,-28.517433191914215,7349
3102308,MG,Alvinópolis,69.52460908804701,60.7886216466235,-8.735987441423518,13098
3143450,MG,Montezuma,65.00718046912398,56.115276476101215,-8.891903993022765,5966
3102407,MG,Alvorada de Minas,87.24786324786325,85.73320092684541,-1.5146623210178376,4946
3144359,MG,Naque,70.75471698113208,66.79347826086956,-3.9612387202625143,5485
3102506,MG,Amparo do Serra,59.513590844062946,64.95037220843672,5.436781364373772,4531
3145356,MG,Novo Oriente de Minas,67.15215901302261,71.80444444444444,4.652285431421831,9100
3102605,MG,Andradas,85.4918544860397,84.19297022801952,-1.2988842580201805,30175
3146750,MG,Palmópolis,50.725338491295936,87.62222752206058,36.89688903076465,6338
3102704,MG,Cachoeira de Pajeú,67.30107309171898,67.79661016949153,0.4955370777725534,6972
3149150,MG,Pedras de Maria da Cruz,58.7607637588918,67.86827747466874,9.107513715776946,8112
3102803,MG,Andrelândia,69.4164691943128,66.58845612388549,-2.8280130704273034,9885
3149952,MG,Periquito,75.84755151783736,67.57005052824988,-8.27750098958748,6318
3102902,MG,Antônio Carlos,70.25373134328358,76.17545440889289,5.921723065609314,9889
3152170,MG,Ponto dos Volantes,76.54398989101247,77.94117647058823,1.3971865795757594,9455
3103009,MG,Antônio Dias,82.96855733662146,80.5327868852459,-2.4357704513755607,9101
3154457,MG,Riachinho,82.71251193887296,82.01156069364161,-0.7009512452313515,6011
3103108,MG,Antônio Prado de Minas,88.4483937115516,72.54374158815612,-15.90465212339548,1915
3156452,MG,Rosário da Limeira,68.09307301417492,57.36454497632825,-10.728528037846672,5195
3103207,MG,Araçaí,93.11653116531166,68.97880539499036,-24.137725770321296,2834
3157252,MG,Santa Bárbara do Leste,77.8030734206033,69.74389517569982,-8.059178244903478,6925
3103306,MG,Aracitaba,92.19462747085656,75.91022443890274,-16.284403031953815,2839
3159357,MG,Santa Rita de Minas,83.9123338773607,84.4934527911785,0.5811189138178037,5935
3103405,MG,Araçuaí,60.258739333883845,57.92385647767735,-2.334882856206498,28294
3158953,MG,Santana do Paraíso,81.29811678313396,78.76238949906242,-2.535727284071541,25815
3103504,MG,Araguari,90.40354330708661,85.18240527904176,-5.221138028044848,90272
3162252,MG,São João da Lagoa,53.672158614912036,69.71556051310652,16.04340189819449,5131
3103603,MG,Arantina,76.25968992248062,65.39775500244022,-10.861934920040397,2872
3162559,MG,São João do Manhuaçu,56.40099972229936,53.24762287397884,-3.1533768483205193,9811
3103702,MG,Araponga,66.11635220125787,47.43384121892542,-18.682510982332445,6500
3162575,MG,São João do Manteninha,64.66431095406361,57.467853610286845,-7.196457343776764,5241
3103801,MG,Arapuá,93.21170980059398,91.05367793240556,-2.1580318681884165,3487
3162658,MG,São João do Pacuí,32.9306178805661,68.26714801444044,35.336530133874334,4046
3103900,MG,Araújos,88.40816326530613,80.48543689320388,-7.922726372102247,6636
3162955,MG,São José da Lapa,76.72241723449652,75.64251141863794,-1.0799058158585808,19738
3104007,MG,Araxá,36.87187372960744,63.71682988820361,26.844956158596176,81839
3165537,MG,Sarzedo,82.10076201962612,83.01138412404059,0.9106221044144718,26228
3104106,MG,Arceburgo,78.98715041572184,78.18525519848771,-0.8018952172341329,7681
3165560,MG,Sem-Peixe,89.9581589958159,84.57850579304834,-5.379653202767557,3765
3104205,MG,Arcos,87.76365722354602,76.88029545948295,-10.883361764063068,33540
3165578,MG,Senador Amaral,59.822286263208454,84.88938053097345,25.067094267765,6008
3104304,MG,Areado,86.17521846291731,84.52395391146149,-1.6512645514558244,11769
3170057,MG,Ubaporanga,76.1602281565984,78.9311010946555,2.77087293805711,10135
3104403,MG,Argirita,84.51407811080836,80.28596187175043,-4.228116239057925,3035
3170529,MG,Urucuia,71.1864406779661,72.9374252690315,1.7509845910653894,7985
3104502,MG,Arinos,72.8153295430617,73.09833024118738,0.28300069812569006,14445
3170578,MG,Vargem Alegre,79.39059500959694,67.58143113618877,-11.809163873408167,5430
3104601,MG,Astolfo Dutra,78.81090207428846,74.26820115086315,-4.542700923425315,10808
3136579,MG,Josenópolis,66.3278833406982,73.47732181425486,7.149438473556671,3576
3104700,MG,Ataléia,69.09544440068268,74.51406823433464,5.418623833651964,11033
3136959,MG,Juvenília,63.0659253375695,60.38338658146965,-2.682538756099852,5569
3104809,MG,Augusto de Lima,84.57711442786069,76.1987491313412,-8.37836529651949,4467
3138351,MG,Leme do Prado,79.17981072555204,78.4400544959128,-0.7397562296392408,4360
3104908,MG,Baependi,75.65278141647018,65.81272084805654,-9.840060568413634,15621
3138674,MG,Luisburgo,81.08108108108108,79.24657534246575,-1.8345057386153343,5860
3105004,MG,Baldim,90.62857142857143,77.96132907828046,-12.667242350290977,7093
3138682,MG,Luislândia,48.71400307759947,57.59466437177281,8.880661294173336,6783
3105103,MG,Bambuí,81.53243160159852,69.60110041265474,-11.931331188943773,19001
3140159,MG,Mário Campos,79.04245709123758,79.41040462427746,0.3679475330398816,12178
3105202,MG,Bandeira,81.22486854314877,80.50293925538864,-0.7219292877601333,4576
3140530,MG,Martins Soares,72.44429324715088,63.2907133243607,-9.153579922790179,8196
3105301,MG,Bandeira do Sul,89.90707279297884,81.92135128002111,-7.985721512957724,5237
3142254,MG,Miravânia,54.95772482705611,72.89363324437667,17.93590841732056,4128
3105400,MG,Barão de Cocais,60.07226203873719,67.82253641294412,7.750274374206924,24130
3143153,MG,Monte Formoso,76.93687230989957,87.06925963834868,10.132387328449113,4603
3105509,MG,Barão do Monte Alto,80.45112781954887,77.99597180261833,-2.4551560169305446,5613
3144375,MG,Natalândia,73.34183673469387,68.32579185520362,-5.016044879490252,3571
3105608,MG,Barbacena,70.32080415698233,64.72994087190956,-5.590863285072771,99361
3144656,MG,Ninheira,83.31475287997027,87.89873417721519,4.583981297244918,8801
3105707,MG,Barra Longa,60.984753811547115,53.50877192982456,-7.475981881722554,5500
3144672,MG,Nova Belém,79.95310668229777,85.1984126984127,5.245306016114924,3553
3169356,MG,Três Marias,80.7178334910123,73.61873399195024,-7.0990994990620635,24921
3145059,MG,Nova Porteirinha,68.34215167548501,68.73647771527477,0.39432603978976033,6102
3105905,MG,Barroso,86.66238148802829,74.10320684588123,-12.559174642147056,17476
3145372,MG,Novorizonte,81.09896432681242,82.81815650236703,1.7191921755546105,4973
3106002,MG,Bela Vista de Minas,76.25647019535816,68.89261744966443,-7.363852745693734,8231
3145455,MG,Olhos-d'Água,60.96938775510204,65.74512901527119,4.7757412601691485,5281
3106101,MG,Belmiro Braga,74.07407407407408,62.04199258954302,-12.032081484531055,3228
3145851,MG,Oratórios,41.50646076268516,36.27388535031847,-5.232575412366685,4326
3106200,MG,Belo Horizonte,68.67860912746895,64.13615465164537,-4.542454475823575,1962881
3145877,MG,Orizânia,56.211308295501446,61.16152450090744,4.950216205405994,6816
3106309,MG,Belo Oriente,83.33577927795714,75.69735254453829,-7.638426733418854,20696
3146255,MG,Padre Carvalho,71.4873417721519,58.20224719101124,-13.285094581140655,5095
3106408,MG,Belo Vale,79.35625210650488,78.75505254648343,-0.6011995600214561,8588
3146552,MG,Pai Pedro,51.57007914220066,64.56614153538385,12.996062393183188,5550
3106507,MG,Berilo,79.55897794889745,69.34879571810883,-10.210182230788618,8995
3147956,MG,Patis,60.074826296098344,77.41396592048112,17.339139624382774,5226
3106606,MG,Bertópolis,58.752387014640355,49.718076285240464,-9.034310729399891,4066
3148756,MG,Pedra Bonita,53.26271186440678,52.15428805908904,-1.1084238053177415,6260
3106705,MG,Betim,76.00116317713525,67.31874329302568,-8.682419884109578,301331
3150158,MG,Piedade de Caratinga,81.40819964349376,82.18123209169055,0.773032448196787,7808
3106804,MG,Bias Fortes,88.07597608160394,84.20251237152645,-3.8734637100774876,3816
3150539,MG,Pingo-d'Água,73.73104812129202,74.7442680776014,1.0132199563093849,4149
3106903,MG,Bicas,65.18800688129761,63.43503937007874,-1.7529675112188698,11577
3150570,MG,Pintópolis,74.06442444339176,72.81417579855444,-1.2502486448373133,6546
3107000,MG,Biquinhas,87.69883351007424,84.13793103448276,-3.560902475591476,2682
3152131,MG,Ponto Chique,85.31684698608964,87.19135802469135,1.8745110386017103,3901
3107109,MG,Boa Esperança,68.9455751815655,69.2449525214345,0.29937733986899673,32514
3154150,MG,Reduto,70.76923076923077,59.22028222913179,-11.548948540098984,5853
3107208,MG,Bocaina de Minas,86.56221753540223,84.77781279546171,-1.7844047399405127,4428
3157278,MG,Santa Bárbara do Monte Verde,53.49842767295598,68.9396777819408,15.441250108984825,3595
3107307,MG,Bocaiúva,57.581508331119295,56.792500209257554,-0.7890081218617411,35646
3157336,MG,Santa Cruz de Minas,73.80305247752456,66.51573954290643,-7.287312934618129,6469
3107406,MG,Bom Despacho,87.14221320712193,81.99874144576418,-5.143471761357745,39052
3157377,MG,Santa Cruz de Salinas,77.6797829036635,81.12005365526493,3.4402707516014317,4496
3107505,MG,Bom Jardim de Minas,71.75180779099604,73.39977851605758,1.6479707250615405,6321
3157658,MG,Santa Helena de Minas,75.54931016862545,68.89003347926861,-6.659276689356844,5344
3107604,MG,Bom Jesus da Penha,92.84140969162996,83.04961970300616,-9.791789988623805,3674
3160454,MG,Santo Antônio do Retiro,67.58650897941305,69.65876983264508,2.0722608532320237,6670
3107703,MG,Bom Jesus do Amparo,70.95305832147938,74.01641664307954,3.0633583216001625,5181
3160959,MG,São Domingos das Dores,75.1839634610505,82.35033259423503,7.166369133184531,5911
3107802,MG,Bom Jesus do Galho,56.85323931247245,52.58226691042047,-4.2709724020519815,12061
3161056,MG,São Félix de Minas,83.10204081632654,84.82344102178813,1.7214002054615918,3798
3107901,MG,Bom Repouso,80.53963372011744,79.44274096787095,-1.0968927522464895,10209
3161650,MG,São Geraldo do Baixio,85.88903451288772,88.60325621251071,2.714221699622996,3221
3108008,MG,Bom Sucesso,75.0141589579007,57.331437855402115,-17.68272110249859,15102
3162450,MG,São João das Missões,39.493996569468266,40.43647484014456,0.9424782706762969,9981
3108107,MG,Bonfim,75.60528992878942,69.13254965545197,-6.47274027333745,7317
3162922,MG,São Joaquim de Bicas,77.89566157588864,69.43495715740907,-8.460704418479565,25074
3108206,MG,Bonfinópolis de Minas,65.05160550458716,75.29310837861024,10.241502874023084,5044
3162948,MG,São José da Barra,86.82672233820459,77.75950668037,-9.067215657834595,6753
3108305,MG,Borda da Mata,87.73418900734913,84.81419970936267,-2.9199892979864615,13454
3102050,MG,Alto Caparaó,85.25280898876404,66.703146374829,-18.54966261393504,4563
3108404,MG,Botelhos,72.01261280852452,69.11950407530708,-2.8931087332174457,12776
3102852,MG,Angelândia,92.26255161921321,50.857142857142854,-41.40540876207036,6879
3108503,MG,Botumirim,80.87141339001063,71.64864864864865,-9.222764741361985,5656
3104452,MG,Aricanduva,76.49938800489596,62.66968325791855,-13.829704746977413,5172
3108602,MG,Brasília de Minas,56.16254757947783,62.90632054176072,6.74377296228289,27089
3106655,MG,Berizal,85.8970259034218,89.8128260202516,3.9158001168298,4307
3108701,MG,Brás Pires,77.1026543012472,76.72996459607339,-0.37268970517381206,4684
3108255,MG,Bonito de Minas,73.62462409340174,66.96644759598755,-6.658176497414189,8624
3108800,MG,Braúnas,73.25581395348837,75.06352087114338,1.8077069176550111,4386
3109253,MG,Bugre,87.72770853307766,82.36808236808237,-5.359626164995291,4365
3108909,MG,Brazópolis,68.99764150943396,70.92980967389987,1.9321681644659066,12541
3109451,MG,Cabeceira Grande,77.73815588385125,81.62251655629139,3.8843606724401383,5891
3109006,MG,Brumadinho,72.72493683354033,75.28842722911628,2.563490395575954,35365
3111150,MG,Campo Azul,74.88438278192814,41.02373887240356,-33.860643909524576,4494
3109105,MG,Bueno Brandão,89.67283542630535,87.40617180984154,-2.2666636164638163,8694
3112059,MG,Cantagalo,80.7631160572337,81.3701923076923,0.6070762504586042,3858
3109204,MG,Buenópolis,80.81534772182255,75.9310618066561,-4.884285915166444,8547
3115359,MG,Catas Altas,76.93401592718999,68.99488926746167,-7.939126659728316,5156
3109303,MG,Buritis,77.80288671818049,76.05479452054794,-1.7480921976325448,20576
3115474,MG,Catuti,67.6328502415459,75.63392596910522,8.001075727559325,4594
3109402,MG,Buritizeiro,87.41166077738517,90.18567639257294,2.7740156151877784,20491
3116159,MG,Chapada Gaúcha,75.85993182522466,74.07739429254445,-1.7825375326802089,9582
3109501,MG,Cabo Verde,76.65423401022241,77.04178191876547,0.38754790854305554,9573
3117836,MG,Cônego Marinho,65.70314292268868,73.92382240252422,8.220679479835539,6340
3109600,MG,Cachoeira da Prata,82.36842105263158,77.66116941529235,-4.707251637339226,3473
3117876,MG,Confins,82.42710795902285,81.44560357675111,-0.9815043822717371,7057
3109709,MG,Cachoeira de Minas,88.46789749242215,85.25081788440568,-3.2170796080164763,10111
3119955,MG,Córrego Fundo,92.44398124022929,88.05528134254689,-4.3886998976824,5391
3109808,MG,Cachoeira Dourada,92.18579234972678,79.3371310201968,-12.848661329529989,2798
3120151,MG,Crisólita,43.56125356125356,62.98046628859483,19.419212727341275,4714
3109907,MG,Caetanópolis,93.48907309721176,67.10318712527611,-26.38588597193565,8761
3120839,MG,Cuparaque,95.34062830921285,93.1356214595135,-2.2050068496993447,3950
3110004,MG,Caeté,75.92202761872684,74.03295288004618,-1.8890747386806623,34347
3120870,MG,Curral de Dentro,71.43167972149695,67.40480132450331,-4.026878396993638,6816
3110103,MG,Caiana,80.04979769685652,82.07430340557275,2.0245057087162337,4437
3121258,MG,Delta,90.25700934579439,70.90982449061933,-19.34718485517506,7483
3110202,MG,Cajuri,80.41691133294186,81.83894917190177,1.422037838959909,4769
3122470,MG,Dom Bosco,88.69047619047619,88.54019746121297,-0.1502787292632206,3777
3110301,MG,Caldas,84.32854623330813,82.43599894431249,-1.8925472889956438,10804
3126950,MG,Frei Lagonegro,78.05074506645187,42.823984526112184,-35.22676054033968,3669
3110400,MG,Camacho,78.58974358974359,80.04237288135593,1.4526292916123396,3110
3127073,MG,Fruta de Leite,77.54846779237023,68.22667940146451,-9.321788390905724,5143
3110509,MG,Camanducaia,65.90606262491673,71.25297058100467,5.3469079560879464,18995
3127339,MG,Gameleiras,87.39639897113462,84.13643746616134,-3.259961504973276,4725
3110608,MG,Cambuí,72.64985696227797,73.65373094588298,1.0038739836050183,22533
3127354,MG,Glaucilândia,55.71760026516407,70.48780487804878,14.770204612884704,4010
3110707,MG,Cambuquira,73.36534387798334,74.05180388529139,0.6864600073080567,10156
3127370,MG,Goiabeira,76.98447893569845,90.88507265521797,13.90059371951952,3104
3110806,MG,Campanário,81.73758865248227,70.55187637969095,-11.18571227279132,3378
3127388,MG,Goianá,58.984375,67.09455228553539,8.110177285535386,4491
3110905,MG,Campanha,63.35568917668825,73.20362855096681,9.84793937427856,12728
3128253,MG,Guaraciama,73.1362804080565,58.777223825767514,-14.359056582288993,5315
3111002,MG,Campestre,87.00391047508113,84.11652505635513,-2.887385418725998,16476
3129657,MG,Ibiracatu,59.38446014127144,38.1578947368421,-21.226565404429337,5859
3111101,MG,Campina Verde,82.42742433600988,78.77994374939385,-3.6474805866160267,14503
3130556,MG,Imbé de Minas,58.936272160996644,68.58020316560359,9.643931004606948,5724
3111200,MG,Campo Belo,90.27824213380883,83.07620925646677,-7.202032877342063,39354
3130655,MG,Indaiabira,80.03315963998105,65.10832383124287,-14.92483580873818,6438
3111309,MG,Campo do Meio,55.750034185696705,70.14864312014183,14.398608934445122,10449
3135357,MG,Japonvar,63.70494551550713,61.54336734693877,-2.1615781685683544,8549
3111408,MG,Campo Florido,78.69507323568575,70.46270864145362,-8.232364594232138,6473
3135456,MG,Jenipapo de Minas,50.64365927143248,64.67496542185339,14.031306150420903,6076
3111507,MG,Campos Altos,86.51218062982768,84.85326601451563,-1.6589146153120566,10084
3136520,MG,José Gonçalves de Minas,83.31410995770857,89.87915407854985,6.565044120841279,3806
3111606,MG,Campos Gerais,81.357312521208,78.81188118811882,-2.5454313330891836,20480
3136553,MG,José Raydan,78.54265836689858,88.82099209202013,10.278333725121556,4368
3111705,MG,Canaã,75.14318442153494,64.8964108549752,-10.246773566559739,4403
3164431,MG,São Sebastião da Vargem Alegre,85.3459972862958,78.36517103509551,-6.980826251200284,3044
3111804,MG,Canápolis,74.87770238283099,69.40608883713192,-5.471613545699071,8773
3164472,MG,São Sebastião do Anta,80.46068308181096,86.04651162790698,5.585828546096025,5604
3111903,MG,Cana Verde,89.77907905243545,67.98805321748574,-21.791025834949707,4983
3166956,MG,Serranópolis de Minas,46.72866157422783,52.32329842931937,5.594636855091544,4136
3112000,MG,Candeias,81.9910657306956,77.1265560165975,-4.864509714098091,11511
3165552,MG,Setubinha,82.72350707628581,81.509754028838,-1.2137530474478098,9306
3112109,MG,Caparaó,86.41239570917759,85.49573403942335,-0.9166616697542338,4639
3168051,MG,Taparuba,82.21667854597291,73.10722850291195,-9.10945004306096,4088
3112208,MG,Capela Nova,80.80654942389327,78.43137254901961,-2.3751768748736595,4746
3170438,MG,União de Minas,86.12261806130903,76.29427792915531,-9.828340132153713,3158
3112307,MG,Capelinha,84.13244252308901,67.95943281059255,-16.173009712496466,31071
3170479,MG,Uruana de Minas,84.81012658227849,87.87764350453172,3.0675169222532332,3686
3112406,MG,Capetinga,83.67548849863962,79.7178599946766,-3.957628503963022,5621
3170651,MG,Vargem Grande do Rio Pardo,93.30143540669856,82.6454033771107,-10.656032029587863,4199
3112505,MG,Capim Branco,90.94257492047548,86.30093038177735,-4.641644538698131,8469
3170750,MG,Varjão de Minas,93.8872772482387,86.6378422894791,-7.249434958759608,6717
3112604,MG,Capinópolis,85.17779603332941,76.67886226838192,-8.498933764947495,11606
3171030,MG,Verdelândia,64.64941569282136,49.015567765567766,-15.633847927253598,6974
3112703,MG,Capitão Enéas,57.477110885045775,74.82789972723731,17.350788842191534,13076
3171071,MG,Veredinha,73.96807925151349,66.65785997357992,-7.3102192779335695,5268
3112802,MG,Capitólio,79.19592696629213,75.00428890032596,-4.191638065966174,8244
3171154,MG,Vermelho Novo,68.91364902506963,72.34282492246969,3.4291758974000572,5097
3112901,MG,Caputira,74.54424925422605,68.32997311827957,-6.214276135946477,7830
3169059,MG,Tocos do Moji,86.97585768742059,83.56750152718388,-3.408356160236707,4159
3113008,MG,Caraí,78.84536082474227,65.74787190920146,-13.097488915540808,15521
3113107,MG,Caranaíba,69.31303990127519,86.59127625201938,17.278236350744194,3454
3113206,MG,Carandaí,62.138263665594856,66.6738894907909,4.535625825196043,20681
3113305,MG,Carangola,69.53080836630865,67.2763252578556,-2.2544831084530443,23079
3113404,MG,Caratinga,78.81718012143018,73.23368303778665,-5.583497083643536,60396
3113503,MG,Carbonita,59.103335155822855,58.83424408014572,-0.26909107567713164,8158
3113602,MG,Careaçu,87.22627737226277,82.10633946830266,-5.119937903960107,5368
3113701,MG,Carlos Chagas,91.10254999082737,87.41410147792526,-3.688448512902113,16293
3113800,MG,Carmésia,94.78753541076487,79.65274009766685,-15.134795313098024,2715
3113909,MG,Carmo da Cachoeira,67.34539969834087,71.61031134917978,4.264911650838911,9450
3114006,MG,Carmo da Mata,75.2069654581787,72.19084423305588,-3.0161212251228164,9616
3114105,MG,Carmo de Minas,84.77603737290464,73.81089651196311,-10.965140860941531,9819
3114204,MG,Carmo do Cajuru,76.56227133030879,72.33767167613432,-4.224599654174469,19084
3114303,MG,Carmo do Paranaíba,84.30221178312782,87.126841350541,2.824629567413183,22242
3114402,MG,Carmo do Rio Claro,87.52684477278585,80.1193358699412,-7.407508902844654,15908
3114501,MG,Carmópolis de Minas,70.73218100602058,79.87702627166014,9.14484526563956,13900
3114600,MG,Carrancas,73.22097378277154,69.26263463131731,-3.9583391514542257,3441
3114709,MG,Carvalhópolis,67.8585617798967,69.09620991253644,1.237648132639734,3407
3114808,MG,Carvalhos,94.11764705882354,88.59174001354096,-5.52590704528258,3994
3114907,MG,Casa Grande,50.8780487804878,85.77758085954807,34.899532079060265,3027
3115003,MG,Cascalho Rico,90.83850931677019,92.63496603503754,1.7964567182673505,3773
3115102,MG,Cássia,78.85954135954135,74.3950925820743,-4.464448777467055,13923
3115201,MG,Conceição da Barra de Minas,87.52997601918466,85.92781625956981,-1.6021597596148496,3677
3115300,MG,Cataguases,67.14710950963497,62.72265357387531,-4.42445593575966,52111
3115409,MG,Catas Altas da Noruega,67.23716381418093,79.87721691678036,12.640053102599424,4149
3115508,MG,Caxambu,81.825,75.33792622307492,-6.487073776925087,17661
3115607,MG,Cedro do Abaeté,92.21218961625283,90.13360739979446,-2.078582216458372,1420
3115706,MG,Central de Minas,82.0956500841144,79.05859750240154,-3.0370525817128566,5637
3115805,MG,Centralina,81.37768938709094,79.86149079642792,-1.5161985906630235,7672
3115904,MG,Chácara,34.70881863560732,79.7065251326881,44.99770649708078,4371
3116001,MG,Chalé,75.28919517597834,78.3129642942727,3.023769118294368,5271
3116100,MG,Chapada do Norte,72.54833040421792,72.08204755854057,-0.46628284567735534,9254
3116209,MG,Chiador,72.7154046997389,84.95726495726495,12.241860257526056,3296
3116308,MG,Cipotânea,74.84679665738162,76.23482924075643,1.3880325833748088,5815
3116407,MG,Claraval,90.37433155080214,90.59470788577417,0.22037633497203046,5078
3116506,MG,Claro dos Poções,49.838940586972086,62.23517978620019,12.396239199228106,7507
3116605,MG,Cláudio,77.19863650449334,79.45510314548626,2.256466640992926,22834
3116704,MG,Coimbra,71.33347648700881,72.32917283689444,0.9956963498856339,6598
3116803,MG,Coluna,62.65878230398598,43.370228145470975,-19.288554158515005,6936
3116902,MG,Comendador Gomes,83.9481555333998,80.26565464895636,-3.682500884443442,2849
3117009,MG,Comercinho,47.45250431778929,65.97315436241611,18.52065004462682,6683
3117108,MG,Conceição da Aparecida,92.22972972972973,87.36616702355461,-4.8635627061751165,8306
3117207,MG,Conceição das Pedras,89.5,91.18363370677058,1.6836337067705784,2816
3117306,MG,Conceição das Alagoas,84.9767275331185,74.46778111158737,-10.508946421531135,20159
3117405,MG,Conceição de Ipanema,77.77777777777777,81.45616641901931,3.67838864124154,4497
3117504,MG,Conceição do Mato Dentro,59.03574119025697,55.80977283869913,-3.225968351557839,19793
3117603,MG,Conceição do Pará,92.14020180562932,90.69188651070183,-1.4483152949274825,5489
3117702,MG,Conceição do Rio Verde,90.42948038176034,87.53859107493685,-2.890889306823496,10403
3117801,MG,Conceição dos Ouros,86.50442477876106,85.7432334635982,-0.7611913151628613,9042
3117900,MG,Congonhal,87.67067176406336,84.48700410396717,-3.183667660096191,9730
3118007,MG,Congonhas,81.39920640083263,72.60031995733902,-8.7988864434936,43886
3118106,MG,Congonhas do Norte,87.65151515151516,88.08823529411765,0.43672014260249625,4429
3118205,MG,Conquista,81.9713351772693,81.8976279650437,-0.0737072122255995,5471
3118304,MG,Conselheiro Lafaiete,36.99855578457353,74.62200170282728,37.62344591825374,94214
3118403,MG,Conselheiro Pena,78.10604062252703,76.64435519857207,-1.461685423954961,15714
3118502,MG,Consolação,94.68164794007491,89.89399293286219,-4.78765500721272,2032
3118601,MG,Contagem,71.40716238969227,68.23350569759647,-3.173656692095804,463159
3118700,MG,Coqueiral,81.73026200105504,82.9587324981577,1.2284704971026628,7797
3118809,MG,Coração de Jesus,62.28552278820376,67.67161090031045,5.386088112106698,21926
3118908,MG,Cordisburgo,87.98471824259789,66.4321608040201,-21.552557438577793,6880
3119005,MG,Cordislândia,81.24091129423171,81.5406294034758,0.2997181092440968,2969
3119104,MG,Corinto,89.14947079875124,83.59344365147831,-5.556027147272928,19765
3119203,MG,Coroaci,78.72105843439911,75.2599890530925,-3.461069381306615,7969
3119302,MG,Coromandel,92.38332080272974,89.88311393554244,-2.500206867187302,24503
3119401,MG,Coronel Fabriciano,76.8144170702604,80.36537779354381,3.55096072328341,79951
3119500,MG,Coronel Murta,78.94430428876383,52.84149617689605,-26.10280811186778,7295
3119609,MG,Coronel Pacheco,51.78965974370305,76.69400086318515,24.904341119482105,3068
3119708,MG,Coronel Xavier Chaves,67.8963548528766,57.66233766233766,-10.234017190538935,3179
3119807,MG,Córrego Danta,88.12868146805619,69.9522362136344,-18.176445254421793,3391
3119906,MG,Córrego do Bom Jesus,77.47126436781609,79.67297210644438,2.2017077386282864,4380
3120003,MG,Córrego Novo,86.60436137071652,58.38532110091743,-28.219040269799088,3921
3120102,MG,Couto de Magalhães de Minas,79.26038886770873,61.94690265486726,-17.313486212841468,3916
3120201,MG,Cristais,84.99142367066895,80.79514824797843,-4.196275422690519,8667
3120300,MG,Cristália,76.33016968651135,81.27647557187235,4.946305885360999,5202
3120409,MG,Cristiano Otoni,56.71736375158429,71.15997450605481,14.442610754470522,4448
3120508,MG,Cristina,84.89431173741193,79.23691215616681,-5.657399581245116,8297
3120607,MG,Crucilândia,84.49211682605325,88.0711286737466,3.5790118476933515,5672
3120706,MG,Cruzeiro da Fortaleza,94.59196891191709,93.39019189765459,-1.201777014262504,4351
3120805,MG,Cruzília,63.87713014219038,65.37541301127948,1.4982828690890955,12916
3120904,MG,Curvelo,84.09839288347176,49.108334344292125,-34.990058539179635,61304
3121001,MG,Datas,85.49552152557064,74.35818125579956,-11.137340269771073,5139
3121100,MG,Delfim Moreira,64.45634266886326,75.26372443487621,10.807381766012952,6363
3121209,MG,Delfinópolis,90.68308550185874,83.28741965105601,-7.395665850802729,6314
3121308,MG,Descoberto,66.4167916041979,67.45367603108188,1.0368844268839865,4548
3121407,MG,Desterro de Entre Rios,80.56569343065694,74.0649496080627,-6.500743822594231,6445
3121506,MG,Desterro do Melo,86.72627235213204,91.39915202907329,4.67287967694125,4211
3121605,MG,Diamantina,69.43022604147207,60.568274734260015,-8.861951307212053,38586
3121704,MG,Diogo de Vasconcelos,77.72346368715084,76.17474302496329,-1.5487206621875487,3860
3121803,MG,Dionísio,86.82468503096305,78.58902575587906,-8.23565927508399,6910
3121902,MG,Divinésia,73.53689567430025,77.99413176847159,4.457236094171336,5015
3122009,MG,Divino,55.73683277176804,51.087562744004465,-4.649270027763578,16043
3122108,MG,Divino das Laranjeiras,89.64638419878942,86.53846153846153,-3.107922660327887,4710
3122207,MG,Divinolândia de Minas,80.67693862086385,54.554124940391034,-26.122813680472817,6375
3122306,MG,Divinópolis,82.40145552474232,70.77164735912037,-11.629808165621952,171424
3122405,MG,Divisa Nova,71.35770234986946,70.91212458286985,-0.4455777669996053,5107
3122504,MG,Dom Cavati,75.42503863987635,72.89634146341463,-2.528697176461719,4341
3122603,MG,Dom Joaquim,74.13427561837456,75.51244509516837,1.3781694767938149,4273
3122702,MG,Dom Silvério,76.2685156003782,70.53156146179403,-5.736954138584167,4478
3122801,MG,Dom Viçoso,75.2258064516129,78.09604043807919,2.870233986466289,3156
3122900,MG,Dona Euzébia,76.81928776819288,64.8838228846997,-11.935464883493182,5779
3123007,MG,Dores de Campos,85.05443747937974,76.96180555555556,-8.092631923824186,8082
3123106,MG,Dores de Guanhães,80.90651558073654,79.88217967599411,-1.0243359047424292,5278
3123205,MG,Dores do Indaiá,89.99868921221655,84.01715511079342,-5.981534101423122,10109
3123304,MG,Dores do Turvo,78.28659634679701,77.69545222278998,-0.5911441240070303,5453
3123403,MG,Doresópolis,54.53929539295393,86.07681755829904,31.53752216534511,2217
3123502,MG,Douradoquara,83.36495888678051,79.7717184527584,-3.593240434022107,2127
3123601,MG,Elói Mendes,76.48228117074508,74.03131539072083,-2.450965780024248,19976
3123700,MG,Engenheiro Caldas,87.05008569796229,78.76392382321237,-8.286161874749922,7790
3123809,MG,Engenheiro Navarro,52.59044216167932,48.208920730298125,-4.381521431381195,6173
3123908,MG,Entre Rios de Minas,72.14001766784452,70.89703237410072,-1.2429852937438,12811
3124005,MG,Ervália,73.3701366982124,64.2658034349429,-9.10433326326951,16477
3124104,MG,Esmeraldas,75.44667628454111,73.79212821117135,-1.6545480733697673,56992
3124203,MG,Espera Feliz,74.38480467548446,72.899961074348,-1.4848436011364612,18165
3124302,MG,Espinosa,61.95559593435921,74.91904788956428,12.963451955205073,23563
3124401,MG,Espírito Santo do Dourado,89.656912209889,93.54361754558896,3.8867053356999577,5531
3124500,MG,Estiva,86.5696935461093,84.53085376162299,-2.0388397844863135,9545
3124609,MG,Estrela Dalva,30.54903801032379,88.41492971400872,57.86589170368493,2914
3124708,MG,Estrela do Indaiá,94.00676655389077,91.70957775489187,-2.297188798998903,2723
3124807,MG,Estrela do Sul,87.68046198267565,84.08087380897048,-3.599588173705172,5929
3124906,MG,Eugenópolis,81.57319737800437,77.0564086969743,-4.516788681030064,8749
3125002,MG,Ewbank da Câmara,65.03561474140601,61.0832811521603,-3.952333589245704,4497
3125101,MG,Extrema,74.30240634064631,76.92577276231864,2.62336642167233,43710
3125200,MG,Fama,76.73289183222958,66.18547681539808,-10.547415016831508,3353
3125309,MG,Faria Lemos,50.962309542902965,55.17656500802568,4.214255465122719,3325
3125408,MG,Felício dos Santos,76.17272444858652,67.82945736434108,-8.34326708424544,5047
3125507,MG,São Gonçalo do Rio Preto,75.84467977811397,65.44372830937036,-10.400951468743614,3128
3125606,MG,Felisburgo,56.035611416601206,73.65577566246462,17.620164245863414,5960
3125705,MG,Felixlândia,82.02719406674908,42.55646210240038,-39.470731964348694,12556
3125804,MG,Fernandes Tourinho,93.23467230443974,85.41442411194834,-7.820248192491405,2576
3125903,MG,Ferros,82.25093505610337,85.76977401129943,3.5188389551960597,8588
3126000,MG,Florestal,75.68451164691459,75.02989238740534,-0.6546192595092464,6984
3126109,MG,Formiga,84.1045566937478,79.92496376090726,-4.179592932840535,54475
3126208,MG,Formoso,80.7909604519774,76.58119658119658,-4.209763870780819,6281
3126307,MG,Fortaleza de Minas,82.69143633892162,82.96296296296296,0.27152662404134276,3215
3126406,MG,Fortuna de Minas,91.25809435707679,76.08506944444444,-15.173024912632343,3012
3126505,MG,Francisco Badaró,45.66129388385957,41.63611365719523,-4.0251802266643395,7239
3126604,MG,Francisco Dumont,84.44444444444444,83.34441489361703,-1.100029550827415,4726
3126703,MG,Francisco Sá,59.518647007805725,58.28825962456252,-1.2303873832432046,19569
3126802,MG,Frei Gaspar,89.11635138636953,88.71951219512195,-0.3968391912475795,5964
3126901,MG,Frei Inocêncio,84.78350515463917,83.79766844497135,-0.9858367096678222,6787
3127008,MG,Fronteira,86.9301321823577,78.16451393609789,-8.765618246259805,10748
3127107,MG,Frutal,86.91329563056085,80.77793493635077,-6.135360694210078,42350
3127206,MG,Funilândia,91.30316248636859,62.66116554925219,-28.641996937116403,5397
3127305,MG,Galiléia,79.07983761840325,78.52476864452912,-0.5550689738741283,5434
3127404,MG,Gonçalves,85.77570763167324,84.53572661373835,-1.2399810179348947,4111
3127503,MG,Gonzaga,90.0990099009901,86.47638464152226,-3.6226252594678385,4583
3127602,MG,Gouveia,91.28359023325604,85.43605900042961,-5.847531232826427,10625
3127701,MG,Governador Valadares,80.41701085253654,72.77774470111932,-7.6392661514172175,193259
3127800,MG,Grão Mogol,62.43134383009887,59.88788945378699,-2.543454376311878,12001
3127909,MG,Grupiara,88.96999188969991,88.96296296296296,-0.007028926736950325,1789
3128006,MG,Guanhães,74.57992517912625,65.00815660685154,-9.571768572274706,25045
3128105,MG,Guapé,74.37612554669411,75.15837713977625,0.7822515930821368,10938
3128204,MG,Guaraciaba,65.65606361829026,65.94894947039417,0.2928858521039075,8024
3128303,MG,Guaranésia,69.25630810092962,67.20675944333996,-2.0495486575896535,14891
3128402,MG,Guarani,61.556650246305416,51.94915254237288,-9.607497703932538,6718
3128501,MG,Guarará,76.23685235683678,69.24882629107981,-6.988026065756969,3674
3128600,MG,Guarda-Mor,87.58454106280193,88.35841956726246,0.7738785044605265,6293
3128709,MG,Guaxupé,76.48209671465486,71.89719049089226,-4.5849062237626015,39357
3128808,MG,Guidoval,84.99304313257802,76.04895104895105,-8.94409208362697,6718
3128907,MG,Guimarânia,89.56290849673202,88.07960607304062,-1.4833024236913985,6658
3129004,MG,Guiricema,67.41095162147793,68.54970124932102,1.138749627843083,7503
3129103,MG,Gurinhatã,90.19384264538198,84.69960696238068,-5.494235683001293,5083
3129202,MG,Heliodora,82.7336331834083,91.69893514036787,8.965301956959564,5308
3129301,MG,Iapu,77.51188051595383,79.67409948542024,2.1622189694664087,8427
3129400,MG,Ibertioga,60.8683314415437,70.2152757298732,9.346944288329496,4944
3129509,MG,Ibiá,78.85317115551695,81.25875350140056,2.405582345883616,16838
3129608,MG,Ibiaí,68.31162896961389,72.13799165018678,3.8263626805728848,6806
3129707,MG,Ibiraci,65.87567331489299,48.02851738687618,-17.84715592801681,9469
3129806,MG,Ibirité,81.9905746324894,76.90867793592275,-5.081896696566645,122305
3129905,MG,Ibitiúra de Minas,90.7586763518967,92.97520661157024,2.216530259673547,3709
3130002,MG,Ibituruna,87.01298701298701,62.05263157894737,-24.96035543403964,2602
3130101,MG,Igarapé,77.99336798709446,74.2929506120726,-3.700417375021857,35009
3130200,MG,Igaratinga,94.17183051415174,89.46425663572708,-4.707573878424654,8345
3130309,MG,Iguatama,88.88406426400347,73.27199811276245,-15.612066151241024,6258
3130408,MG,Ijaci,87.50557786702365,40.05330748727889,-47.45227037974475,5796
3130507,MG,Ilicínea,75.34826550122918,76.30786871148058,0.9596032102514016,9938
3130606,MG,Inconfidentes,80.37168511171434,76.87045746045318,-3.5012276512611606,6559
3130705,MG,Indianópolis,85.47908232118759,81.93751640850617,-3.5415659126814205,5187
3130804,MG,Ingaí,87.28571428571429,81.85273159144893,-5.4329826942653625,2824
3130903,MG,Inhapim,80.58245662927611,79.67450785303106,-0.9079487762450498,19666
3131000,MG,Inhaúma,92.1259842519685,74.23506556580864,-17.890918686159864,5730
3131109,MG,Inimutaba,86.51735722284434,65.96515048653542,-20.552206736308918,6575
3131208,MG,Ipanema,83.68011579518726,78.73120645397873,-4.948909341208534,16006
3131307,MG,Ipatinga,79.03589887290616,78.56758082282094,-0.468318050085216,176404
3131406,MG,Ipiaçu,92.5322213798332,84.79818936250471,-7.734032017328488,3925
3131505,MG,Ipuiúna,90.62705187130663,89.18219461697723,-1.4448572543294063,7715
3131604,MG,Iraí de Minas,89.96460545492401,87.24884080370943,-2.7157646512145845,6872
3131703,MG,Itabira,71.32728260026374,73.51620631118021,2.1889237109164696,88411
3131802,MG,Itabirinha,82.57477243172951,76.87947494033413,-5.6952974913953796,8907
3131901,MG,Itabirito,79.25385789384433,71.78863436718697,-7.465223526657354,45011
3132008,MG,Itacambira,59.715364507696776,80.64238600516202,20.927021497465248,4825
3132107,MG,Itacarambi,61.67543957890021,51.270365728608866,-10.405073850291345,14164
3132206,MG,Itaguara,82.27350203225383,79.57172884918549,-2.7017731830683402,10982
3132305,MG,Itaipé,77.00650759219089,85.25007964319848,8.24357205100759,9564
3132404,MG,Itajubá,77.21672944130572,65.971217237498,-11.24551220380772,68382
3132503,MG,Itamarandiba,66.42110673291074,25.707760131725713,-40.71334660118503,26424
3132602,MG,Itamarati de Minas,64.58773784355179,56.91617799241118,-7.671559851140614,3881
3132701,MG,Itambacuri,77.19801062125937,62.69110493398193,-14.506905687277438,18385
3132800,MG,Itambé do Mato Dentro,84.19936373276776,78.62244897959184,-5.576914753175927,2720
3132909,MG,Itamogi,68.17826426896012,73.61041562343516,5.432151354475039,9062
3133006,MG,Itamonte,63.38747099767981,74.18670438472418,10.799233387044367,12325
3133105,MG,Itanhandu,76.58185840707965,75.46563192904657,-1.1162264780330844,12883
3133204,MG,Itanhomi,68.30262760495319,72.9436577282314,4.641030123278213,9623
3133303,MG,Itaobim,69.76096333572968,71.58934943727697,1.8283861015472809,16892
3133402,MG,Itapagipe,91.77173191771732,79.12718537301481,-12.644546544702507,10382
3133501,MG,Itapecerica,84.85012779800171,84.60782089100672,-0.24230690699498325,17089
3133600,MG,Itapeva,85.32048029764925,85.7439667572319,0.42348645958264797,9518
3133709,MG,Itatiaiuçu,75.7513939888481,82.12510116776507,6.373707178916973,12385
3133808,MG,Itaúna,87.65684616292334,79.72230546398961,-7.934540698933731,70853
3133907,MG,Itaverava,56.49810964083176,85.45712932259593,28.959019681764175,5696
3134004,MG,Itinga,67.30441619709082,59.324428461340865,-7.979987735749951,11490
3134103,MG,Itueta,84.72260180377152,79.84454569820423,-4.878056105567296,5084
3134202,MG,Ituiutaba,93.81998506985177,74.93955737400037,-18.880427695851395,77489
3134301,MG,Itumirim,74.85392772127246,67.34139718588003,-7.512530535392429,5825
3134400,MG,Iturama,90.25867330172292,77.16086136747047,-13.097811934252448,29988
3134509,MG,Itutinga,80.38015463917526,76.74418604651163,-3.6359685926636303,3559
3134608,MG,Jaboticatubas,82.7333631085306,85.29512697323267,2.5617638647020726,16254
3134707,MG,Jacinto,70.5050505050505,73.61901573485102,3.113965229800513,9219
3134806,MG,Jacuí,89.47368421052632,87.87134241679696,-1.6023417937293516,6410
3134905,MG,Jacutinga,88.12809359532024,85.23022169496552,-2.8978719003547155,19258
3135001,MG,Jaguaraçu,78.93626002532714,79.27740863787375,0.3411486125466041,3209
3135100,MG,Janaúba,72.55605142917862,69.92201621649538,-2.6340352126832443,55304
3135209,MG,Januária,60.399172087522174,63.25412975819967,2.854957670677493,51290
3135308,MG,Japaraíba,81.17076808351976,82.93444328824141,1.7636752047216504,3685
3135407,MG,Jeceaba,73.7979094076655,77.15364644795847,3.355737040292965,5837
3135506,MG,Jequeri,86.571705158346,76.7167225543082,-9.8549826040378,10390
3135605,MG,Jequitaí,72.64195213514782,83.26414115204982,10.622189016901999,6548
3135704,MG,Jequitibá,92.39258041793849,61.513687600644126,-30.878892817294364,5903
3135803,MG,Jequitinhonha,63.69033097503456,62.39279588336192,-1.2975350916726427,18092
3135902,MG,Jesuânia,93.91891891891892,91.71287738755392,-2.2060415313650026,4445
3136009,MG,Joaíma,67.81097984711606,70.81981092140539,3.0088310742893327,11143
3136108,MG,Joanésia,69.63208685162847,77.65733212887685,8.025245277248374,5118
3136207,MG,João Monlevade,69.19954422446945,68.24780761011078,-0.9517366143586656,61218
3136306,MG,João Pinheiro,88.34684260131951,86.86394119652938,-1.4829014047901268,38821
3136405,MG,Joaquim Felício,92.89594651065607,90.74979625101875,-2.1461502596373236,3756
3136504,MG,Jordânia,76.0361718161266,80.04574042309892,4.009568606972323,7734
3136603,MG,Nova União,74.53884125746947,80.7909604519774,6.252119194507927,5802
3136702,MG,Juiz de Fora,61.14211433841712,51.69697098282166,-9.445143355595462,394573
3136801,MG,Juramento,69.90924560408395,74.94580365438216,5.036558050298211,4669
3136900,MG,Juruaia,85.74480205069781,85.98500919247631,0.2402071417784981,9241
3137007,MG,Ladainha,73.26142131979695,86.09894357124452,12.837522251447567,12287
3137106,MG,Lagamar,87.96161068224494,85.8775334195774,-2.0840772626675346,6403
3137205,MG,Lagoa da Prata,82.81974687524566,78.29968944099379,-4.520057434251868,37445
3137304,MG,Lagoa dos Patos,82.69454123112659,88.75717017208413,6.062628940957538,3774
3137403,MG,Lagoa Dourada,79.42671009771988,75.75311286651493,-3.673597231204951,10425
3137502,MG,Lagoa Formosa,85.38552142792426,83.47044355864642,-1.9150778692778374,15873
3137601,MG,Lagoa Santa,81.49585707600407,76.69096800324017,-4.804889072763899,54883
3137700,MG,Lajinha,76.15206384621986,77.8817489234846,1.7296850772647332,16634
3137809,MG,Lambari,88.0822253038584,84.27828670462986,-3.8039385992285304,17336
3137908,MG,Lamim,59.42028985507246,75.08291873963516,15.6626288845627,3521
3138005,MG,Laranjal,80.72536496350365,71.22943327239489,-9.495931691108765,5921
3138104,MG,Lassance,27.906409943943455,41.61536567347944,13.708955729535983,6215
3138203,MG,Lavras,86.4285604227978,62.20394533424031,-24.224615088557492,75558
3138302,MG,Leandro Ferreira,91.87423438138015,83.38829348722176,-8.48594089415839,3322
3138401,MG,Leopoldina,75.74513180553716,64.1634518146747,-11.581679990862455,40161
3138500,MG,Liberdade,79.79355645918048,81.22898196270253,1.4354255035220547,4275
3138609,MG,Lima Duarte,57.947589900535576,50.005111951743174,-7.942477948792401,14496
3138708,MG,Luminárias,60.736377025036816,70.12330066392666,9.38692363888984,4351
3138807,MG,Luz,82.86525397951942,80.1785164666051,-2.68673751291432,14672
3138906,MG,Machacalis,73.72654155495978,85.65217391304348,11.925632358083703,5799
3139003,MG,Machado,74.01129943502825,75.07470119521912,1.063401760190871,30435
3139102,MG,Madre de Deus de Minas,81.08262108262109,66.11903285802852,-14.96358822459257,4478
3139201,MG,Malacacheta,92.57991983576107,86.05589450895494,-6.5240253268061394,15506
3139300,MG,Manga,52.66630996968075,43.66366923148234,-9.002640738198416,16127
3139409,MG,Manhuaçu,67.26899383983573,66.49701211060871,-0.7719817292270221,62010
3139508,MG,Manhumirim,66.54147615937296,60.178268251273344,-6.363207908099618,17013
3139607,MG,Mantena,81.3704347826087,76.00028630735095,-5.37014847525775,19152
3139706,MG,Maravilhas,90.9035901573215,74.08023279983371,-16.823357357487794,6311
3139805,MG,Mar de Espanha,84.12306893418149,79.6674522126211,-4.455616721560389,10443
3139904,MG,Maria da Fé,85.69412786280256,77.95107719928187,-7.743050663520691,12213
3140001,MG,Mariana,72.11640667643425,33.25694899113148,-38.85945768530277,52424
3140100,MG,Marilac,81.05960264900662,80.36753445635529,-0.6920681926513339,4681
3140209,MG,Maripá de Minas,67.97184337879455,63.4539904055822,-4.517852973212342,3150
3140308,MG,Marliéria,76.27118644067797,76.34011090573013,0.06892446505216299,4514
3140407,MG,Marmelópolis,87.94520547945206,91.22103386809269,3.275828388640633,3077
3140506,MG,Martinho Campos,87.48878348929624,82.8556263269639,-4.633157162332338,11161
3140605,MG,Materlândia,74.26223384385506,73.0195177956372,-1.2427160482178579,4509
3140704,MG,Mateus Leme,81.1974380395433,77.66075681397194,-3.536681225571357,29334
3140803,MG,Matias Barbosa,58.25588066551922,55.7599339700507,-2.4959466954685183,11981
3140902,MG,Matipó,89.77407847800238,60.68383820061673,-29.090240277385654,15215
3141009,MG,Mato Verde,80.48606147248034,75.82891655367928,-4.657144918801066,10840
3141108,MG,Matozinhos,78.1343934839523,76.73761628756515,-1.3967771963871485,30120
3141207,MG,Matutina,81.40425531914893,84.02662229617304,2.6223669770241145,3386
3141306,MG,Medeiros,89.60417572857764,85.52074513124471,-4.083430597332935,3335
3141405,MG,Medina,80.00353450561103,80.79992905285562,0.7963945472445886,16316
3141504,MG,Mendes Pimentel,56.44579983365678,52.31535756154748,-4.130442272109299,4977
3141603,MG,Mercês,82.72168845487478,65.8702476456226,-16.851440809252182,8100
3141702,MG,Mesquita,77.3435287453979,76.77793904208998,-0.5655897033079214,5447
3141801,MG,Minas Novas,78.59605369324433,80.92472962183349,2.3286759285891634,22786
3141900,MG,Minduri,45.63731403297145,69.19758412424504,23.560270091273587,3240
3142007,MG,Mirabela,60.10612638687892,71.60430548436699,11.49817909748807,10866
3142106,MG,Miradouro,70.14734144778988,66.78541136556403,-3.3619300822258538,8123
3142205,MG,Miraí,84.51839334459899,80.74341765616933,-3.774975688429663,10695
3142304,MG,Moeda,82.76393526843052,76.38139295810845,-6.382542310322066,5316
3142403,MG,Moema,84.88515176374077,80.99415204678363,-3.8909997169571398,6829
3142502,MG,Monjolos,80.42635658914729,87.59445843828715,7.168101849139859,2627
3142601,MG,Monsenhor Paulo,71.48538476834361,71.64830596549574,0.16292119715213005,6960
3142700,MG,Montalvânia,60.18125501892853,49.88096587688471,-10.300289142043823,13201
3142809,MG,Monte Alegre de Minas,81.63324614937518,76.51158225363173,-5.121663895743453,15408
3142908,MG,Monte Azul,68.46741045214327,72.33152253707239,3.8641120849291184,17843
3143005,MG,Monte Belo,79.98748435544431,81.11860887620037,1.1311245207560603,10838
3143104,MG,Monte Carmelo,82.86022832459118,80.90171832343022,-1.9585100011609597,35700
3143203,MG,Monte Santo de Minas,85.8678689093116,79.68291788856305,-6.184951020748542,17061
3143302,MG,Montes Claros,52.300986872905,68.67502329765516,16.37403642475016,283435
3143401,MG,Monte Sião,82.50111790132658,85.91694230062477,3.415824399298188,18681
3143500,MG,Morada Nova de Minas,83.01773968507077,67.90830945558739,-15.10943022948338,7207
3143609,MG,Morro da Garça,87.04433497536945,61.008729388942776,-26.035605586426676,3045
3143708,MG,Morro do Pilar,78.70190439176059,91.26063418406805,12.55872979230746,3968
3143807,MG,Munhoz,87.89938817131203,87.77675276752767,-0.12263540378435778,6066
3143906,MG,Muriaé,79.36596508971698,68.87535310734464,-10.490611982372343,78839
3144003,MG,Mutum,69.20999748806832,70.7443076726832,1.5343101846148812,21560
3144102,MG,Muzambinho,78.0939162618552,74.96820349761526,-3.1257127642399354,17963
3144201,MG,Nacip Raydan,80.79954954954955,85.37658053875757,4.577030989208012,2825
3144300,MG,Nanuque,77.14578529336409,77.48250276272168,0.3367174693575947,29310
3144409,MG,Natércia,86.99478487614081,86.26392170097874,-0.7308631751620709,4090
3144508,MG,Nazareno,81.15942028985508,72.21630828188205,-8.943112007973028,6298
3144607,MG,Nepomuceno,75.2915649579604,77.00406622131862,1.7125012633582202,20890
3144706,MG,Nova Era,65.3564290473018,59.180776639967554,-6.175652407334248,15012
3144805,MG,Nova Lima,65.02845318158303,68.63047285464098,3.602019673057953,77105
3144904,MG,Nova Módica,93.9969604863222,96.09756097560975,2.100600489287558,3589
3145000,MG,Nova Ponte,86.89375140988044,86.63355646728569,-0.26019494259475096,13441
3145109,MG,Nova Resende,89.001099890011,89.49946125967284,0.4983613696618363,13447
3145208,MG,Nova Serrana,93.07479846406036,85.83687654105267,-7.23792192300769,67377
3145307,MG,Novo Cruzeiro,76.27637848876788,79.1213247718824,2.844946283114524,24962
3145406,MG,Olaria,70.2779353374929,66.22989874925551,-4.0480365882373945,2313
3145505,MG,Olímpio Noronha,49.10394265232975,81.14794656110836,32.044003908778606,2869
3145604,MG,Oliveira,83.27779583875163,52.77319456783856,-30.50460127091307,33504
3145703,MG,Oliveira Fortes,74.81402763018066,77.93522267206478,3.1211950418841212,2731
3145802,MG,Onça de Pitangui,92.9678188319428,85.46511627906976,-7.502702552873032,3368
3145901,MG,Ouro Branco,72.68737779708886,67.90525268963023,-4.782125107458626,30112
3146008,MG,Ouro Fino,86.46727696594075,86.74951864169438,0.2822416757536246,25443
3146107,MG,Ouro Preto,63.85907811400422,43.85781018571266,-20.00126792829156,64299
3146206,MG,Ouro Verde de Minas,89.33438672723682,89.43458522492777,0.10019849769095401,7237
3146305,MG,Padre Paraíso,75.60359964881475,72.73837273837273,-2.8652269104420185,14207
3146404,MG,Paineiras,79.688007799805,67.27019498607243,-12.417812813732581,3921
3146503,MG,Pains,55.14363354037267,81.60828025477707,26.464646714404402,6914
3146602,MG,Paiva,28.245363766048502,31.946403385049365,3.7010396190008628,1859
3146701,MG,Palma,67.62428178865851,63.24631687774619,-4.377964910912318,5270
3127057,MG,Fronteira dos Vales,68.22667940146451,61.136662286465175,-7.090017114999334,4372
3146909,MG,Papagaios,86.96284691136974,40.556238132469566,-46.40660877890017,11722
3147006,MG,Paracatu,88.93517710696213,88.86085148474878,-0.07432562221335104,68276
3147105,MG,Pará de Minas,87.68944717099431,84.60836340479729,-3.0810837661970254,67631
3147204,MG,Paraguaçu,85.46806077438328,82.20467148378424,-3.2633892905990365,16696
3147303,MG,Paraisópolis,82.36230218371497,78.10661436976288,-4.255687813952093,16471
3147402,MG,Paraopeba,93.11979500320308,66.74664784756528,-26.373147155637795,19694
3147501,MG,Passabém,68.70848708487085,47.09724238026125,-21.611244704609604,1914
3147600,MG,Passa Quatro,77.62894209471575,73.21543408360128,-4.413508011114473,13298
3147709,MG,Passa Tempo,79.34804213873981,70.46621888581588,-8.881823252923937,7354
3147808,MG,Passa Vinte,90.3969957081545,83.27383987761347,-7.123155830541037,2493
3147907,MG,Passos,83.85206108217848,72.46598432585539,-11.386076756323092,81107
3148004,MG,Patos de Minas,90.72019919078743,86.51326034354712,-4.206938847240309,116479
3148103,MG,Patrocínio,92.45976821534076,85.80827455347935,-6.651493661861409,65608
3148202,MG,Patrocínio do Muriaé,86.95541401273886,80.30690537084399,-6.648508641894864,5084
3148301,MG,Paula Cândido,73.81373937677054,73.38579860490073,-0.42794077186981383,7817
3148400,MG,Paulistas,51.9916142557652,49.68919968919969,-2.30241456656551,4222
3148509,MG,Pavão,39.32082216264522,46.60894660894661,7.288124446301389,6314
3148608,MG,Peçanha,52.39364784977396,83.11143984220907,30.717791992435103,11988
3148707,MG,Pedra Azul,79.52935222672065,70.7601336875482,-8.769218539172442,18352
3148806,MG,Pedra do Anta,65.9390289800527,63.02776721186763,-2.9112617681850637,3516
3148905,MG,Pedra do Indaiá,89.13607712272896,82.78576317590691,-6.350313946822055,3863
3149002,MG,Pedra Dourada,72.49536178107607,83.82000957395883,11.324647792882757,2730
3149101,MG,Pedralva,68.94752534287419,72.96920934550518,4.021684002630991,9379
3149200,MG,Pedrinópolis,92.21380471380472,90.19686621132985,-2.016938502474872,3419
3149309,MG,Pedro Leopoldo,79.98333859986786,75.28594179817577,-4.6973968016920935,49121
3149408,MG,Pedro Teixeira,89.58225889633832,85.068562722194,-4.5136961741443145,2507
3149507,MG,Pequeri,82.58706467661692,63.53413654618474,-19.05292813043218,3368
3149606,MG,Pequi,85.64944134078212,82.93375394321767,-2.7156873975644515,3981
3149705,MG,Perdigão,93.80022962112514,87.50390502967822,-6.296324591446918,8537
3149804,MG,Perdizes,85.26349683374477,87.2899480598839,2.0264512261391303,14138
3149903,MG,Perdões,86.90427863927904,74.5631067961165,-12.341171843162542,17292
3150000,MG,Pescador,79.72972972972973,65.90330788804071,-13.826421841689012,3580
3150109,MG,Piau,69.1036761668732,49.6486151302191,-19.4550610366541,3238
3150208,MG,Piedade de Ponte Nova,69.16666666666667,72.39082161361954,3.224154946952865,3812
3150307,MG,Piedade do Rio Grande,82.92929292929293,82.7502597852442,-0.17903314404873072,4083
3150406,MG,Piedade dos Gerais,84.67812408971744,87.44638261366886,2.768258523951417,5270
3150505,MG,Pimenta,87.80338568223537,81.6715257531584,-6.131859929076967,7313
3150604,MG,Piracema,75.1000235349494,73.97016254731686,-1.12986098763254,6031
3150703,MG,Pirajuba,90.84438692979619,79.05820415326119,-11.786182776535,4817
3150802,MG,Piranga,68.76331427290054,53.40215861098076,-15.361155661919781,14052
3150901,MG,Piranguçu,78.57957786651454,76.03516732841747,-2.5444105380970683,4788
3151008,MG,Piranguinho,65.31980084258905,65.03653738055087,-0.2832634620381782,7298
3151107,MG,Pirapetinga,85.5036534446764,73.36940186354073,-12.134251581135672,9414
3151206,MG,Pirapora,77.42040285899935,80.6862261090345,3.2658232500351403,41904
3151305,MG,Piraúba,81.83229813664596,73.62051577582481,-8.211782360821147,9664
3151404,MG,Pitangui,91.26404321935048,86.53918970087088,-4.724853518479605,21464
3151503,MG,Piumhi,86.34099938447764,83.14762459116359,-3.1933747933140495,26252
3151602,MG,Planura,82.85971223021583,73.95889186773906,-8.900820362476779,8677
3151701,MG,Poço Fundo,54.752657399836465,61.725591955887126,6.97293455605066,12809
3151800,MG,Poços de Caldas,69.46381370426629,72.64641676542132,3.182603061155035,122481
3151909,MG,Pocrane,79.84355102783336,69.49726981736019,-10.346281210473165,7547
3152006,MG,Pompéu,76.6900471641069,67.7941637903985,-8.8958833737084,24330
3152105,MG,Ponte Nova,65.69453445668611,53.75223940017251,-11.9422950565136,44494
3152204,MG,Porteirinha,49.875144921073755,52.58578594575398,2.7106410246802284,31682
3152303,MG,Porto Firme,74.59435096153847,67.75128865979381,-6.843062301744652,9025
3152402,MG,Poté,70.23470839260312,75.97294731846227,5.73823892585915,12644
3152501,MG,Pouso Alegre,84.92376199231991,77.6362670536258,-7.28749493869411,112113
3152600,MG,Pouso Alto,79.09246157599415,58.78862793572311,-20.303833640271037,5593
3152709,MG,Prados,57.07006369426752,57.00952380952381,-0.06053988474370442,7485
3152808,MG,Prata,78.56857257097161,82.05076415538949,3.482191584417876,22330
3152907,MG,Pratápolis,82.75926971579146,78.42003853564547,-4.339231180145987,7457
3153004,MG,Pratinha,89.19043238270469,82.31884057971014,-6.871591802994544,3312
3153103,MG,Presidente Bernardes,51.95351137487636,71.06024730334123,19.106735928464865,5729
3153202,MG,Presidente Juscelino,92.80318091451292,60.42862610026789,-32.37455481424503,4089
3153301,MG,Presidente Kubitschek,90.27465105808194,62.83662477558348,-27.438026282498463,3087
3153400,MG,Presidente Olegário,83.83674937072995,79.56711499064754,-4.269634380082408,16281
3153509,MG,Alto Jequitibá,77.84508076358297,76.78870098494704,-1.0563797786359288,7177
3153608,MG,Prudente de Morais,81.04452054794521,75.46697798532355,-5.577542562621659,8555
3153707,MG,Quartel Geral,93.36870026525199,91.23748211731045,-2.1312181479415386,3749
3153806,MG,Queluzito,55.71356018283392,86.21991505427088,30.50635487143696,2785
3153905,MG,Raposos,71.63353146136504,80.15856881479975,8.525037353434712,12906
3154002,MG,Raul Soares,68.6717960674594,67.03932762448461,-1.6324684429747833,18356
3154101,MG,Recreio,72.70896273917423,47.80725500812128,-24.901707731052944,7957
3154200,MG,Resende Costa,73.13204396827605,67.73194424890892,-5.400099719367134,9645
3154309,MG,Resplendor,85.29278256922379,81.50588235294117,-3.7869002162826177,12729
3154408,MG,Ressaquinha,65.29230769230769,66.70673076923077,1.4144230769230859,4433
3154507,MG,Riacho dos Machados,73.1895777178796,77.92490477054235,4.735327052662754,8031
3154606,MG,Ribeirão das Neves,77.12865093122369,78.543821572193,1.4151706409693077,218519
3154705,MG,Ribeirão Vermelho,90.50086355785838,71.55448717948718,-18.9463763783712,3461
3154804,MG,Rio Acima,73.40690083929127,69.76405946994183,-3.6428413693494406,8371
3154903,MG,Rio Casca,82.73059731816335,75.20400858983537,-7.5265887283279795,10833
3155009,MG,Rio Doce,45.00542888165038,40.042941492216855,-4.962487389433527,2624
3155108,MG,Rio do Prado,38.14713896457766,68.5790527018012,30.431913737223546,4338
3155207,MG,Rio Espera,64.6998982706002,80.89709762532982,16.19719935472962,5784
3155306,MG,Rio Manso,71.93720213064199,73.15803889345385,1.2208367628118566,5025
3155405,MG,Rio Novo,83.41332309464389,71.24722949828733,-12.16609359635656,7131
3155504,MG,Rio Paranaíba,76.9177608845888,72.69087026161239,-4.226890622976413,11055
3155603,MG,Rio Pardo de Minas,77.93266701735928,69.84295814302696,-8.089708874332317,22279
3155702,MG,Rio Piracicaba,70.84749736256008,67.09876543209876,-3.748731930461318,12444
3155801,MG,Rio Pomba,71.48258706467662,61.61701231708601,-9.865574747590614,13402
3155900,MG,Rio Preto,69.71357409713575,63.094339622641506,-6.619234474494242,5409
3156007,MG,Rio Vermelho,54.62225832656377,55.47337278106509,0.851114454501321,10175
3156106,MG,Ritápolis,81.22106481481481,65.15289131092946,-16.068173503885347,4803
3156205,MG,Rochedo de Minas,73.726977248104,75.04826254826254,1.3212853001585358,2917
3156304,MG,Rodeiro,88.1226802109787,76.87128712871286,-11.251393082265835,6844
3156403,MG,Romaria,71.61729383506805,65.55005709935287,-6.067236735715184,3430
3156502,MG,Rubelita,38.98411371237458,63.22130627774255,24.23719256536797,7524
3156601,MG,Rubim,73.87237580544586,82.88049029622063,9.008114490774773,7158
3156700,MG,Sabará,67.3549523724208,69.97685608136915,2.621903708948352,94323
3156809,MG,Sabinópolis,48.465140478668054,43.77019244275881,-4.694948035909242,12417
3156908,MG,Sacramento,81.9492789656887,79.71951800667166,-2.2297609590170424,20911
3157005,MG,Salinas,51.29810828440966,59.78719662328526,8.489088338875604,33018
3157104,MG,Salto da Divisa,58.418657565415245,59.225922592259224,0.8072650268439787,4986
3157203,MG,Santa Bárbara,65.0686553030303,64.47912169246901,-0.5895336105612898,24261
3157302,MG,Santa Bárbara do Tugúrio,64.42432082794308,64.49050086355786,0.06618003561477792,4340
3157401,MG,Santa Cruz do Escalvado,64.92374727668846,68.62194779680046,3.698200520111996,4879
3157500,MG,Santa Efigênia de Minas,84.79087452471482,87.55282366500192,2.7619491402871006,3985
3157609,MG,Santa Fé de Minas,66.58536585365853,81.97820620284996,15.392840349191431,3705
3157708,MG,Santa Juliana,87.21598328545312,81.08207581891793,-6.133907466535192,11819
3157807,MG,Santa Luzia,71.31917244149844,72.10257924959387,0.7834068080954353,164521
3157906,MG,Santa Margarida,77.54085292945396,86.64805544859453,9.107202519140571,12910
3158003,MG,Santa Maria de Itabira,79.01836502519096,80.44608418581251,1.4277191606215496,8797
3158102,MG,Santa Maria do Salto,85.16129032258064,93.38650714523098,8.225216822650339,4598
3158201,MG,Santa Maria do Suaçuí,77.28331177231566,77.56015668718523,0.27684491486957086,12134
3158300,MG,Santana da Vargem,76.97764402407567,76.50410209662716,-0.4735419274485082,5973
3158409,MG,Santana de Cataguases,74.53954496208017,68.57366771159874,-5.965877250481427,3385
3158508,MG,Santana de Pirapama,92.12801177119735,59.193611219322165,-32.934400551875186,7165
3158607,MG,Santana do Deserto,73.45270533281432,71.10204081632654,-2.3506645164877824,3541
3158706,MG,Santana do Garambéu,87.25099601593625,85.81436077057793,-1.4366352453583175,2352
3158805,MG,Santana do Jacaré,92.16509268975166,82.9312207418077,-9.233871947943953,3915
3158904,MG,Santana do Manhuaçu,81.63337458016616,81.85840707964601,0.22503249947985182,7807
3159001,MG,Santana do Riacho,78.92935712539722,77.25546058879392,-1.6738965366032943,6031
3159100,MG,Santana dos Montes,36.86274509803921,86.25277161862527,49.39002652058606,3869
3159209,MG,Santa Rita de Caldas,88.04267844002943,87.6505448289046,-0.3921336111248337,7062
3159308,MG,Santa Rita de Jacutinga,75.20788420080073,70.55402509947965,-4.653859101321089,4360
3159407,MG,Santa Rita de Ibitipoca,82.88108539505187,84.42485306465156,1.5437676695996885,3384
3159506,MG,Santa Rita do Itueto,83.80165289256199,81.79362506753107,-2.008027825030922,5151
3159605,MG,Santa Rita do Sapucaí,83.3503303329934,79.92991398534565,-3.4204163476477447,31736
3159704,MG,Santa Rosa da Serra,86.78922616502778,81.29032258064517,-5.498903584382617,3512
3159803,MG,Santa Vitória,79.33055065018462,76.37051039697542,-2.9600402532092005,17312
3159902,MG,Santo Antônio do Amparo,80.40023543260742,73.01365444575852,-7.386580986848898,14255
3160009,MG,Santo Antônio do Aventureiro,81.38030194104961,85.37271448663854,3.992412545588934,3746
3160108,MG,Santo Antônio do Grama,48.25246012894469,49.13188031030661,0.8794201813619225,3941
3160207,MG,Santo Antônio do Itambé,63.95775941230487,65.76832151300236,1.8105621006974957,3863
3160306,MG,Santo Antônio do Jacinto,55.473158149282604,73.65406643757159,18.180908288288983,9461
3160405,MG,Santo Antônio do Monte,90.96914844420955,87.27261040046281,-3.6965380437467417,21033
3160504,MG,Santo Antônio do Rio Abaixo,79.6116504854369,83.79446640316206,4.182815917725165,2393
3160603,MG,Santo Hipólito,36.223218734429494,82.62150220913108,46.398283474701586,3387
3160702,MG,Santos Dumont,61.52969770621297,66.20771513353115,4.678017427318181,37567
3160801,MG,São Bento Abade,70.46764894298526,78.13141683778234,7.6637678947970755,4193
3160900,MG,São Brás do Suaçuí,58.6709886547812,69.3679092382496,10.696920583468398,3755
3161007,MG,São Domingos do Prata,57.26902173913044,71.13176028398414,13.862738544853698,14280
3161106,MG,São Francisco,60.57447890188104,58.03056150411963,-2.5439173977614047,41949
3161205,MG,São Francisco de Paula,81.21172353455817,64.59489456159822,-16.61682897295995,5996
3161304,MG,São Francisco de Sales,83.162100456621,80.09708737864078,-3.0650130779802254,4636
3161403,MG,São Francisco do Glória,71.6012084592145,59.37888198757764,-12.222326471636862,4163
3161502,MG,São Geraldo,71.11527647610122,65.69328949912976,-5.4219869769714535,7346
3161601,MG,São Geraldo da Piedade,87.56177924217462,83.87628865979381,-3.685490582380808,3667
3161700,MG,São Gonçalo do Abaeté,86.7247565351102,86.64681062298337,-0.07794591212683599,5648
3161809,MG,São Gonçalo do Pará,89.75397072563065,82.56549232158989,-7.188478404040765,8689
3161908,MG,São Gonçalo do Rio Abaixo,46.85358255451713,55.039213391080416,8.185630836563284,11721
3162005,MG,São Gonçalo do Sapucaí,74.40855323020928,78.2478077297824,3.8392544995731157,19134
3162104,MG,São Gotardo,83.55602874634016,83.3910903520667,-0.16493839427346302,28578
3162203,MG,São João Batista do Glória,89.61011139674379,83.74052232518956,-5.8695890715542305,6431
3162302,MG,São João da Mata,87.22466960352423,91.25105663567201,4.026387032147781,3192
3162401,MG,São João da Ponte,53.25134198545899,66.11037915385741,12.859037168398416,22990
3162500,MG,São João del Rei,74.53946852708317,63.95200356730243,-10.587464959780746,70117
3162609,MG,São João do Oriente,82.04017329657346,74.31411530815109,-7.726057988422369,6955
3162708,MG,São João do Paraíso,80.21390374331551,84.82828916418379,4.614385420868274,18054
3162807,MG,São João Evangelista,55.964993090741594,57.18827269516072,1.223279604419126,12840
3162906,MG,São João Nepomuceno,65.95380080882857,57.146783947223746,-8.80701686160483,20106
3163003,MG,São José da Safira,83.16251830161055,85.50624133148405,2.3437230298735017,4189
3163102,MG,São José da Varginha,92.31613611416026,85.53459119496856,-6.7815449191917025,3988
3163201,MG,São José do Alegre,77.83762985763755,79.66884867154408,1.8312188139065313,3727
3163300,MG,São José do Divino,93.90444810543657,88.93065998329156,-4.9737881221450095,3169
3163409,MG,São José do Goiabal,76.0717543326239,87.14615829000577,11.074403957381875,4897
3163508,MG,São José do Jacuri,78.1680626857606,80.7448275862069,2.5767649004462925,5252
3163607,MG,São José do Mantimento,38.03763440860215,57.280701754385966,19.243067345783814,3068
3163706,MG,São Lourenço,84.91731339644875,73.27784516290936,-11.63946823353939,34835
3163805,MG,São Miguel do Anta,58.09779244893749,60.09689495705792,1.9991025081204299,6021
3163904,MG,São Pedro da União,81.19575699132112,86.46471156944892,5.268954578127804,4328
3164001,MG,São Pedro dos Ferros,75.44298046342571,68.11560693641619,-7.327373527009527,6402
3164100,MG,São Pedro do Suaçuí,79.79244739117901,76.77053824362606,-3.0219091475529467,4666
3164209,MG,São Romão,46.41986255819109,56.775038184595246,10.355175626404154,7274
3164308,MG,São Roque de Minas,89.58128078817734,88.94872395223601,-0.6325568359413296,5891
3164407,MG,São Sebastião da Bela Vista,94.37340153452685,91.16553684670895,-3.207864687817903,6472
3164506,MG,São Sebastião do Maranhão,81.47410358565737,79.85995946194952,-1.6141441237078595,8934
3164605,MG,São Sebastião do Oeste,85.26249209361164,83.22334143799931,-2.0391506556123318,7573
3164704,MG,São Sebastião do Paraíso,53.21763038061689,77.94130659194809,24.723676211331203,51162
3164803,MG,São Sebastião do Rio Preto,84.00292184075968,86.59638554216868,2.593463701408993,2043
3164902,MG,São Sebastião do Rio Verde,68.81918819188192,77.10989678202793,8.29070859014601,2163
3165008,MG,São Tiago,83.48056537102474,74.2806288935034,-9.199936477521334,9396
3165107,MG,São Tomás de Aquino,78.92344497607655,85.05526189332052,6.131816917243967,5950
3165206,MG,São Tomé das Letras,42.636484687083886,45.00134734572892,2.3648626586450305,5182
3165305,MG,São Vicente de Minas,82.18884120171674,75.45360290305858,-6.73523829865816,5681
3165404,MG,Sapucaí-Mirim,88.36591841660632,85.75040220638934,-2.615516210216981,6091
3165503,MG,Sardoá,84.4856103208733,80.36487322201607,-4.120737098857234,4955
3165602,MG,Senador Cortes,91.2565445026178,86.4461045891142,-4.8104399135036005,2544
3165701,MG,Senador Firmino,67.16716716716716,73.21393426490849,6.0467670977413235,7117
3165800,MG,Senador José Bento,87.9461673493271,88.78256246677299,0.836395117445889,2481
3165909,MG,Senador Modestino Gonçalves,68.54671280276817,54.205607476635514,-14.341105326132656,4784
3166006,MG,Senhora de Oliveira,45.44088176352705,65.41816316059517,19.97728139706812,5747
3166105,MG,Senhora do Porto,87.84706417842513,87.68867924528301,-0.15838493314211632,3323
3166204,MG,Senhora dos Remédios,74.22172808132147,81.73983739837398,7.518109317052506,8367
3166303,MG,Sericita,86.88492832235568,91.9742883379247,5.089360015569028,7087
3166402,MG,Seritinga,83.47045624532535,89.24949290060852,5.779036655283164,2045
3166501,MG,Serra Azul de Minas,67.79431664411366,83.39016074037993,15.595844096266262,3725
3166600,MG,Serra da Saudade,94.16299559471365,95.03619441571871,0.8731988210050616,1281
3166709,MG,Serra dos Aimorés,74.58975634012928,87.97826579126104,13.388509451131753,6251
3166808,MG,Serra do Salitre,82.55636806825106,83.873757025508,1.317388957256938,9396
3166907,MG,Serrania,71.49253731343283,64.81192966837303,-6.680607645059808,6378
3167004,MG,Serranos,77.55734655920645,90.3932946486138,12.835948089407353,2075
3167103,MG,Serro,66.09559867486985,61.317207033235086,-4.778391641634762,17103
3167202,MG,Sete Lagoas,87.19911295727798,58.40303483543204,-28.796078121845937,167285
3167301,MG,Silveirânia,81.69273229070838,82.47721623860812,0.7844839478997443,2977
3167400,MG,Silvianópolis,87.14479025710419,87.43919885550787,0.2944085984036775,4858
3167509,MG,Simão Pereira,83.94856905848195,71.4926590538336,-12.455910004648345,3145
3167608,MG,Simonésia,73.19137795619164,74.69405220367993,1.5026742474882866,16464
3167707,MG,Sobrália,82.83629441624366,78.52459016393442,-4.311704252309241,4076
3167806,MG,Soledade de Minas,83.37395071757379,75.85227272727273,-7.5216779903010575,5000
3167905,MG,Tabuleiro,77.04809286898839,64.50500172473267,-12.543091144255726,4005
3168002,MG,Taiobeiras,75.46552724587224,80.04842859304848,4.5829013471762465,27594
3168101,MG,Tapira,85.61233228661148,87.21532091097309,1.6029886243616147,4968
3168200,MG,Tapiraí,93.47826086956522,87.073007367716,-6.4052535018492165,1974
3168309,MG,Taquaraçu de Minas,83.83113153360138,87.07090954647958,3.2397780128782045,5759
3168408,MG,Tarumirim,61.55212460718678,61.189336978810665,-0.3627876283761111,10127
3168507,MG,Teixeiras,72.31900890437475,72.11485367200441,-0.20415523237033995,10098
3168606,MG,Teófilo Otoni,74.9821431072394,67.652256851909,-7.329886255330393,106445
3168705,MG,Timóteo,76.63803344603856,74.6095229079894,-2.0285105380491615,59600
3168804,MG,Tiradentes,74.70266188408533,61.82902584493042,-12.87363603915491,6892
3168903,MG,Tiros,88.30297219558965,88.84168157423971,0.5387093786500685,6214
3169000,MG,Tocantins,86.47496281606347,72.55964162933638,-13.915321186727084,12649
3169109,MG,Toledo,90.4561698549506,87.25581395348837,-3.200355901462231,7507
3169208,MG,Tombos,66.59099508134696,72.42048099301785,5.829485911670886,6714
3169307,MG,Três Corações,86.03450447046971,77.76919895215772,-8.26530551831199,56587
3169406,MG,Três Pontas,87.22182974214059,79.37767899666613,-7.844150745474451,45341
3169505,MG,Tumiritinga,66.83377308707124,65.9919028340081,-0.841870253063135,5517
3169604,MG,Tupaciguara,85.54464959846248,82.77628032345014,-2.768369275012347,20961
3169703,MG,Turmalina,64.39505318688921,66.64165416041354,2.2466009735243233,16553
3169802,MG,Turvolândia,72.40469208211144,77.59623373026862,5.191541648157184,4957
3169901,MG,Ubá,87.26424890030017,66.62718805203147,-20.637060848268703,71547
3170008,MG,Ubaí,67.91540785498489,66.73738445218973,-1.1780234027951622,9797
3170107,MG,Uberaba,84.4508103002585,77.26146951291426,-7.189340787344236,236319
3170206,MG,Uberlândia,75.24943796167435,73.27266417306134,-1.9767737886130021,538216
3170305,MG,Umburatiba,34.16893732970027,47.849176845459375,13.680239515759105,2734
3170404,MG,Unaí,88.36931252075722,85.97627444693812,-2.393038073819099,64161
3170503,MG,Urucânia,59.205538157244106,46.491688538932635,-12.713849618311471,8712
3170602,MG,Vargem Bonita,92.78947368421052,88.68980963045912,-4.099664053751397,2600
3170701,MG,Varginha,82.22906756443632,75.87801292937365,-6.351054635062667,104343
3170800,MG,Várzea da Palma,78.03851119968563,81.73346805883013,3.6949568591444972,27187
3170909,MG,Varzelândia,52.32321362458349,51.8628359592215,-0.4603776653619889,17159
3171006,MG,Vazante,89.2379736057897,83.56442340209672,-5.673550203692983,16948
3172202,MG,Wenceslau Braz,52.62896825396825,59.06579608237067,6.436827828402414,2695
3171105,MG,Veríssimo,82.16346153846153,78.08586762075134,-4.077593917710189,3223
3171204,MG,Vespasiano,78.7863310615613,73.99883075124232,-4.7875003103189755,87673
3171303,MG,Viçosa,61.82866065073133,57.43656015037594,-4.39210050035539,61609
3171402,MG,Vieiras,72.12793733681463,59.74983964079538,-12.378097696019246,4006
3171501,MG,Mathias Lobato,84.20376712328768,75.27659574468085,-8.927171378606829,3363
3171600,MG,Virgem da Lapa,69.15304606240713,55.54695961627727,-13.606086446129858,10159
3171709,MG,Virgínia,87.35325506937033,78.04312956692212,-9.310125502448216,7521
3171808,MG,Virginópolis,61.342207432057684,62.88024643819792,1.538039006140238,8530
3171907,MG,Virgolândia,84.39102564102564,77.72652388797364,-6.664501753051994,4613
3172004,MG,Visconde do Rio Branco,70.50988833579981,66.81593858526777,-3.6939497505320418,30720
3172103,MG,Volta Grande,55.499153976311334,65.8203125,10.321158523688666,4431
3133758,MG,Itaú de Minas,87.30773746624398,79.86553432413305,-7.442203142110927,12435
5006002,MS,Nova Alvorada do Sul,83.7808596439461,83.93545768215952,0.15459803821342177,16244
5000252,MS,Alcinópolis,94.74120082815735,92.19581411848174,-2.5453867096756113,3809
5005251,MS,Laguna Carapã,89.68158965764903,78.97796076531849,-10.703628892330542,5465
5004809,MS,Japorã,84.15347929763712,91.65319320937752,7.4997139117404,6581
5006259,MS,Novo Horizonte do Sul,78.91854893908283,82.03901361796099,3.1204646788781645,3610
5006275,MS,Paraíso das Águas,94.46865571572242,93.2872655478776,-1.1813901678448246,4334
5003900,MS,Figueirão,88.63912515188335,86.88286544046467,-1.7562597114186786,2805
5000203,MS,Água Clara,91.50221506242448,87.33147090975343,-4.170744152671048,13463
5000609,MS,Amambai,68.82465870307168,74.4354660172681,5.610807314196421,27202
5000708,MS,Anastácio,76.6432017717314,80.35118385507707,3.7079820833456694,18203
5000807,MS,Anaurilândia,90.13432144511349,89.67187844087205,-0.46244300424143603,6297
5000906,MS,Antônio João,76.2925817049974,84.61935928349983,8.32677757850243,7911
5001003,MS,Aparecida do Taboado,84.29185258634936,83.90859319209711,-0.3832593942522493,19557
5001102,MS,Aquidauana,75.4453231088745,77.0782196039928,1.6328964951183025,36391
5001508,MS,Bandeirantes,82.49077891082665,82.74476633537746,0.25398742455081447,6798
5001904,MS,Bataguassu,88.46769033909149,87.85583103764922,-0.6118593014422657,19771
5002001,MS,Batayporã,80.21253206302676,83.2579185520362,3.045386489009445,8414
5002100,MS,Bela Vista,83.85634278602542,83.42217949838329,-0.43416328764213574,16420
5002209,MS,Bonito,84.07536969311496,83.5205151242887,-0.5548545688262578,19254
5002308,MS,Brasilândia,87.58563074352548,89.17407041790062,1.588439674375138,9576
5002605,MS,Camapuã,85.19980266403552,86.74061653553463,1.540813871499111,10948
5002704,MS,Campo Grande,80.94797951341188,75.47893545954099,-5.469044053870888,639433
5002803,MS,Caracol,63.896416741945195,90.41406693136699,26.517650189421794,4723
5002407,MS,Caarapó,76.88294314381271,82.00570835495589,5.122765211143175,22150
5002902,MS,Cassilândia,86.24454148471615,87.06290242694404,0.8183609422278835,15300
5003108,MS,Corguinho,88.73904248145651,86.62952646239555,-2.109516019060962,4479
5003207,MS,Corumbá,87.56886083075315,83.03414967730906,-4.534711153444093,67546
5003306,MS,Coxim,80.10009532888465,78.72363978524382,-1.3764555436408301,26447
5003702,MS,Dourados,76.01025666313272,80.53379750507688,4.523540841944154,166121
5003801,MS,Fátima do Sul,84.58035714285714,86.68304668304668,2.1026895401895445,16886
5004007,MS,Glória de Dourados,74.49340026027143,88.4925398730921,13.99913961282067,8124
5004106,MS,Guia Lopes da Laguna,79.50687868500982,84.4169996367599,4.9101209517500735,7950
5004304,MS,Iguatemi,86.93658280922432,87.14503393821859,0.20845112899426965,10722
5004403,MS,Inocência,91.12223992715684,92.22880583409298,1.1065659069361402,7251
5004502,MS,Itaporã,85.09688449848025,88.97587619481111,3.878991696330857,14201
5004700,MS,Ivinhema,86.13112648926304,85.44673660494261,-0.6843898843204244,21196
5004908,MS,Jaraguari,85.79787234042553,80.76293002574303,-5.034942314682496,6048
5005004,MS,Jardim,83.73761797051712,83.98576512455516,0.2481471540380369,18633
5005103,MS,Jateí,87.69327863679393,87.6923076923077,-0.00097094448624091,4340
5005202,MS,Ladário,85.39632545931758,86.94041697534131,1.5440915160237267,13609
5005400,MS,Maracaju,87.0559874052937,88.85865805856582,1.8026706532721164,29813
5005608,MS,Miranda,78.8623907569249,80.24423730038298,1.3818465434580816,20066
5005707,MS,Naviraí,88.44404360442319,82.56244582775194,-5.881597776671242,37528
5005806,MS,Nioaque,75.59241706161137,80.62459336369551,5.032176302084139,10376
5006200,MS,Nova Andradina,81.33086876155268,82.37182230591458,1.0409535443618978,35628
5006309,MS,Paranaíba,84.46961048449701,85.84355900885961,1.3739485243626035,31503
5006408,MS,Pedro Gomes,86.99070764832022,83.75394321766562,-3.2367644306546026,6048
5006606,MS,Ponta Porã,85.90883215833954,85.69827765096493,-0.21055450737461,69949
5006903,MS,Porto Murtinho,68.66495034939317,81.22947829259394,12.564527943200773,8647
5007109,MS,Ribas do Rio Pardo,84.5423511841263,81.68986664070866,-2.8524845434176456,16368
5007208,MS,Rio Brilhante,83.18380621285186,84.33378932968536,1.1499831168334964,26188
5007307,MS,Rio Negro,91.89189189189189,86.32977000323939,-5.562121888652499,4176
5007406,MS,Rio Verde de Mato Grosso,77.90281329923273,84.25518863101932,6.35237533178659,13917
5007505,MS,Rochedo,92.96342219466833,86.14371600343544,-6.819706191232882,4984
5007901,MS,Sidrolândia,73.52941176470588,79.27863016021023,5.749218395504343,35153
5008008,MS,Terenos,85.75763706251264,81.34766596994127,-4.409971092571368,13850
5008305,MS,Três Lagoas,82.14971538303271,81.07315028295955,-1.076565100073168,88502
5000856,MS,Angélica,85.57322175732217,86.49659863945578,0.9233768821336099,8695
5001243,MS,Aral Moreira,80.66196236559139,90.85787864155802,10.195916275966624,8273
5003751,MS,Eldorado,81.95526097763049,89.62863834058213,7.673377362951641,8986
5003454,MS,Deodápolis,90.3864406779661,86.48577795254948,-3.9006627254166233,10690
5002951,MS,Chapadão do Sul,87.69800901031827,86.99461353754299,-0.7033954727752842,22995
5005681,MS,Mundo Novo,74.1230201146633,80.70723844876429,6.5842183341009815,14987
5003488,MS,Dois Irmãos do Buriti,78.54504576842781,77.20248526366099,-1.3425605047668228,8601
5005152,MS,Juti,79.13473423980223,80.64671814671814,1.5119839069159156,5982
5006358,MS,Paranhos,74.40079893475367,78.06685328503211,3.6660543502784435,9433
5007554,MS,Santa Rita do Pardo,83.82434685936632,85.31711555169417,1.4927686923278571,5541
5007935,MS,Sonora,89.37961403963217,84.90566037735849,-4.473953662273686,11254
5008404,MS,Vicentina,85.48425859168469,87.96112215595316,2.47686356426847,5998
5002159,MS,Bodoquena,78.09942104212418,80.92105263157895,2.8216315894547677,6487
5003256,MS,Costa Rica,89.157952669235,86.57214913775475,-2.585803531480252,22354
5003504,MS,Douradina,84.29667519181585,88.82190404421,4.52522885239415,4920
5004601,MS,Itaquiraí,74.41907867916836,78.51728792441075,4.098209245242387,14628
5007695,MS,São Gabriel do Oeste,86.66177353706546,88.76159641367288,2.099822876607419,23080
5007802,MS,Selvíria,66.69402831931049,85.24215339846185,18.54812507915136,7236
5007703,MS,Sete Quedas,78.38933951332561,87.29605866177819,8.90671914845258,7773
5007950,MS,Tacuru,65.22391257767302,70.37946428571429,5.155551708041273,7003
5007976,MS,Taquarussu,89.724619810933,88.9978976874562,-0.7267221234768044,3942
5003157,MS,Coronel Sapucaia,86.93314633006078,88.73137417218543,1.7982278421246463,12103
5103254,MT,Colniza,82.35978396343997,88.20128955754836,5.841505594108398,19479
5103205,MT,Colíder,90.35635774615295,93.16328301231997,2.8069252661670134,23598
5103437,MT,Curvelândia,88.68492326211255,92.24537037037037,3.5604471082578186,4408
5106208,MT,Nova Brasilândia,80.70237672933665,79.21406411582213,-1.4883126135145233,3832
5106190,MT,Nova Santa Helena,85.16703786191536,91.09477124183006,5.927733379914699,3384
5106307,MT,Paranatinga,83.93992444485396,90.56571815718158,6.625793712327621,16915
5107792,MT,Santo Antônio do Leste,82.58706467661692,84.6875,2.1004353233830813,2731
5107909,MT,Sinop,89.54937431109381,89.37362528047042,-0.1757490306233933,126333
5100250,MT,Alta Floresta,80.75704346628092,87.53057021495688,6.7735267486759625,43200
5101258,MT,Araputanga,83.9232511023716,90.92623144001885,7.002980337647259,11533
5105002,MT,Jauru,83.02650212421607,91.80718111485817,8.780678990642102,7114
5107107,MT,São José dos Quatro Marcos,86.93928645941999,89.11165618001493,2.1723697205949435,13117
5107206,MT,Rio Branco,86.6890756302521,88.42608398770912,1.7370083574570145,3897
5107578,MT,Rondolândia,73.67035281727225,70.59088858818222,-3.0794642290900214,3084
5107750,MT,Salto do Céu,88.25100133511349,92.36706689536878,4.116065560255294,3076
5106752,MT,Pontes e Lacerda,88.09063525603561,93.13854776230116,5.047912506265547,34606
5100102,MT,Acorizal,70.45373347624151,89.51942740286299,19.065693926621478,7353
5107297,MT,São José do Povo,58.69565217391305,80.0,21.304347826086953,2999
5100359,MT,Alto Boa Vista,88.28581243558915,93.67209971236817,5.386287276779015,4151
5100300,MT,Alto Araguaia,81.39830998958213,89.624041553302,8.225731563719876,11524
5107065,MT,Querência,88.19633813790416,93.06980777569012,4.873469637785959,18996
5100409,MT,Alto Garças,81.0759052924791,88.53151397011047,7.455608677631361,8774
5102694,MT,Canabrava do Norte,82.71889400921658,92.66802443991854,9.949130430701956,4167
5100508,MT,Alto Paraguai,70.18687527162103,71.04255798243639,0.8556827108153584,6195
5107248,MT,Santa Carmem,90.98743267504489,91.80581323438466,0.8183805593397722,4178
5108907,MT,Nova Maringá,89.8700433188937,95.8423828730996,5.972339554205888,4626
5108808,MT,Nova Guarita,72.92340884573895,79.82077663458347,6.8973677888445195,4118
5108857,MT,Nova Marilândia,74.33316557624559,89.47124304267162,15.138077466426026,3030
5106851,MT,Porto Estrela,76.25050833672225,86.0348162475822,9.784307910859951,3328
5103957,MT,Glória D'Oeste,85.04864311315924,93.01048427358961,7.961841160430367,2685
5107941,MT,Tabaporã,83.4410339256866,90.6023670729553,7.1613331472687065,8039
5101209,MT,Araguainha,86.20268620268621,95.53376906318083,9.331082860494618,1233
5107354,MT,São José do Xingu,84.15977961432507,89.83485193621868,5.675072321893609,5340
5101308,MT,Arenápolis,69.89830508474576,87.75891341256367,17.860608327817914,7880
5100805,MT,Apiacás,88.06390977443608,91.47470398277719,3.410794208341102,6340
5101407,MT,Aripuanã,85.61658945510699,89.40984793627806,3.7932584811710655,17103
5103353,MT,Confresa,85.44039117287525,87.98242363280217,2.542032459926915,26066
5105234,MT,Lambari D'Oeste,92.22648752399232,94.58528951486699,2.3588019908746674,4215
5101605,MT,Barão de Melgaço,76.81216669958522,79.6746481447633,2.8624814451780765,6862
5107263,MT,Santo Afonso,80.96846846846847,90.88632949424137,9.917861025772893,2661
5101704,MT,Barra do Bugres,70.88326416086981,81.54290277010011,10.6596386092303,22360
5106455,MT,Planalto da Serra,87.17948717948718,77.31316725978648,-9.8663199197007,3110
5101803,MT,Barra do Garças,67.9452308833529,86.10361575822989,18.158384874876987,47116
5108956,MT,Nova Monte Verde,82.40591087508659,90.27808676307008,7.872175887983488,6035
5106158,MT,Nova Bandeirantes,86.42879401682767,91.06400665004156,4.6352126332138965,10127
5107404,MT,São Pedro da Cipa,73.39955849889624,87.7867746288799,14.387216129983656,3891
5103379,MT,Cotriguaçu,79.02226686757074,86.56294200848656,7.540675140915823,7705
5107198,MT,Ribeirãozinho,93.43675417661098,92.87211740041928,-0.5646367761916906,2466
5101902,MT,Brasnorte,83.7988136431043,89.84420080784766,6.04538716474336,12658
5102504,MT,Cáceres,68.93001461611212,87.14518979130784,18.215175175195725,62204
5102637,MT,Campo Novo do Parecis,84.7413371049339,90.23837074751215,5.497033642578245,31122
5102678,MT,Campo Verde,79.9182848607328,86.7308011278819,6.812516267149107,33976
5103056,MT,Cláudia,90.76873070047131,89.53884246363354,-1.2298882368377662,8574
5102850,MT,Castanheira,89.43594646271511,83.75670006991378,-5.679246392801332,6034
5104906,MT,Jangada,86.91975530766463,91.46671172693478,4.5469564192701455,7473
5105176,MT,Juruena,81.15279048490393,88.56282919488338,7.410038709979446,7692
5103007,MT,Chapada dos Guimarães,62.64395014986591,87.52548516197237,24.88153501210646,17940
5105259,MT,Lucas do Rio Verde,79.93842692637874,89.17464899619472,9.23622206981598,54791
5105606,MT,Matupá,63.32030011624221,89.60191229199228,26.28161217575007,15134
5106224,MT,Nova Mutum,85.9447004608295,91.55218522181924,5.607484760989749,37950
5107180,MT,Ribeirão Cascalheira,81.48724936733502,90.99559471365639,9.508345346321363,7618
5103403,MT,Cuiabá,75.41209904181159,81.3314730503745,5.919374008562912,455363
5108006,MT,Tapurah,85.9823399558499,92.67318551163751,6.690845555787618,9693
5103502,MT,Diamantino,65.5933762649494,79.81112812659521,14.217751861645809,16561
5106653,MT,Pontal do Araguaia,76.39300134589502,89.2658105161134,12.872809170218389,5353
5103601,MT,Dom Aquino,67.5222740772168,91.46649810366624,23.944224026449433,6230
5107875,MT,Sapezal,88.22332546593961,89.48022516265809,1.2568996967184773,20539
5102686,MT,Campos de Júlio,83.53099730458221,91.3695652173913,7.838567912809083,6787
5102793,MT,Carlinda,76.73882185947481,82.39567494509208,5.656853085617271,8400
5103908,MT,General Carneiro,76.93538067818298,88.70723584620042,11.771855168017439,4718
5103700,MT,Feliz Natal,82.61157755192222,89.84344422700588,7.231866675083651,7181
5106265,MT,Novo Mundo,79.1402953586498,83.97891359156543,4.8386182329156355,6075
5103858,MT,Gaúcha do Norte,84.36078827690753,91.71987641606592,7.359088139158388,6795
5104203,MT,Guiratinga,72.78350515463917,84.0327704397258,11.249265285086622,8175
5108303,MT,União do Sul,93.93268379096546,86.7704280155642,-7.162255775401249,3630
5106182,MT,Nova Lacerda,85.78321003538115,94.00894187779434,8.225731842413197,4971
5106240,MT,Nova Ubiratã,85.54966160599963,89.85805005603287,4.308388450033235,7592
5101852,MT,Bom Jesus do Araguaia,85.71838256380843,93.1706114398422,7.452228876033772,5661
5104609,MT,Itiquira,86.71862821512082,87.32042473454091,0.6017965194200912,9344
5107883,MT,Serra Nova Dourada,85.31409168081494,93.03525365434221,7.721161973527273,1725
5106315,MT,Novo Santo Antônio,89.97704667176741,95.8392101551481,5.862163483380684,2037
5104807,MT,Jaciara,71.4766682378291,87.18052738336714,15.703859145538033,20547
5106174,MT,Nova Nazaré,73.0217737652682,84.08408408408408,11.06231031881589,3520
5107743,MT,Santa Cruz do Xingu,87.48079877112136,94.21641791044776,6.735619139326403,2268
5103361,MT,Conquista D'Oeste,91.49532710280374,94.32835820895522,2.8330311061514806,3425
5108352,MT,Vale de São Domingos,90.52304505437597,94.28434197886648,3.761296924490509,2721
5107768,MT,Santa Rita do Trivelato,89.16562889165628,93.54838709677419,4.382758205117909,2606
5105309,MT,Luciara,69.46564885496183,85.13293543136191,15.667286576400087,2405
5104526,MT,Ipiranga do Norte,92.22474460839955,92.21357063403782,-0.011173974361724959,5997
5105507,MT,Vila Bela da Santíssima Trindade,88.82558591221029,92.74572914087645,3.920143228666163,11197
5104542,MT,Itanhangá,87.04004329004329,92.90015052684396,5.860107236800673,5239
5105903,MT,Nobres,78.08142777467931,90.68825910931174,12.606831334632432,12501
5106000,MT,Nortelândia,66.2348401323043,83.0058123443122,16.770972212007905,4871
5106109,MT,Nossa Senhora do Livramento,76.79927118129365,84.42423105776444,7.624959876470797,13536
5106505,MT,Poconé,71.9149883164571,80.18779858327385,8.272810266816748,25545
5106703,MT,Ponte Branca,86.42564802182811,94.75119291070212,8.325544888874006,2037
5106802,MT,Porto dos Gaúchos,78.65092748735245,91.93003988953667,13.279112402184225,4455
5107008,MT,Poxoréu,74.98973305954826,83.7043005337899,8.714567474241647,14509
5107602,MT,Rondonópolis,65.68205111112962,77.03989848694144,11.357847375811815,177148
5107701,MT,Rosário Oeste,74.5870524263876,89.6729068092985,15.085854382910895,13155
5107800,MT,Santo Antônio de Leverger,54.65169569202566,85.1037851037851,30.452089411759438,17145
5108105,MT,Tesouro,71.88081936685289,88.22652757078987,16.34570820393698,2759
5108204,MT,Torixoréu,85.24286243974787,89.3491124260355,4.1062499862876365,3727
5108402,MT,Várzea Grande,80.25814409374243,84.90833444421837,4.650190350475938,194770
5105622,MT,Mirassol d'Oeste,85.43280938676112,90.32281051806456,4.8900011313034355,19682
5106372,MT,Pedra Preta,69.83392048314042,78.60756931795183,8.77364883481141,14474
5107859,MT,São Félix do Araguaia,81.30175235894474,87.72418596552325,6.422433606578508,8485
5107958,MT,Tangará da Serra,72.80582173930476,89.505238417719,16.699416678414238,70135
5105200,MT,Juscimeira,75.16224188790561,87.47037914691943,12.308137259013819,8751
5100201,MT,Água Boa,93.37200254650917,94.52108276939094,1.1490802228817785,21139
5102702,MT,Canarana,89.89863986831845,93.0743635378782,3.175723669559744,17765
5106257,MT,Nova Xavantina,86.64048945301799,90.84275162409895,4.20226217108096,16249
5107776,MT,Santa Terezinha,73.45433919455473,79.07773386034256,5.623394665787828,5358
5107305,MT,São José do Rio Claro,89.90243902439025,92.48826291079813,2.58582388640788,11217
5105101,MT,Juara,82.673473021903,92.26021684737282,9.58674382546981,25462
5105150,MT,Juína,81.09532242042069,80.50555342780544,-0.5897689926152481,34203
5103452,MT,Denise,85.71102488016435,91.78587909552377,6.074854215359423,5710
5100607,MT,Alto Taquari,93.87115723516742,92.42340854889011,-1.4477486862773077,7979
5101001,MT,Araguaiana,85.74450084602368,93.73401534526855,7.989514499244862,3258
5102603,MT,Campinápolis,76.28426936385414,73.22747415066469,-3.056795213189446,11507
5103106,MT,Cocalinho,85.28602018966045,91.8109370706238,6.524916880963346,5454
5104559,MT,Itaúba,89.18367346938776,94.40179142674344,5.2181179573556875,4348
5105580,MT,Marcelândia,89.46243629787934,89.85197619410957,0.38953989623023233,9496
5106232,MT,Nova Olímpia,71.02331457448031,77.29681978798587,6.273505213505558,12967
5106216,MT,Nova Canaã do Norte,88.30963665086888,92.89209024191356,4.582453591044683,10255
5106281,MT,Novo São Joaquim,88.40616966580977,94.40524193548387,5.999072269674102,5505
5106273,MT,Novo Horizonte do Norte,75.3195240193918,89.800796812749,14.481272793357192,3305
5106422,MT,Peixoto de Azevedo,77.84537856440511,82.13980724655362,4.2944286821485065,23801
5106299,MT,Paranaíta,84.94623655913979,88.71459694989107,3.7683603907512833,9406
5106778,MT,Porto Alegre do Norte,77.55173623290074,86.79310344827586,9.24136721537512,7904
5106828,MT,Porto Esperidião,81.08637577916295,89.93183009963293,8.845454320469983,8051
5107040,MT,Primavera do Leste,86.75690607734806,90.99126017778441,4.234354100436349,57120
5107156,MT,Reserva do Cabaçal,85.52631578947368,87.8853046594982,2.3589888700245183,1838
5107925,MT,Sorriso,93.12303841722617,92.3441892109645,-0.7788492062616683,76028
5108055,MT,Terra Nova do Norte,80.89996762706377,85.7684721590047,4.868504531940928,9124
5108501,MT,Vera,88.33432362844128,89.87143849895762,1.5371148705163336,7850
5108600,MT,Vila Rica,82.89101017518095,89.1994266994267,6.308416524245743,13844
5103304,MT,Comodoro,68.65987697892508,87.30365182591295,18.643774846987867,14317
5103809,MT,Figueirópolis D'Oeste,92.81663516068053,95.35941765241128,2.5427824917307476,2866
5104104,MT,Guarantã do Norte,79.41935890169407,90.44475121541323,11.025392313719166,22728
5104500,MT,Indiavaí,88.08120497707924,93.63411619283066,5.552911215751422,2028
1503093,PA,Goianésia do Pará,86.39439045393037,71.1838482716427,-15.210542182287668,21405
1500107,PA,Abaetetuba,70.04230912928014,66.95571204097072,-3.086597088309418,123840
1507953,PA,Tailândia,78.44299397304124,59.11703239289446,-19.32596158014678,55593
1500206,PA,Acará,58.727603768108295,62.9357291640525,4.208125395944208,48817
1501576,PA,Bom Jesus do Tocantins,79.7690531177829,72.88874707509041,-6.880306042692496,12477
1500305,PA,Afuá,92.77007145859605,86.04356193142057,-6.72650952717548,29758
1507474,PA,São João de Pirabas,89.34742982136348,76.35583840619812,-12.99159141516536,18795
1500404,PA,Alenquer,87.97927773259842,95.3244825595778,7.3452048269793835,45624
1508084,PA,Tucumã,82.71849467690022,91.13195374919358,8.413459072293364,28014
1500503,PA,Almeirim,89.39088342073417,90.65371641270211,1.2628329919679402,23889
1504059,PA,Mãe do Rio,71.46974063400576,55.81853072873099,-15.651209905274769,25345
1500602,PA,Altamira,86.20695120211738,85.73222808339614,-0.4747231187212435,86739
1502954,PA,Eldorado do Carajás,81.35099337748345,80.88832487309645,-0.4626685043869969,20306
1500701,PA,Anajás,92.35830901980259,81.14214350590372,-11.216165513898872,22636
1506559,PA,Santa Luzia do Pará,47.05283073788386,79.32907128617585,32.27624054829199,18518
1500800,PA,Ananindeua,77.85529524794916,82.10096283631782,4.245667588368661,357926
1505494,PA,Palestina do Pará,80.94528422397275,75.73415765069552,-5.211126573277227,5862
1500909,PA,Augusto Corrêa,79.86291411361512,80.5693950177936,0.706480904178477,39217
1503457,PA,Ipixuna do Pará,83.01970827302083,60.20717131474104,-22.812536958279786,24688
1501006,PA,Aveiro,77.8490200822647,90.1617401003904,12.312720018125702,11870
1503754,PA,Jacareacanga,80.85717441732022,73.00429613347987,-7.852878283840354,13777
1501105,PA,Bagre,80.02166125135383,84.2406433652954,4.218982113941564,16607
1501725,PA,Brasil Novo,86.68098818474758,89.18545789231477,2.5044697075671962,16697
1501204,PA,Baião,84.62262375305853,68.9607493309545,-15.661874422104034,27594
1506351,PA,Santa Bárbara do Pará,69.50359872375158,65.60927892677473,-3.894319796976845,18358
1501303,PA,Barcarena,75.72217655287788,87.23849639415407,11.516319841276186,102806
1500347,PA,Água Azul do Norte,87.402496099844,91.37846455727251,3.9759684574285075,10878
1501402,PA,Belém,70.75353382752103,71.39361087906458,0.6400770515435568,1046627
1508050,PA,Trairão,88.71139510117146,87.05352112676056,-1.6578739744109043,12441
1501501,PA,Benevides,76.98007708593452,83.77380738765989,6.793730301725361,49269
1505551,PA,Pau D'Arco,67.63864042933811,79.80288097043214,12.164240541094031,8655
1501600,PA,Bonito,93.50880664951514,86.88619295205083,-6.622613697464303,12897
1508126,PA,Ulianópolis,89.02694307515699,86.31774028629857,-2.70920278885842,20159
1501709,PA,Bragança,82.478762355461,82.56241769281942,0.08365533735842234,94962
1500958,PA,Aurora do Pará,80.09375874615169,63.86131692995946,-16.232441816192235,18265
1501808,PA,Breves,75.86671032049183,77.80384253217254,1.937132211680705,77288
1507979,PA,Terra Santa,95.95191133652672,97.50504032258064,1.5531289860539204,15511
1501907,PA,Bujaru,73.23576694938744,80.78318799761685,7.54742104822941,21846
1505031,PA,Novo Progresso,90.78283614622906,95.00517300839176,4.222336862162706,24783
1502004,PA,Cachoeira do Arari,79.38629909260926,83.0205121329937,3.634213040384438,18975
1508357,PA,Vitória do Xingu,85.23396880415945,85.46720926592582,0.23324046176637125,16486
1502103,PA,Cametá,72.08499904816296,62.32254778198569,-9.762451266177266,106177
1505064,PA,Novo Repartimento,88.23336415426373,67.55476951163853,-20.6785946426252,45700
1502202,PA,Capanema,89.40326465078941,78.88117139102684,-10.52209325976257,54758
1501782,PA,Breu Branco,90.56969383800542,51.082932641164206,-39.486761196841215,32171
1502301,PA,Capitão Poço,85.9802815228366,68.2012629863516,-17.77901853648501,42608
1507151,PA,São Domingos do Araguaia,76.56107848813167,82.5054723017343,5.94439381360263,15405
1502400,PA,Castanhal,88.12072054049631,84.86281003507648,-3.2579105054198294,143734
1504950,PA,Nova Esperança do Piriá,81.5421881308034,87.14262241209333,5.600434281289935,15528
1502509,PA,Chaves,84.8289156626506,68.48891636492095,-16.339999297729648,15965
1500131,PA,Abel Figueiredo,82.22955456045251,86.53288740245262,4.303332842000103,6010
1502608,PA,Colares,83.08163711971986,92.58125061740591,9.499613497686056,12702
1502764,PA,Cumaru do Norte,83.02435478007997,83.53019464315422,0.5058398630742431,8216
1502707,PA,Conceição do Araguaia,66.090961427749,78.29363757495004,12.202676147201046,33534
1507961,PA,Terra Alta,87.20273133976924,85.48067909592751,-1.7220522438417305,12581
1502806,PA,Curralinho,76.74542642274254,77.89170289170289,1.1462764689603517,25964
1503044,PA,Floresta do Araguaia,88.4181568088033,67.33181299885975,-21.086343809943557,13754
1502905,PA,Curuçá,87.20511642156863,87.04639082930325,-0.15872559226538385,36832
1501253,PA,Bannach,60.270880361173816,94.83269800931808,34.56181764814426,3170
1503002,PA,Faro,92.76250741546372,97.42384355020684,4.661336134743124,7131
1504976,PA,Nova Ipixuna,73.47280334728033,69.67277634094232,-3.800027006338013,11487
1503101,PA,Gurupá,87.48167362129243,89.25373134328358,1.7720577219911462,24520
1505650,PA,Placas,84.08370932130171,90.79253076327339,6.708821441971679,14807
1503200,PA,Igarapé-Açu,84.86807118020045,78.12086987864953,-6.747201301550916,31175
1504422,PA,Marituba,82.36295693578037,78.78165736222631,-3.5812995735540625,90868
1503309,PA,Igarapé-Miri,76.426375948516,71.59065677872019,-4.835719169795809,53657
1508035,PA,Tracuateua,82.68716577540107,86.6168279097039,3.9296621343028306,25730
1503408,PA,Inhangapi,84.23323310236633,82.07166123778502,-2.1615718645813047,9354
1506112,PA,Quatipuru,54.346957795233656,80.02360965372507,25.676651858491418,10484
1503507,PA,Irituia,85.46511627906976,75.14994096812279,-10.31517531094697,26387
1502152,PA,Canaã dos Carajás,83.88714915332869,86.22596012468388,2.338810971355187,73376
1503606,PA,Itaituba,66.04487885462555,78.78071755548578,12.735838700860228,85344
1500859,PA,Anapu,80.97222222222223,80.11052688056658,-0.861695341655647,25278
1503705,PA,Itupiranga,76.74314720812183,83.96710790212595,7.22396069400412,32730
1502855,PA,Curuá,89.90753270184935,96.93522906793049,7.027696366081145,11427
1503804,PA,Jacundá,84.92777977833794,81.74606523482004,-3.1817145435178986,30585
1501956,PA,Cachoeira do Piriá,88.32324344157036,59.43964388583399,-28.883599555736367,14421
1503903,PA,Juruti,82.84194268062468,88.6966551326413,5.854712452016614,39112
1505635,PA,Piçarra,92.29943654413738,58.72632003224506,-33.573116511892316,9403
1504000,PA,Limoeiro do Ajuru,67.45983880695213,64.29059200504281,-3.169246801909324,22958
1501451,PA,Belterra,80.11854778957768,85.74204692673096,5.6234991371532885,17778
1504109,PA,Magalhães Barata,81.5375482338973,77.07948243992607,-4.45806579397123,8796
1507466,PA,São João da Ponta,83.2516339869281,93.75498802873105,10.50335404180295,6367
1504208,PA,Marabá,71.83262866307042,76.67424082933451,4.841612166264085,179518
1507755,PA,Sapucaia,89.64409954508965,94.3276778931375,4.68357834804786,5430
1504307,PA,Maracanã,88.0265116949234,89.2772749565295,1.250763261606096,27797
1504752,PA,Mojuí dos Campos,87.55142750280514,92.14611872146119,4.5946912186560525,24248
1504406,PA,Marapanim,93.58381502890174,91.80772837190939,-1.776086656992348,25292
1504505,PA,Melgaço,89.67424708051628,85.9881031064111,-3.6861439741051782,19565
1504604,PA,Mocajuba,82.55951838000547,41.693811074918564,-40.86570730508691,29080
1504703,PA,Moju,76.98590465847644,81.51523040874773,4.529325750271283,56811
1504802,PA,Monte Alegre,81.68773139282523,93.19318127708205,11.50544988425682,52563
1504901,PA,Muaná,89.80897459001622,86.42254680106974,-3.3864277889464773,30413
1505007,PA,Nova Timboteua,85.57323093801426,81.86634948096886,-3.706881457045398,11967
1505106,PA,Óbidos,88.12612185457378,92.6822287240809,4.5561068695071185,39919
1505205,PA,Oeiras do Pará,67.90408708153625,80.48572645930976,12.581639377773513,25487
1505304,PA,Oriximiná,89.16860704013149,90.36902505790692,1.2004180177754336,50824
1505403,PA,Ourém,82.00314218381776,80.09039374904243,-1.9127484347753239,16525
1505502,PA,Paragominas,84.50018854033866,88.3920272642776,3.891838723938946,76387
1505601,PA,Peixe-Boi,87.64076576576576,89.5656710577801,1.92490529201433,9487
1505700,PA,Ponta de Pedras,70.50794747753974,76.61259066496872,6.104643187428977,23302
1505809,PA,Portel,87.85899354085319,81.92797889584591,-5.931014645007281,41746
1505908,PA,Porto de Moz,88.39101535640614,84.45295404814004,-3.9380613082661,23709
1506005,PA,Prainha,87.26273971259012,87.22764490909933,-0.03509480349079297,27386
1506104,PA,Primavera,92.94934242571846,65.07125890736341,-27.87808351835504,11339
1506203,PA,Salinópolis,90.75155187703221,88.97525542242286,-1.7762964546093514,38078
1506302,PA,Salvaterra,81.27044354311134,85.26771702969054,3.9972734865792034,20320
1506401,PA,Santa Cruz do Arari,73.3913782119346,73.71051579368253,0.31913758174793827,7042
1506500,PA,Santa Izabel do Pará,74.22621072185447,77.85434572547425,3.628135003619775,49184
1506609,PA,Santa Maria do Pará,91.29848822219618,78.37745710714691,-12.921031115049274,22313
1506708,PA,Santana do Araguaia,91.02728544776119,93.47885551726024,2.4515700694990556,25278
1506807,PA,Santarém,83.5646944083225,85.21976956597169,1.6550751576491933,253089
1506906,PA,Santarém Novo,91.87346088274295,74.58504372657505,-17.288417156167895,6794
1507003,PA,Santo Antônio do Tauá,75.0449370880767,76.9008437835066,1.8559066954299084,26159
1507102,PA,São Caetano de Odivelas,90.63297390731748,93.0668525834689,2.433878676151423,15886
1507201,PA,São Domingos do Capim,74.68787235144796,79.50270484887588,4.814832497427915,25155
1507300,PA,São Félix do Xingu,88.26214006632301,92.37293401267553,4.110793946352516,43014
1507409,PA,São Francisco do Pará,90.81094244662717,84.57247650340032,-6.238465943226842,15923
1507508,PA,São João do Araguaia,80.07736943907156,75.26505301060212,-4.812316428469444,13212
1507607,PA,São Miguel do Guamá,80.949928815921,79.74691012064541,-1.2030186952755884,42256
1507706,PA,São Sebastião da Boa Vista,88.42375530252288,67.6507341455795,-20.773021156943372,23901
1507805,PA,Senador José Porfírio,85.47079609228851,73.65726603197413,-11.813530060314378,14882
1507904,PA,Soure,81.64101954726398,87.26074856591129,5.6197290186473055,22799
1508001,PA,Tomé-Açu,74.1469013006886,81.72925852719071,7.582357226502111,52851
1508100,PA,Tucuruí,90.55172791900436,45.39850041655096,-45.153227502453404,73023
1508209,PA,Vigia,87.98772760621624,90.69073010664479,2.7030025004285534,39655
1508308,PA,Viseu,89.9395374929876,53.385076015232116,-36.55446147775548,43475
1506138,PA,Redenção,89.13944340436274,91.89245045156757,2.7530070472048322,62358
1506161,PA,Rio Maria,82.57597139900273,85.00771307365986,2.4317416746571325,13846
1508407,PA,Xinguara,82.19883480548769,91.53831810553794,9.339483300050247,35426
1506187,PA,Rondon do Pará,89.65881280291761,83.83050177795337,-5.828311024964236,26999
1508159,PA,Uruará,86.66113569321534,85.93246924791546,-0.7286664452998792,31992
1504455,PA,Medicilândia,80.0746464117339,85.86693804859432,5.792291636860426,20484
1507458,PA,São Geraldo do Araguaia,87.87067276290007,89.24017352438544,1.3695007614853694,19490
1502756,PA,Concórdia do Pará,56.99786602821007,63.676672952448904,6.678806924238835,24113
1505536,PA,Parauapebas,91.93346371047485,85.7679616227158,-6.165502087759052,200942
1502772,PA,Curionópolis,92.00383815768431,57.08796926278716,-34.91586889489715,17009
1503077,PA,Garrafão do Norte,52.06269665540147,90.80251458345133,38.73981792804986,22326
1506195,PA,Rurópolis,76.63086006971615,88.41471312006217,11.783853050346025,20247
1505486,PA,Pacajá,86.50990678720315,84.04549509366637,-2.464411693536775,29479
1501758,PA,Brejo Grande do Araguaia,46.90633869441817,73.09864457831326,26.192305883895088,6821
1505437,PA,Ourilândia do Norte,85.95749677116356,86.3605027310813,0.4030059599177349,25885
1502939,PA,Dom Eliseu,82.32917618127524,80.97828433277209,-1.350891848503153,30137
1506583,PA,Santa Maria das Barreiras,80.64278187565859,92.19800366673456,11.55522179107598,13340
2512762,PB,Riachão do Poço,87.96025715955581,89.84523486288352,1.8849777033277064,4868
2500106,PB,Água Branca,89.62199312714776,82.48376623376623,-7.138226893381528,8395
2515971,PB,Sobrado,80.2060737527115,55.04990695313822,-25.156166799573285,8060
2500205,PB,Aguiar,88.49882106366256,84.88340927365317,-3.6154117900093894,4779
2514453,PB,São José dos Ramos,78.58355566335193,82.32950550738224,3.7459498440303065,5940
2500304,PB,Alagoa Grande,74.72775564409031,77.85652656230741,3.1287709182171,23235
2504033,PB,Capim,79.94522856540974,81.53754232224657,1.5923137568368304,7251
2500403,PB,Alagoa Nova,30.843125482459904,24.679919137466307,-6.163206344993597,16592
2505238,PB,Cuité de Mamanguape,85.16653756777691,90.55988403696321,5.393346469186298,7661
2500502,PB,Alagoinha,67.3661619172529,72.84330484330485,5.477142926051954,12228
2505279,PB,Curral de Cima,58.0365296803653,90.20300088261253,32.16647120224723,6226
2500601,PB,Alhandra,84.0672244238955,89.39486760601729,5.32764318212179,21079
2512754,PB,Riachão do Bacamarte,91.39624888359631,93.34424440807419,1.947995524477875,4999
2500700,PB,São João do Rio do Peixe,81.67726550079492,59.932910920611256,-21.74435458018366,14568
2509339,PB,Matinhas,81.82384064737006,84.71641791044776,2.8925772630776976,4881
2500809,PB,Araçagi,86.60373760488177,87.15587621036643,0.5521386054846573,14344
2508554,PB,Logradouro,82.60462211118052,89.08594815825376,6.481326047073239,4789
2500908,PB,Arara,81.15896632732968,37.814357567443984,-43.344608759885695,9324
2515930,PB,Sertãozinho,73.86399247884675,86.58088235294117,12.71688987409442,5104
2501005,PB,Araruna,94.67804184440382,89.89660265878878,-4.781439185615042,14810
2512747,PB,Riachão,85.53546592489569,88.17619783616692,2.6407319112712315,3550
2501104,PB,Areia,65.54650373387645,88.27396864388412,22.72746491000767,19067
2513943,PB,São Domingos do Cariri,81.96794300979519,58.79120879120879,-23.176734218586404,3072
2501203,PB,Areial,86.85064935064935,90.36243822075782,3.511788870108475,6597
2504074,PB,Caraúbas,93.47198151357597,77.19346049046321,-16.27852102311276,4534
2501302,PB,Aroeiras,86.2804336236005,86.92628650904034,0.6458528854398367,16289
2513851,PB,Santo André,88.42398884239888,78.66549604916594,-9.758492793232946,3035
2505352,PB,Damião,79.75424224692803,87.83600325821341,8.08176101128538,4885
2516151,PB,Sossêgo,73.92626377803117,89.76300197498354,15.836738196952368,3672
2501401,PB,Baía da Traição,73.668430335097,79.33354694008331,5.665116604986309,8424
2501534,PB,Baraúna,67.26207906295754,71.3309647444657,4.0688856815081635,4661
2501500,PB,Bananeiras,75.36307595862502,77.68936044798114,2.3262844893561265,19357
2501351,PB,Assunção,93.29783902286252,85.05452212957023,-8.243316893292288,4201
2501609,PB,Barra de Santa Rosa,72.21163012392755,81.45397254107586,9.242342417148308,11480
2517407,PB,Zabelê,82.40485383342526,64.12556053811659,-18.279293295308676,2666
2501708,PB,Barra de São Miguel,28.777895855472902,75.22233712512927,46.444441269656366,6048
2503555,PB,Cacimbas,62.0336669699727,65.23840914084816,3.2047421708754626,6623
2501807,PB,Bayeux,84.10631698211334,79.55013204626172,-4.556184935851618,74369
2503753,PB,Cajazeirinhas,86.30952380952381,91.23465211459754,4.925128305073727,3757
2501906,PB,Belém,73.88646288209607,70.23900469278621,-3.6474581893098588,13281
2513927,PB,São Bentinho,32.23254213966288,30.24066968957098,-1.991872450091904,3802
2502003,PB,Belém do Brejo do Cruz,67.4496644295302,61.003539454507596,-6.446124975022606,6644
2513968,PB,São Domingos,96.30066902794175,90.49862583431488,-5.802043193626872,3287
2502102,PB,Boa Ventura,86.50571791613723,84.59294616812517,-1.9127717480120623,5163
2514552,PB,São José de Princesa,93.50752177355503,88.86978942844864,-4.637732345106386,3235
2502201,PB,Bom Jesus,86.95836873406967,75.5201958384333,-11.43817289563637,3054
2509156,PB,Marizópolis,74.6287387575821,55.04358655043587,-19.58515220714623,6301
2502300,PB,Bom Sucesso,89.8836894779551,74.4399460188934,-15.443743459061707,4846
2509370,PB,Mato Grosso,67.11672473867596,14.259086672879777,-52.85763806579618,3319
2502409,PB,Bonito de Santa Fé,75.20234200103323,77.39692001987083,2.1945780188376034,7922
2502052,PB,Bernardino Batista,95.07793273174734,79.10140148392415,-15.97653124782319,3353
2502508,PB,Boqueirão,88.33792470156106,86.70475865597817,-1.6331660455828967,15969
2512077,PB,Poço de José de Moura,94.28571428571429,72.1856201661415,-22.100094119572788,4431
2502607,PB,Igaracy,84.89311163895486,75.86916742909423,-9.02394420986063,5887
2514651,PB,São José do Brejo do Cruz,76.18279569892474,74.38302073050346,-1.799774968421275,2613
2502706,PB,Borborema,50.32987747408106,93.19286871961103,42.86299124552997,4894
2513356,PB,Santa Inês,93.87550200803213,91.40625,-2.4692520080321287,3848
2502805,PB,Brejo do Cruz,59.86403122246003,67.9729075955491,8.108876373089075,10742
2500734,PB,Amparo,88.28084667010842,81.36067101584342,-6.920175654264995,2663
2502904,PB,Brejo dos Santos,47.97837837837838,37.848101265822784,-10.130277112555596,5994
2504157,PB,Casserengue,73.95476353666895,57.44726646577701,-16.507497070891937,6405
2503001,PB,Caaporã,80.82706766917293,86.3439857590913,5.516918089918363,17081
2506251,PB,Gado Bravo,86.9214914746112,86.43559406765539,-0.4858974069558144,8093
2503100,PB,Cabaceiras,87.91010074916042,85.16240157480316,-2.7476991743572654,5237
2512036,PB,Poço Dantas,94.32815665091155,84.312438464063,-10.015718186848545,4134
2503209,PB,Cabedelo,78.66871704745166,77.99751473970865,-0.671202307743016,54017
2513653,PB,Joca Claudino,85.39682539682539,82.37145855194125,-3.0253668448841466,2515
2503308,PB,Cachoeira dos Índios,85.98783106657122,78.33362083836467,-7.654210228206551,7911
2516755,PB,Tenório,70.4,80.95794392523365,10.557943925233644,3314
2503407,PB,Cacimba de Areia,91.26344086021506,72.4523737526459,-18.81106710756916,4343
2504850,PB,Coxixola,87.33333333333333,57.971014492753625,-29.362318840579704,2046
2503506,PB,Cacimba de Dentro,85.8692407204697,84.10760373238038,-1.7616369880893217,14330
2510659,PB,Parari,87.75981524249423,85.07231404958678,-2.6875011929074475,2402
2503605,PB,Caiçara,79.63212202781516,79.96582656984195,0.3337045420267941,6526
2512721,PB,Pedro Régis,46.80232558139535,46.45669291338583,-0.34563266800952164,5725
2503704,PB,Cajazeiras,76.89360447981137,73.18686309574498,-3.7067413840663903,47808
2500536,PB,Alcantil,80.34712950600802,86.67182263469967,6.324693128691649,4997
2503803,PB,Caldas Brandão,81.28903322508118,88.2324802678785,6.943447042797317,5445
2501575,PB,Barra de Santana,82.97796730632551,91.71443460135487,8.736467295029357,7793
2503902,PB,Camalaú,88.84297520661157,80.60353798126951,-8.239437225342058,6292
2504355,PB,Caturité,93.27163581790896,84.02421984163949,-9.247415976269465,5518
2504009,PB,Campina Grande,82.51745731405146,80.63994460416521,-1.877512709886247,304234
2512788,PB,Riacho de Santo Antônio,96.57228017883756,90.81225033288948,-5.7600298459480825,2834
2504108,PB,Carrapateira,93.94780677401444,64.75495307612096,-29.192853697893483,2443
2500775,PB,Aparecida,86.11795941589229,36.666666666666664,-49.45129274922562,7244
2504207,PB,Catingueira,93.30181245074863,82.99764582788386,-10.30416662286477,5415
2513984,PB,São Francisco,92.13826858366473,27.804730139478472,-64.33353844418625,4138
2504306,PB,Catolé do Rocha,63.64079147640791,39.893011609378554,-23.747779867029358,22546
2517209,PB,Vieirópolis,85.14929282346779,70.25182395857848,-14.897468864889305,5430
2504405,PB,Conceição,92.43790248390064,92.3780487804878,-0.05985370341284124,15349
2501153,PB,Areia de Baraúnas,84.60648148148148,77.92349726775956,-6.682984213721923,2502
2504504,PB,Condado,91.00093984962406,79.75575387505872,-11.245185974565345,5803
2500577,PB,Algodão de Jandaíra,22.980251346499102,29.015544041450777,6.035292694951675,3119
2504603,PB,Conde,78.49083636797803,78.5381920844879,0.047355716509869694,27248
2502151,PB,Boa Vista,89.1487568478719,84.94377342773845,-4.204983420133445,6123
2504702,PB,Congo,43.36908824963432,35.79300431241016,-7.576083937224162,5388
2509057,PB,Marcação,44.82102056359482,86.44156752974108,41.62054696614626,7912
2504801,PB,Coremas,87.80379536122517,56.29426064898002,-31.50953471224515,12871
2509396,PB,Maturéia,81.77000529941706,83.87725280077935,2.1072475013622807,5806
2504900,PB,Cruz do Espírito Santo,82.28024369016536,80.65211765720693,-1.6281260329584342,16430
2513158,PB,Santa Cecília,51.43326638670805,43.88947927736451,-7.5437871093435405,7088
2505006,PB,Cubati,85.75,91.8961759461066,6.146175946106595,6956
2505105,PB,Cuité,36.848195001542734,72.93875613229942,36.09056113075668,17383
2505204,PB,Cuitegi,80.62266500622665,89.85714285714286,9.234477850916207,6098
2505303,PB,Curral Velho,89.04632152588556,81.9351230425056,-7.111198483379965,2325
2505402,PB,Desterro,79.69137992195814,92.73161576522777,13.040235843269627,7716
2505501,PB,Vista Serrana,94.88469601677149,19.680436477007014,-75.20425953976448,3469
2505600,PB,Diamante,81.85968284478616,75.14318442153494,-6.716498423251224,5910
2505709,PB,Dona Inês,91.27358490566037,87.55587599134823,-3.7177089143121407,9272
2505808,PB,Duas Estradas,24.799123447772097,93.5328517371861,68.73372828941402,3885
2505907,PB,Emas,73.2421875,92.16117216117216,18.91898466117216,3824
2506004,PB,Esperança,69.09775320550523,55.331100788592416,-13.766652416912812,26011
2506103,PB,Fagundes,88.74848769995967,47.542471793541694,-41.206015906417974,10546
2506202,PB,Frei Martinho,68.71192341166231,81.27421437795954,12.562290966297226,2942
2506301,PB,Guarabira,84.53670086819258,86.29667798254123,1.7599771143486436,43613
2506400,PB,Gurinhém,79.02445078813454,90.59714250824277,11.572691720108224,11420
2506509,PB,Gurjão,70.08547008547009,46.444179578863725,-23.641290506606367,3193
2506608,PB,Ibiara,92.30581338544211,87.30916030534351,-4.996653080098596,5580
2506707,PB,Imaculada,88.15196394075981,85.22273425499232,-2.9292296857674955,9114
2506806,PB,Ingá,92.38656987295826,88.09608225491934,-4.290487618038924,15722
2506905,PB,Itabaiana,81.9243275199527,85.85180055401662,3.9274730340639223,19582
2507002,PB,Itaporanga,57.94301485510187,77.33292505550027,19.389910200398397,17554
2507101,PB,Itapororoca,51.771170640761454,91.53415251174557,39.76298187098412,14182
2507200,PB,Itatuba,84.75507401190295,93.90330355876932,9.148229546866375,9118
2507309,PB,Jacaraú,87.54667474013523,85.82226959976742,-1.7244051403678071,14324
2507408,PB,Jericó,31.89486072969792,16.932515337423315,-14.962345392274607,6938
2507507,PB,João Pessoa,74.39858843792122,73.17211131207478,-1.2264771258464435,586552
2507606,PB,Juarez Távora,88.88110663631588,92.10164835164835,3.220541715332473,7954
2507705,PB,Juazeirinho,89.78741142142559,87.40290778729337,-2.3845036341322157,14044
2507804,PB,Junco do Seridó,90.88589981447124,88.79120879120879,-2.094691023262456,5990
2507903,PB,Juripiranga,62.25317825263728,89.86790331646992,27.614725063832644,9828
2508000,PB,Juru,94.41103643438274,80.85142184082113,-13.559614593561605,8199
2508109,PB,Lagoa,89.50124001102232,55.87739032620922,-33.623849684813095,4698
2508208,PB,Lagoa de Dentro,54.803451581975075,79.23913043478261,24.435678852807534,7869
2508307,PB,Lagoa Seca,81.75560553397396,81.79277047201576,0.03716493804179777,22056
2508406,PB,Lastro,72.90655339805825,60.90534979423868,-12.001203603819569,4394
2508505,PB,Livramento,92.36029238387172,79.99532601075018,-12.364966373121547,5930
2508604,PB,Lucena,88.35519895912392,92.12719975301019,3.7720007938862636,12879
2508703,PB,Mãe d'Água,92.45411284840245,74.25518134715026,-18.19893150125219,3875
2508802,PB,Malta,88.67339022498061,83.23626234489744,-5.4371278800831675,5263
2508901,PB,Mamanguape,66.6303116741474,75.61844448842272,8.988132814275318,34590
2509008,PB,Manaíra,78.54811130110369,70.19316493313522,-8.354946367968466,9110
2509107,PB,Mari,82.09413880977365,90.70892644274595,8.614787632972295,18459
2509206,PB,Massaranduba,85.79307037525477,88.88498065423848,3.091910278983704,12155
2509305,PB,Mataraca,49.35021097046413,44.2965154503616,-5.053695520102529,8712
2509404,PB,Mogeiro,82.23957677289332,84.59012548375748,2.3505487108641603,11479
2509503,PB,Montadas,86.11725663716814,87.3468367091773,1.2295800720091563,5373
2509602,PB,Monte Horebe,87.72229822161422,22.014805278403603,-65.70749294321062,4313
2509701,PB,Monteiro,84.9067599067599,81.39795346942931,-3.508806437330591,27178
2509800,PB,Mulungu,83.00977752586084,90.88815315963726,7.878375633776415,9094
2509909,PB,Natuba,91.53120610074252,80.27940878720389,-11.251797313538631,6839
2510006,PB,Nazarezinho,93.87717690192484,52.61617270398829,-41.26100419793655,7090
2510105,PB,Nova Floresta,16.99481865284974,74.21978751660026,57.22496886375052,8306
2510204,PB,Nova Olinda,82.73633180716402,83.04079110012361,0.3044592929595922,5895
2510303,PB,Nova Palmeira,61.82408074981976,81.8513603185136,20.027279568693842,3681
2510402,PB,Olho d'Água,55.01165501165501,51.20448179271709,-3.807173218937919,7440
2510501,PB,Olivedos,87.78523489932886,79.62724935732648,-8.157985542002379,4073
2510600,PB,Ouro Velho,92.20508545227177,85.5252606255012,-6.67982482677057,3098
2510709,PB,Passagem,86.89175769612712,69.10569105691057,-17.786066639216543,2846
2510808,PB,Patos,80.94830920824936,80.28641571194763,-0.6618934963017296,67669
2510907,PB,Paulista,67.60063141278611,38.287864534336784,-29.31276687844933,10996
2511004,PB,Pedra Branca,93.34027055150885,88.6897001303781,-4.650570421130752,4074
2511103,PB,Pedra Lavrada,69.87571097535286,84.04751803139584,14.17180705604298,5944
2511202,PB,Pedras de Fogo,81.66898631408026,75.81908439051296,-5.849901923567302,25239
2511301,PB,Piancó,82.5890940317733,84.56475583864119,1.9756618068678904,12776
2511400,PB,Picuí,31.98039384297876,72.07848584823755,40.09809200525879,15034
2511509,PB,Pilar,79.94882844061407,85.98568961263261,6.036861172018547,10754
2511608,PB,Pilões,68.72028116601199,86.29016923369461,17.569888067682626,7122
2511707,PB,Pilõezinhos,61.63650267652307,85.05045763905187,23.4139549625288,5890
2511806,PB,Pirpirituba,74.71684325904275,85.5766089513231,10.859765692280348,8201
2511905,PB,Pitimbu,89.74162469892708,91.06187111967459,1.3202464207475089,13149
2512002,PB,Pocinhos,93.09136907657877,90.27117450255327,-2.820194574025507,15439
2512101,PB,Pombal,80.53423072878326,92.35847169433887,11.824240965555617,25853
2512200,PB,Prata,79.9489958559133,87.68518518518519,7.736189329271895,4236
2512309,PB,Princesa Isabel,88.59331955922865,83.67789263087695,-4.9154269283516925,16937
2512408,PB,Puxinanã,89.04692574756412,85.81590402378171,-3.231021723782405,12878
2512507,PB,Queimadas,84.96571405921756,86.89586063362368,1.9301465744061232,36681
2512606,PB,Quixaba,90.18003273322422,72.98701298701299,-17.193019746211235,2500
2512705,PB,Remígio,55.955572577556495,84.12330719885959,28.167734621303097,15062
2512804,PB,Riacho dos Cavalos,89.15906788247214,82.49925528745904,-6.659812595013108,8428
2512903,PB,Rio Tinto,57.58399553882615,80.82364476817482,23.239649229348665,18838
2513000,PB,Salgadinho,91.41560049525381,77.7302759424796,-13.685324552774219,3477
2513109,PB,Salgado de São Félix,90.26817804810617,91.58266788846707,1.3144898403609062,10366
2513208,PB,Santa Cruz,67.45304626660558,70.49402210692533,3.0409758403197458,5527
2513307,PB,Santa Helena,88.35472578763127,77.06179898834397,-11.2929267992873,5959
2513406,PB,Santa Luzia,77.44701119314122,77.53448653382965,0.0874753406884281,12260
2513505,PB,Santana de Mangueira,93.50073855243723,46.33284241531664,-47.167896137120586,4561
2513604,PB,Santana dos Garrotes,86.05472197705207,85.89009123700403,-0.16463074004803957,6317
2513703,PB,Santa Rita,78.32612124983719,84.43074672865464,6.104625478817454,103462
2513802,PB,Santa Teresinha,87.36077481840194,82.5861255309108,-4.77464928749113,5772
2513901,PB,São Bento,95.85572116058496,93.01063503873254,-2.845086121852418,29521
2514008,PB,São João do Cariri,86.81026851578636,83.26901874310916,-3.5412497726772045,4577
2514107,PB,São João do Tigre,91.04526212959948,87.64404609475032,-3.4012160348491562,3965
2514206,PB,São José da Lagoa Tapada,90.99761526232115,79.13786831575118,-11.85974694656997,7125
2514305,PB,São José de Caiana,80.95626188535724,82.57731958762886,1.621057702271628,5643
2514404,PB,São José de Espinharas,93.8944872554831,86.62169758291175,-7.272789672571349,4450
2514503,PB,São José de Piranhas,76.47214386459802,70.2423975319524,-6.229746332645618,15561
2514602,PB,São José do Bonfim,93.19203596660245,80.02364066193853,-13.168395304663917,4531
2514701,PB,São José do Sabugi,95.09857612267251,88.02579921480651,-7.072776907866,4227
2514800,PB,São José dos Cordeiros,80.55448594532153,77.5292498279422,-3.025236117379336,3777
2514909,PB,São Mamede,85.02802241793435,78.29306313328136,-6.734959284652987,7108
2515005,PB,São Miguel de Taipu,83.2653936923407,89.44640265394982,6.181008961609123,6576
2515104,PB,São Sebastião de Lagoa de Roça,85.5820995962315,70.91110408098703,-14.67099551524447,9171
2515203,PB,São Sebastião do Umbuzeiro,85.62447611064543,71.49643705463183,-14.128039056013606,3304
2515302,PB,Sapé,74.11071587372166,76.02456038366516,1.9138445099435017,38034
2515401,PB,São Vicente do Seridó,69.07200496585972,85.34482758620689,16.27282262034717,9254
2515500,PB,Serra Branca,68.51659751037344,59.61229781454501,-8.904299695828435,10860
2515609,PB,Serra da Raiz,32.21593382673052,86.42286675073561,54.20693292400509,3167
2515708,PB,Serra Grande,89.32038834951456,70.95808383233533,-18.362304517179226,3110
2515807,PB,Serra Redonda,90.05102040816327,92.3698942566867,2.318873848523438,6492
2515906,PB,Serraria,86.84296441397323,93.05965741287655,6.216692998903312,4595
2516003,PB,Solânea,46.76929309297144,85.61440415790125,38.84511106492981,22194
2516102,PB,Soledade,83.40790454884414,83.88049528569806,0.47259073685391684,11716
2516201,PB,Sousa,75.97564739219482,29.996297079983073,-45.97935031221174,48173
2516300,PB,Sumé,77.66453115899826,65.41049798115748,-12.254033177840782,14160
2516409,PB,Tacima,92.32044198895028,88.76636802205375,-3.5540739668965244,8148
2516508,PB,Taperoá,72.12360289283366,74.49555082090488,2.371947928071222,11365
2516607,PB,Tavares,89.97973144160122,85.85074626865672,-4.128985172944496,11896
2516706,PB,Teixeira,84.17154461832517,86.61454078655619,2.4429961682310193,12090
2516805,PB,Triunfo,93.37470341303157,79.5040749089648,-13.870628504066772,7596
2516904,PB,Uiraúna,92.85276073619632,77.15051096338922,-15.702249772807093,13081
2517001,PB,Umbuzeiro,83.79381443298969,86.4673349464224,2.673520513432706,7791
2517100,PB,Várzea,87.00649675162418,82.68473983384347,-4.321756917780718,2845
2611533,PE,Quixaba,66.35994008131821,66.19480245087682,-0.16513763044139296,6215
2600104,PE,Afogados da Ingazeira,47.73808951492717,46.27854198508638,-1.4595475298407905,30090
2608453,PE,Lagoa do Carro,72.92478144204968,84.07895801310573,11.154176571056055,15710
2600203,PE,Afrânio,71.91447268300107,82.29925546393403,10.384782780932966,17488
2612471,PE,Santa Cruz da Baixa Verde,79.46963216424294,77.44911804613297,-2.020514118109972,9915
2600302,PE,Agrestina,44.041663811416434,89.00355156469878,44.96188775328235,20932
2616506,PE,Xexéu,66.96795398520953,60.0075767142316,-6.960377270977936,11211
2600401,PE,Água Preta,48.97010888411124,62.15985790408526,13.189749019974016,20196
2616183,PE,Vertente do Lério,74.02688078198638,84.17956656346749,10.152685781481111,8292
2600500,PE,Águas Belas,47.97621085059045,54.791331583848304,6.8151207332578565,35252
2612455,PE,Santa Cruz,87.59219965646156,14.717527764365041,-72.87467189209652,12833
2600609,PE,Alagoinha,66.72796106003246,74.68870523415978,7.960744174127328,12070
2608255,PE,Jucati,34.64808362369338,81.99724517906336,47.349161555369975,10180
2600708,PE,Aliança,67.22379317309634,77.52727272727273,10.303479554176391,29186
2605152,PE,Dormentes,78.43999348640287,76.37184258452767,-2.0681509018751996,16157
2600807,PE,Altinho,39.4124847001224,60.090218423551754,20.677733723429355,17270
2603926,PE,Carnaubeira da Penha,64.15563850243186,56.60731021555764,-7.5483282868742165,12558
2600906,PE,Amaraji,56.0167714884696,81.09114992962994,25.074378441160334,17368
2608750,PE,Lagoa Grande,58.57468066270393,34.71998971259564,-23.854690950108292,20659
2601003,PE,Angelim,69.57959376476146,81.09880501311571,11.519211248354253,9104
2601052,PE,Araçoiaba,66.1623958011732,78.22451926731017,12.062123466136967,17404
2601102,PE,Araripina,77.61628584072858,79.11813643926789,1.5018505985393062,60067
2604155,PE,Casinhas,51.40497763504989,73.96901592843116,22.564038293381273,12077
2601201,PE,Arcoverde,64.07688218672187,67.88667151436805,3.809789327646172,51725
2609154,PE,Manari,69.54855195911414,73.53085450799568,3.982302548881549,14244
2601300,PE,Barra de Guabiraba,94.38529784537388,58.23345492443981,-36.15184292093407,10106
2608057,PE,Jatobá,62.23733003708282,37.461152283050446,-24.776177754032375,11613
2601409,PE,Barreiros,64.80758505298382,70.47838447211058,5.670799419126752,30472
2614857,PE,Tamandaré,59.68824420870318,81.59021829234595,21.90197408364277,20268
2601508,PE,Belém de Maria,77.55950673931747,85.19484282196147,7.635336082644002,9175
2607950,PE,Jaqueira,74.99628584162829,58.42040565457898,-16.575880187049314,9225
2601607,PE,Belém do São Francisco,73.38545207341944,80.38757677999827,7.002124706578826,15565
2612554,PE,Santa Filomena,92.04122834980342,51.00229693046565,-41.03893141933777,12085
2601706,PE,Belo Jardim,72.78948105936756,77.30685054008896,4.517369480721399,60913
2601805,PE,Betânia,80.9810907097835,42.417871222076215,-38.563219487707286,10088
2601904,PE,Bezerros,53.41139184787393,67.29333617721441,13.881944329340485,48311
2602001,PE,Bodocó,43.76922688990872,35.083405650371226,-8.685821239537496,27823
2602100,PE,Bom Conselho,64.36182998157199,45.325973084051896,-19.03585689752009,34187
2602209,PE,Bom Jardim,69.94290934003197,78.59793627805938,8.655026938027405,30622
2602308,PE,Bonito,42.90209143068665,46.80082559339525,3.8987341627085996,30694
2602407,PE,Brejão,78.73316560603818,43.43998882213218,-35.293176783906006,9703
2602506,PE,Brejinho,68.34381551362684,70.06149116064566,1.7176756470188224,7809
2602605,PE,Brejo da Madre de Deus,66.61713509382695,54.72127872127872,-11.895856372548224,36267
2602704,PE,Buenos Aires,77.23815096547689,63.24439941461218,-13.993751550864708,11990
2602803,PE,Buíque,76.88500186081131,82.13042551680046,5.245423655989143,42575
2602902,PE,Cabo de Santo Agostinho,71.66155210334605,79.30189303784499,7.640340934498937,171757
2603009,PE,Cabrobó,79.95541143088772,73.89808208086636,-6.057329350021362,25714
2603108,PE,Cachoeirinha,84.36289876452149,50.93852247287756,-33.42437629164393,16068
2603207,PE,Caetés,77.67773719527733,69.78479820302877,-7.89293899224856,20683
2603306,PE,Calçado,88.52022711142655,85.51230581253273,-3.0079212988938195,7893
2603405,PE,Calumbi,77.84810126582279,76.55196878325647,-1.2961324825663212,7378
2603504,PE,Camocim de São Félix,52.34170101161484,77.76646928201332,25.42476827039848,15623
2603603,PE,Camutanga,56.68168168168168,47.28390166534496,-9.397780016336718,7337
2603702,PE,Canhotinho,67.55906781711153,19.985304922850844,-47.57376289426068,17167
2603801,PE,Capoeiras,76.36398689030268,80.61055385957262,4.246566969269935,16542
2603900,PE,Carnaíba,36.361301369863014,25.813125879334603,-10.548175490528411,16879
2604007,PE,Carpina,66.63873175501082,84.81957424714435,18.18084249213352,59993
2604106,PE,Caruaru,57.807677522104456,70.67477864205102,12.867101119946568,254721
2604205,PE,Catende,35.74281593254189,48.53143013999451,12.788614207452625,25870
2604304,PE,Cedro,76.63288288288288,78.65323582171933,2.020352938836453,10190
2604403,PE,Chã de Alegria,47.10705624206028,72.67281658080748,25.565760338747197,11584
2604502,PE,Chã Grande,81.93761524277812,64.42801086628434,-17.509604376493783,18860
2604601,PE,Condado,79.47997189037245,64.99262485074102,-14.48734703963143,19762
2604700,PE,Correntes,29.03676628682004,18.803418803418804,-10.233347483401236,14581
2604809,PE,Cortês,84.17761898685721,80.62567942988284,-3.551939556974375,11264
2604908,PE,Cumaru,49.513672233437326,50.603941513032424,1.0902692795950983,14479
2605004,PE,Cupira,73.48933241569168,49.97237187456831,-23.516960541123368,19864
2605103,PE,Custódia,86.02118305355715,65.24857778877072,-20.772605264786435,29587
2605202,PE,Escada,64.37138187962219,74.18858806084903,9.817206181226837,48188
2605301,PE,Exu,68.35072031793344,59.514438806960975,-8.836281510972462,29157
2605400,PE,Feira Nova,85.53553930805758,85.73491412068704,0.19937481262945767,18025
2605509,PE,Ferreiros,28.05378627034678,74.57059069962295,46.51680442927618,10137
2605608,PE,Flores,44.37097466723916,33.145721572421074,-11.225253094818086,16540
2605707,PE,Floresta,68.39298477101545,61.66957089958615,-6.723413871429301,25252
2605806,PE,Frei Miguelinho,76.44073173310775,90.79102715466352,14.35029542155577,12929
2605905,PE,Gameleira,59.044585987261144,49.41244461568099,-9.632141371580154,14871
2606002,PE,Garanhuns,50.42427583005759,40.5461631277478,-9.878112702309785,99303
2606101,PE,Glória do Goitá,46.1609449981543,81.11867060027696,34.95772560212266,23472
2606200,PE,Goiana,60.14170692431562,81.39392985080502,21.252222926489402,67031
2606309,PE,Granito,72.9502196193265,38.95232916440094,-33.99789045492556,6957
2606408,PE,Gravatá,71.1402825675826,57.07456773109968,-14.065714836482925,67861
2606507,PE,Iati,68.443696221474,63.968105065666045,-4.475591155807955,16330
2606606,PE,Ibimirim,74.08503767491926,22.08675564681725,-51.99828202810201,21737
2606705,PE,Ibirajuba,83.7308868501529,62.205545132374404,-21.525341717778495,6806
2606804,PE,Igarassu,48.89810814604551,73.826985131776,24.92887698573049,89865
2606903,PE,Iguaracy,34.86280487804878,31.29032258064516,-3.5724822974036172,9100
2607000,PE,Inajá,82.14591458194616,40.17880168486203,-41.96711289708413,15900
2607109,PE,Ingazeira,15.04599211563732,28.289067325509574,13.243075209872254,4249
2607208,PE,Ipojuca,66.12504592364985,62.161362184729946,-3.9636837389199044,89071
2607307,PE,Ipubi,87.38633570901942,89.98667979382637,2.600344084806949,24787
2607406,PE,Itacuruba,62.73435246610903,56.51456844420011,-6.2197840219089215,4741
2607505,PE,Itaíba,83.95733110227985,86.54807505031488,2.5907439480350263,21181
2607604,PE,Ilha de Itamaracá,65.86416429505422,80.81284052422323,14.94867622916901,18611
2607703,PE,Itapetim,28.188602442333785,32.60515919126191,4.4165567489281266,11939
2607802,PE,Itaquitinga,43.62614611061816,81.11518111518112,37.48903500456296,12827
2607901,PE,Jaboatão dos Guararapes,64.39135657912745,65.45787142001663,1.0665148408891838,498124
2608008,PE,Jataúba,89.77617602427921,42.80209193503991,-46.9740840892393,15815
2608107,PE,João Alfredo,81.98046284451681,71.48973098061903,-10.490731863897778,24726
2608206,PE,Joaquim Nabuco,61.26258389261745,76.23656954796245,14.973985655344997,14093
2608305,PE,Jupi,44.923886917706305,51.46363544914998,6.539748531443678,13003
2608404,PE,Jurema,67.22996927440322,82.37880365613792,15.148834381734702,12360
2608503,PE,Lagoa de Itaenga,68.15115744289437,77.94193691364408,9.790779470749712,18474
2608602,PE,Lagoa do Ouro,85.13006654567454,76.58123677404186,-8.548829771632683,12045
2608701,PE,Lagoa dos Gatos,88.10278071101725,72.20233834407063,-15.90044236694662,11189
2608800,PE,Lajedo,75.34033276981938,37.31768507887911,-38.022647690940275,32457
2608909,PE,Limoeiro,78.61225456806942,82.10664718772827,3.4943926196588535,45770
2609006,PE,Macaparana,62.0821325648415,87.64285714285714,25.560724578015638,20025
2609105,PE,Machados,68.38567920382577,81.60679133858268,13.221112134756908,11110
2609204,PE,Maraial,62.09456188478296,45.55110569388821,-16.54345619089475,8002
2609303,PE,Mirandiba,49.28273947246645,76.31640808650681,27.03366861404036,11940
2609402,PE,Moreno,81.79812777510676,76.83689421573736,-4.961233559369404,48774
2609501,PE,Nazaré da Mata,73.0449341110391,67.27671232876712,-5.768221782271979,25646
2609600,PE,Olinda,55.91236191154426,58.431813416489334,2.5194515049450743,301453
2609709,PE,Orobó,64.58694832138815,90.43721890437219,25.850270582984038,18320
2609808,PE,Orocó,74.26101803436133,18.29749457486684,-55.96352345949449,12480
2609907,PE,Ouricuri,53.55743224595684,49.17606948615959,-4.381362759797248,48555
2610004,PE,Palmares,65.03982671883733,59.62135211464035,-5.41847460419698,40839
2610103,PE,Palmeirina,72.39990523572614,65.57180532246464,-6.828099913261497,6511
2610202,PE,Panelas,87.21188092198105,81.44153982663299,-5.7703410953480585,19612
2610301,PE,Paranatama,71.07339230217548,67.79042776611031,-3.2829645360651654,11943
2610400,PE,Parnamirim,70.83661911248119,62.62341325811001,-8.213205854371175,18516
2610509,PE,Passira,76.07055630936227,71.63131962296487,-4.4392366863974075,26109
2610608,PE,Paudalho,67.3881111544111,77.97850445918134,10.590393304770231,45812
2610707,PE,Paulista,58.839336197298856,63.605880541520776,4.76654434422192,237017
2610806,PE,Pedra,74.8574727574511,35.006882561761934,-39.85059019568917,18713
2610905,PE,Pesqueira,71.35029128453597,67.28067264077885,-4.069618643757124,52485
2611002,PE,Petrolândia,81.68081584708206,67.09137638759775,-14.58943945948431,26447
2611101,PE,Petrolina,59.17714142775115,65.70139877037077,6.52425734261962,248257
2611200,PE,Poção,80.38336052202284,43.100295400196934,-37.283065121825906,10333
2611309,PE,Pombos,80.20301110429865,75.07219125646364,-5.1308198478350135,20453
2611408,PE,Primavera,44.511733535200605,87.90035587188612,43.388622336685515,11000
2611507,PE,Quipapá,56.629780625121334,38.789859378094675,-17.83992124702666,15430
2611606,PE,Recife,55.031908729955866,55.225079601520804,0.19317087156493784,1227360
2611705,PE,Riacho das Almas,78.0454808993107,74.83110261312939,-3.214378286181315,20961
2611804,PE,Ribeirão,75.66076096427534,76.78003182179793,1.1192708575225936,28323
2611903,PE,Rio Formoso,69.66263634057664,57.320897986134035,-12.341738354442604,16931
2612000,PE,Sairé,66.18635926993275,53.123835548379084,-13.062523721553667,11278
2612109,PE,Salgadinho,84.40966719492869,84.68379446640316,0.2741272714744696,7134
2612208,PE,Salgueiro,43.13814007480975,67.3345270437145,24.196386968904754,43379
2612307,PE,Saloá,83.84500402437622,53.931302065502685,-29.91370195887354,13660
2612406,PE,Sanharó,39.01008881607312,30.477100895107327,-8.532987920965795,16322
2612505,PE,Santa Cruz do Capibaribe,89.70482803826378,44.99056640098571,-44.71426163727807,66103
2612604,PE,Santa Maria da Boa Vista,59.6255441443726,47.033636625633,-12.591907518739596,30635
2612703,PE,Santa Maria do Cambucá,78.28807408334376,61.37547759638763,-16.912596486956126,11524
2612802,PE,Santa Terezinha,68.98555537107754,25.127594419870704,-43.857960951206834,8043
2612901,PE,São Benedito do Sul,83.1672203765227,71.42048670062252,-11.746733675900188,7831
2613008,PE,São Bento do Una,58.185289722729536,39.481368998948724,-18.70392072378081,38191
2613107,PE,São Caitano,74.29458620224112,36.689809421741764,-37.60477678049936,30888
2613206,PE,São João,74.59538237324539,78.09300508010942,3.4976227068640355,18178
2613305,PE,São Joaquim do Monte,70.73719752391672,87.31953801732435,16.582340493407628,17631
2613404,PE,São José da Coroa Grande,49.52053555274109,81.67781780751416,32.15728225477307,17744
2613503,PE,São José do Belmonte,60.66078605355185,31.697341513292432,-28.96344454025942,28336
2613602,PE,São José do Egito,27.846557297066536,61.510310775486495,33.66375347841996,24097
2613701,PE,São Lourenço da Mata,74.03995149228592,75.95798670221309,1.9180352099271687,83622
2613800,PE,São Vicente Férrer,92.07826747720365,90.94499294781382,-1.133274529389837,14551
2613909,PE,Serra Talhada,74.69230057375532,75.33224674022067,0.6399461664653501,63662
2614006,PE,Serrita,89.98009289980092,76.56146728354263,-13.418625616258296,17061
2614105,PE,Sertânia,44.86580768581556,33.104063845426865,-11.761743840388696,27421
2614204,PE,Sirinhaém,65.30898876404494,74.56511987240194,9.256131108356996,28559
2614303,PE,Moreilândia,80.31224095053882,76.28040057224607,-4.031840378292756,9929
2614402,PE,Solidão,15.0,16.02104256336681,1.0210425633668088,5530
2614501,PE,Surubim,51.32024787081413,73.63624179064469,22.31599391983056,48470
2614600,PE,Tabira,37.63649286037346,26.480612179281074,-11.155880681092384,21364
2614709,PE,Tacaimbó,37.39247311827957,55.9826883910387,18.59021527275913,11013
2614808,PE,Tacaratu,81.82926829268293,47.68079430942502,-34.14847398325791,18221
2607653,PE,Itambé,68.94595226953673,87.80389445788686,18.857942188350123,24463
2615003,PE,Taquaritinga do Norte,87.52933507170795,80.3190198932557,-7.210315178452248,22233
2615102,PE,Terezinha,88.76499053229539,70.16976556184316,-18.59522497045222,6628
2615201,PE,Terra Nova,91.11911191119111,76.04015129473377,-15.078960616457337,8840
2615300,PE,Timbaúba,68.57246904588493,79.55655272535304,10.984083679468114,42020
2615409,PE,Toritama,83.8449700307792,90.0895777051045,6.244607674325309,35206
2615508,PE,Tracunhaém,82.1769348568736,80.55334168279632,-1.6235931740772855,12070
2615607,PE,Trindade,74.59482088391843,65.86277173913044,-8.732049144787993,25080
2615706,PE,Triunfo,68.10823585017134,66.72905427722118,-1.3791815729501593,12186
2615805,PE,Tupanatinga,88.09053497942386,84.96147153865275,-3.1290634407711195,16635
2615904,PE,Tuparetama,41.03333333333333,28.14162234042553,-12.8917109929078,7990
2616001,PE,Venturosa,87.11713384072767,79.58850720565576,-7.528626635071916,14784
2616100,PE,Verdejante,88.16174082494317,48.484372545940005,-39.67736827900316,8411
2616209,PE,Vertentes,69.46407030846115,71.58529048207664,2.121220173615498,16698
2616308,PE,Vicência,26.175817200888606,77.17695773961759,51.00114053872899,22236
2616407,PE,Vitória de Santo Antão,83.59447360296387,86.66495836002562,3.070484757061749,103861
2603454,PE,Camaragibe,60.15141914479865,67.71369123689018,7.562272092091533,127028
2600054,PE,Abreu e Lima,67.01558501977205,67.46206456166294,0.4464795418908949,79387
2607752,PE,Itapissuma,43.95012944542853,51.52991132758836,7.579781882159828,21439
2605459,PE,Fernando de Noronha,52.73512476007677,67.24770642201835,14.512581661941582,3647
2201960,PI,Brasileira,55.00922973653297,60.0,4.990770263467027,8738
2200103,PI,Agricolândia,35.88741204065676,20.48652516098259,-15.400886879674172,5547
2200277,PI,Alegrete do Piauí,30.76701268742791,62.482249360976994,31.715236673549082,4534
2200202,PI,Água Branca,69.66801619433198,80.84119496855345,11.17317877422147,15858
2201150,PI,Baixa Grande do Ribeiro,41.71741778319123,53.95181510956067,12.23439732636944,11442
2200301,PI,Alto Longá,69.54791015069662,65.1400663472171,-4.407843803479523,12856
2201919,PI,Bom Princípio do Piauí,28.3964791427478,39.33428775948461,10.93780861673681,6777
2200400,PI,Altos,29.267426582862825,47.603672686913534,18.33624610405071,36981
2201929,PI,Bonfim do Piauí,57.09125933060438,83.60857776682278,26.517318436218396,4967
2200509,PI,Amarante,43.37429425440053,35.59870550161812,-7.7755887527824115,16003
2202026,PI,Buriti dos Montes,82.53741981468282,90.32639945881955,7.788979644136731,6972
2200608,PI,Angical do Piauí,60.300635960686066,55.38461538461539,-4.916020576070679,6640
2202059,PI,Cabeceiras do Piauí,81.67671386513389,55.510534846029174,-26.166179019104717,9837
2200707,PI,Anísio de Abreu,26.720578114246386,68.24232081911263,41.52174270486625,7166
2202091,PI,Caldeirão Grande do Piauí,69.78484565014031,88.18897637795276,18.404130727812444,5174
2200806,PI,Antônio Almeida,35.39562289562289,63.088897992625974,27.69327509700308,3062
2202251,PI,Canavieira,33.270392749244714,46.74242424242424,13.472031493179529,3446
2200905,PI,Aroazes,63.43165953614051,66.55003498950315,3.1183754533626384,5575
2202737,PI,Coivaras,51.19101123595506,80.96787311915413,29.776861883199075,5672
2201002,PI,Arraial,72.6440177252585,58.94559730790802,-13.698420417350476,4366
2202752,PI,Colônia do Gurguéia,60.74181117533719,65.0904033379694,4.348592162632215,5571
2201101,PI,Avelino Lopes,77.32589771490751,73.17172817649463,-4.154169538412887,9560
2202778,PI,Colônia do Piauí,19.229973090457463,36.071198799056404,16.84122570859894,6179
2201200,PI,Barras,68.33518990980632,63.806988806988805,-4.528201102817512,38198
2202851,PI,Coronel José Dias,72.80233122875183,86.30377524143987,13.50144401268804,5393
2201309,PI,Barreiras do Piauí,34.00749063670412,29.515938606847698,-4.491552029856422,3632
2203750,PI,Fartura do Piauí,63.81053751995742,78.16358024691358,14.353042726956161,4752
2201408,PI,Barro Duro,56.8689375140988,43.5298852887905,-13.3390522253083,6411
2205151,PI,Jacobina do Piauí,84.91219963031423,89.39157566302652,4.479376032712281,5231
2201507,PI,Batalha,48.655946974346385,50.281242357544635,1.6252953831982495,22539
2205250,PI,Jardim do Mulato,51.111111111111114,66.76470588235294,15.653594771241828,4530
2201606,PI,Beneditinos,42.26897263810015,66.06388595564943,23.794913317549273,9611
2205557,PI,Lagoa Alegre,73.16198445905559,65.38192011212334,-7.7800643469322495,8598
2201705,PI,Bertolínia,50.10666666666667,57.880230518667,7.773563852000329,4968
2205565,PI,Lagoa do Barro do Piauí,35.07913669064748,94.17961548590993,59.100478795262454,4645
2201804,PI,Bocaina,63.052299368800725,64.58105447385692,1.5287551050561987,5573
2205953,PI,Marcolândia,65.10207362160425,78.74457054784924,13.642496926244988,8736
2201903,PI,Bom Jesus,71.70142272461509,71.23978549540347,-0.4616372292116182,19892
2207777,PI,Patos do Piauí,76.47058823529412,85.86199145875477,9.391403223460657,5568
2202000,PI,Buriti dos Lopes,70.68311900691296,63.37270249493326,-7.310416511979703,17651
2207751,PI,Passagem Franca do Piauí,41.96277495769881,49.14858096828047,7.185806010581658,4164
2202109,PI,Campinas do Piauí,34.348146329486866,49.350973539690465,15.002827210203598,5375
2208650,PI,Queimada Nova,45.05985349294265,74.41946869775218,29.35961520480953,7227
2202208,PI,Campo Maior,53.711976175281855,63.994951088671506,10.282974913389651,35859
2209153,PI,Santa Cruz dos Milagres,91.46782357194505,61.70547514159849,-29.762348430346556,3971
2202307,PI,Canto do Buriti,70.96401452624629,62.63699767519097,-8.327016851055319,16248
2209377,PI,Santa Rosa do Piauí,52.54857786539003,68.81201394475731,16.26343607936728,4981
2202406,PI,Capitão de Campos,55.92369477911647,60.56655803459514,4.642863255478673,10506
2209351,PI,Santana do Piauí,71.84126057776481,89.72332015810277,17.882059580337952,4214
2202505,PI,Caracol,51.0234573434932,41.2291169451074,-9.794340398385799,8412
2209559,PI,São Braz do Piauí,62.37206502107164,56.53846153846154,-5.833603482610101,4155
2202604,PI,Castelo do Piauí,42.12015848629417,76.56823623304071,34.448077746746534,16954
2210052,PI,São José do Divino,78.81927710843374,81.70294187993304,2.883664771499298,5071
2202703,PI,Cocal,31.755424063116372,67.0635134407154,35.308089377599025,23420
2210656,PI,Sigefredo Pacheco,67.71202617943823,75.18584978210716,7.473823602668929,9278
2202802,PI,Conceição do Canindé,73.77049180327869,86.64503245132302,12.87454064804433,5002
2210359,PI,São Lourenço do Piauí,63.022351797862,62.151294295049006,-0.8710575028129952,4857
2202901,PI,Corrente,76.19511561444531,66.27084386053562,-9.924271753909693,21191
2211357,PI,Várzea Branca,28.560431100846806,78.72727272727273,50.16684162642593,4694
2203008,PI,Cristalândia do Piauí,90.97158570119157,72.4108837797933,-18.560701921398277,6237
2201176,PI,Barra D'Alcântara,68.43326885880077,21.110271903323262,-47.32299695547751,3576
2203107,PI,Cristino Castro,27.287528492347768,51.994069681245364,24.706541188897596,8594
2201556,PI,Bela Vista do Piauí,54.783792986040176,60.4830593760483,5.699266390008127,3462
2203206,PI,Curimatá,65.20800345472865,75.64120148127829,10.433198026549633,9384
2201988,PI,Brejo do Piauí,40.74896858140273,73.21545514079895,32.46648655939622,3894
2203305,PI,Demerval Lobão,74.35008665511265,46.73407301360057,-27.616013641512076,13788
2201770,PI,Boa Hora,58.397626112759646,72.68656716417911,14.288941051419464,6884
2203404,PI,Dom Expedito Lopes,26.39622641509434,78.27282728272827,51.87660086763393,6542
2203453,PI,Dom Inocêncio,39.61344810784473,69.59535708528132,29.98190897743659,7558
2203503,PI,Elesbão Veloso,64.26106374340236,36.70426679744973,-27.556796945952627,13415
2202455,PI,Capitão Gervásio Oliveira,33.76792698826597,76.55882352941177,42.7908965411458,4054
2203602,PI,Eliseu Martins,67.34693877551021,74.37478588557725,7.027847110067043,4015
2202133,PI,Campo Grande do Piauí,49.67885375494071,71.75128085700977,22.072427102069064,5304
2203701,PI,Esperantina,68.3992860563319,78.54968739717012,10.150401340838215,32699
2202174,PI,Campo Largo do Piauí,84.72354623450906,71.10475352112677,-13.618792713382291,5863
2203800,PI,Flores do Piauí,67.0235546038544,58.61852433281005,-8.405030271044346,4318
2203230,PI,Currais,84.3232044198895,84.33665644171779,0.013452021828285865,6285
2203909,PI,Floriano,44.21351106433979,30.76205469068859,-13.451456373651201,44923
2204352,PI,Geminiano,55.147204109859715,79.53001652285661,24.3828124129969,6469
2204006,PI,Francinópolis,50.04462957453139,66.8098510882016,16.765221513670205,4556
2204550,PI,Guaribas,50.241109101868595,80.04708652148322,29.805977419614628,4477
2204105,PI,Francisco Ayres,43.529735682819386,50.77760497667185,7.247869293852467,5168
2204659,PI,Ilha Grande,45.92078037245049,60.56850330055234,14.64772292810185,9354
2204204,PI,Francisco Santos,69.74849450938717,82.7874688501246,13.038974340737425,7087
2205532,PI,Jurema,57.79122541603631,60.704673354538784,2.913447938502472,5183
2204303,PI,Fronteiras,63.70195461104552,80.6352595756039,16.933304964558374,9539
2205573,PI,Lagoa de São Francisco,36.53380312706452,73.2454179704962,36.71161484343168,6040
2204402,PI,Gilbués,76.22453739698337,83.15072549600237,6.926188099019001,8658
2206654,PI,Morro Cabeça no Tempo,77.26489838098519,82.10621605310803,4.841317672122841,4202
2204501,PI,Guadalupe,71.49595687331536,55.69298542866825,-15.802971444647113,8682
2206951,PI,Novo Santo Antônio,55.90933621154884,75.23195876288659,19.32262255133775,4732
2204600,PI,Hugo Napoleão,34.21447882246921,40.31791907514451,6.103440252675298,4428
2206753,PI,Nossa Senhora de Nazaré,83.8107928047968,86.23386781384436,2.423075009047551,6117
2204709,PI,Inhuma,51.970343286613854,56.88563514048278,4.915291853868929,13109
2207553,PI,Paquetá,71.68427230046949,58.39620005588153,-13.288072244587958,4173
2204808,PI,Ipiranga do Piauí,31.400640485420528,37.67349636483807,6.272855879417545,7746
2207959,PI,Nova Santa Rita,45.07833284067396,83.45974329054843,38.38141044987447,4142
2204907,PI,Isaías Coelho,57.38446411012783,46.266328719048545,-11.118135391079285,6463
2209971,PI,São João do Arraial,41.49866190900981,34.4530862154559,-7.045575693553914,7625
2205003,PI,Itainópolis,49.8821372446307,40.32300767805136,-9.559129566579337,9605
2205102,PI,Itaueira,50.33265837431299,76.70240509997102,26.369746725658025,9279
2205201,PI,Jaicós,69.5341583660328,82.01801103902392,12.48385267299112,14184
2205300,PI,Jerumenha,71.29476584022039,56.49809679173464,-14.796669048485754,4812
2205409,PI,Joaquim Pires,39.5192724122997,51.984606926882904,12.465334514583205,11817
2209856,PI,São João da Canabrava,56.310679611650485,94.14729767572109,37.836618064070606,4502
2205508,PI,José de Freitas,60.435201660735466,60.36718182761124,-0.06801983312422522,35330
2205607,PI,Landri Sales,49.86960301361924,80.48845947396671,30.618856460347473,5121
2205706,PI,Luís Correia,44.5549918731222,59.87162668665667,15.31663481353447,27366
2205805,PI,Luzilândia,40.03847386983007,27.26016581129096,-12.77830805853911,20140
2205904,PI,Manoel Emídio,63.066202090592334,53.9550164265858,-9.111185664006534,4911
2206001,PI,Marcos Parente,39.70636215334421,42.354694485842025,2.648332332497816,4326
2206100,PI,Matias Olímpio,75.04941462672952,67.37505496116079,-7.67435966556873,9161
2206209,PI,Miguel Alves,57.49766670123405,56.054054054054056,-1.4436126471799966,27715
2206308,PI,Miguel Leão,65.99250936329588,58.41836734693877,-7.574142016357108,1890
2206407,PI,Monsenhor Gil,58.95585227956213,59.99765313306735,1.0418008535052223,10471
2206506,PI,Monsenhor Hipólito,76.84138403562864,85.814332247557,8.972948211928369,7493
2206605,PI,Monte Alegre do Piauí,70.81805359661494,64.15569868384206,-6.662354912772884,9414
2206704,PI,Nazaré do Piauí,31.17487398216363,16.18241293053685,-14.99246105162678,6697
2206803,PI,Nossa Senhora dos Remédios,73.38721528288023,74.70681916895903,1.319603886078795,8626
2206902,PI,Novo Oriente do Piauí,78.98389095415118,73.16341829085458,-5.820472663296599,5156
2207009,PI,Oeiras,48.54835938842123,46.463286345466024,-2.0850730429552087,31019
2203420,PI,Domingos Mourão,20.816085156712006,31.623672230652502,10.807587073940496,4267
2207207,PI,Padre Marcos,86.71843073150796,95.36093197420429,8.642501242696326,6037
2207306,PI,Paes Landim,50.71119356833643,79.3223284100782,28.611134841741773,4497
2207405,PI,Palmeira do Piauí,72.81368821292776,89.58438925494171,16.770701042013954,4922
2207504,PI,Palmeirais,24.77656405163853,27.483944087646393,2.707380036007862,13336
2207603,PI,Parnaguá,94.04867649671345,74.4559585492228,-19.592717947490655,7622
2207702,PI,Parnaíba,48.250718723917274,53.316772072941866,5.0660533490245925,118012
2207801,PI,Paulistana,53.184417993507495,83.42731600146466,30.242898007957166,17045
2207900,PI,Pedro II,31.1413267408323,62.476729754886755,31.335403014054453,35307
2208007,PI,Picos,55.6490524696394,66.5549315159722,10.9058790463328,54209
2208106,PI,Pimenteiras,70.99069512862616,66.17100371747212,-4.819691411154039,9384
2208205,PI,Pio IX,56.56076740297457,64.3738101150567,7.8130427120821295,15109
2208304,PI,Piracuruca,35.52339706348368,74.87007795322806,39.346680889744384,25820
2208403,PI,Piripiri,49.550975842773305,55.71774214990295,6.166766307129649,53165
2208502,PI,Porto,58.52640667721975,71.24702144559174,12.720614768371995,9998
2208601,PI,Prata do Piauí,62.067696835908755,78.67723045125732,16.60953361534856,3706
2208700,PI,Redenção do Gurguéia,68.8574703859381,62.50225347034433,-6.355216915593772,7001
2208809,PI,Regeneração,57.00153668843642,67.88956827867334,10.88803159023692,14520
2208908,PI,Ribeiro Gonçalves,42.99178347027549,53.493104227899615,10.501320757624121,5576
2209005,PI,Rio Grande do Piauí,65.09135200974421,50.35095928872251,-14.740392721021706,5426
2209104,PI,Santa Cruz do Piauí,18.581225889412774,53.584088223710125,35.00286233429735,5902
2209203,PI,Santa Filomena,83.08179162609542,81.6885208189556,-1.393270807139828,5552
2209302,PI,Santa Luz,38.37322911577919,30.106284658040664,-8.266944457738525,5269
2209401,PI,Santo Antônio de Lisboa,70.25127768313459,92.17210007581501,21.92082239268042,6371
2209500,PI,Santo Inácio do Piauí,16.359119943222144,35.53800592300099,19.178885979778844,3644
2209609,PI,São Félix do Piauí,65.13823331085638,69.2137669718977,4.0755336610413195,3968
2209708,PI,São Francisco do Piauí,39.96543529920069,30.086206896551722,-9.87922840264897,6210
2209807,PI,São Gonçalo do Piauí,59.636563876651984,42.202495201535505,-17.434068675116478,5172
2209906,PI,São João da Serra,48.24324324324324,88.80072137060415,40.55747812736091,6905
2210003,PI,São João do Piauí,69.22946941534302,68.59964547986831,-0.6298239354747039,15074
2209872,PI,São João da Fronteira,62.38417230152767,43.128517823639775,-19.255654477887894,5375
2210102,PI,São José do Peixe,29.66545747682386,26.585976627712856,-3.079480849111004,3370
2209955,PI,São João da Varjota,49.82828598189197,66.19033140772271,16.362045425830736,4131
2210201,PI,São José do Piauí,85.64665375511082,87.00873362445415,1.362079869343333,6004
2210623,PI,Sebastião Barros,70.4860088365243,85.77551567104206,15.289506834517752,4633
2210300,PI,São Julião,70.03882164877825,45.27363184079602,-24.76518980798223,5605
2210631,PI,Sebastião Leal,76.0,72.3924655608659,-3.607534439134099,4233
2210409,PI,São Miguel do Tapuio,73.84548232213007,76.56124721603564,2.715764893905572,15608
2200459,PI,Alvorada do Gurguéia,80.84699453551913,86.88966819530617,6.042673659787042,4654
2210508,PI,São Pedro do Piauí,76.78912481743625,73.0664931120512,-3.722631705385041,11540
2201051,PI,Assunção do Piauí,59.805045871559635,67.77841671458692,7.97337084302729,7632
2210607,PI,São Raimundo Nonato,72.99739768157086,54.571896018905655,-18.425501662665205,27448
2201739,PI,Betânia do Piauí,52.70828801392212,80.80828594638506,28.099997932462934,5863
2210706,PI,Simões,68.00311838734825,41.63797600417319,-26.365142383175062,12481
2201945,PI,Boqueirão do Piauí,62.512100677637946,64.65741543798785,2.1453147603499048,6086
2210805,PI,Simplício Mendes,68.40869780084013,70.39450302096908,1.9858052201289524,10328
2202554,PI,Caridade do Piauí,87.37713398861872,75.44664413326895,-11.930489855349776,5023
2210904,PI,Socorro do Piauí,67.38247243180498,73.8857313790009,6.503258947195917,4298
2203271,PI,Curral Novo do Piauí,97.39267843033974,96.66519434628975,-0.7274840840499905,5409
2211001,PI,Teresina,66.20826546133183,57.27775325026193,-8.930512211069903,591943
2205524,PI,Júlio Borges,86.66849165069806,78.00713557594291,-8.661356074755147,5219
2211100,PI,União,55.048603504928806,61.88381420623625,6.835210701307446,38746
2205599,PI,Lagoa do Sítio,84.40342429106474,66.71790930053805,-17.685514990526684,4865
2211209,PI,Uruçuí,62.269513883827706,58.79471176431112,-3.474802119516589,18908
2206357,PI,Milton Brandão,67.06219312602292,30.460999805485315,-36.601193320537604,7087
2211308,PI,Valença do Piauí,62.93394777265745,34.51080982044705,-28.423137952210396,17670
2207355,PI,Pajeú do Piauí,90.91919940696812,88.59649122807018,-2.3227081788979405,3407
2211407,PI,Várzea Grande,29.37062937062937,34.02708952758507,4.656460156955699,4173
2207850,PI,Pavussu,80.30456852791878,79.99340804218853,-0.311160485730241,3909
2203354,PI,Dirceu Arcoverde,57.61390887290168,46.63594470046083,-10.97796417244085,6674
2208858,PI,Riacho Frio,89.30078360458107,92.95853047592541,3.6577468713443437,4489
2200251,PI,Alagoinha do Piauí,42.470290278589516,59.67586339957553,17.205573120986017,6144
2200053,PI,Acauã,79.12959381044487,81.4590224182286,2.3294286077837256,6389
2201572,PI,Belém do Piauí,72.39070500196928,97.84762555517595,25.456920553206672,3328
2202075,PI,Cajazeiras do Piauí,57.5068870523416,63.62026213248318,6.11337508014158,3662
2202117,PI,Campo Alegre do Fidalgo,74.72962279082036,79.92776057791538,5.198137787095021,4536
2202711,PI,Cocal de Telha,89.1867469879518,79.8827522369639,-9.303994750987911,4645
2204154,PI,Francisco Macedo,80.10517090271692,82.97422898183355,2.869058079116627,2841
2205359,PI,João Costa,63.297491039426525,76.77998717126363,13.482496131837102,3917
2205276,PI,Jatobá do Piauí,70.61933534743203,85.15445719329215,14.535121845860118,6898
2205458,PI,Joca Marques,90.87610160705029,68.9021691013723,-21.973932505677993,5603
2205516,PI,Juazeiro do Piauí,42.772277227722775,78.07821229050279,35.305935062780016,5439
2205581,PI,Lagoa do Piauí,62.859446385380274,72.57624032771962,9.716793942339343,5239
2205540,PI,Lagoinha do Piauí,83.47107438016529,77.91081750619323,-5.560256873972065,3244
2205854,PI,Madeiro,84.04123711340206,65.41617819460727,-18.625058918794792,6714
2206670,PI,Morro do Chapéu do Piauí,76.73410404624278,90.61395759717314,13.879853550930363,5871
2206050,PI,Massapê do Piauí,95.18863925392115,95.82463465553236,0.6359954016112113,6452
2206696,PI,Murici dos Portelas,53.14787701317716,69.31362196409715,16.165744950919994,6070
2207108,PI,Olho D'Água do Piauí,78.20990942994139,80.49233627496517,2.282426845023778,2707
2207934,PI,Pedro Laurentino,66.06086221470837,90.50797182054134,24.447109605832978,3276
2209658,PI,São Francisco de Assis do Piauí,71.57596079442868,81.26399601891018,9.688035224481496,4778
2210938,PI,Sussuapara,29.772191673212884,84.40549331405855,54.63330164084566,6735
2210979,PI,Tanque do Piauí,62.374245472837025,78.99045020463848,16.616204731801453,2724
2210953,PI,Tamboril do Piauí,72.3863103609939,64.7940074906367,-7.5923028703572015,2989
2211605,PI,Vila Nova do Piauí,36.07920792079208,41.16534241392357,5.086134493131489,3000
2211506,PI,Vera Mendes,72.98206278026906,72.66758811333794,-0.3144746669311189,3670
2211704,PI,Wall Ferraz,18.732394366197184,80.23535704733887,61.50296268114168,4305
2202083,PI,Cajueiro da Praia,38.79985754985755,51.934859722670105,13.135002172812555,7639
2203255,PI,Curralinhos,51.77270519669742,36.56733656733657,-15.205368629360855,5297
2208551,PI,Porto Alegre do Piauí,64.20863309352518,58.64089045108377,-5.567742642441409,2106
2208874,PI,Ribeira do Piauí,47.44232698094283,47.309055752497585,-0.13327122844524553,3891
2209757,PI,São Gonçalo do Gurguéia,88.89418493803622,92.96094459582199,4.0667596577857665,2882
2210375,PI,São Luis do Piauí,65.05281690140845,76.58045977011494,11.527642868706494,3574
2203859,PI,Floresta do Piauí,69.34923000496771,90.88130412633724,21.532074121369533,2599
2209450,PI,Santo Antônio dos Milagres,74.8339973439575,74.78772044415415,-0.046276899803359584,1954
2210383,PI,São Miguel da Baixa Grande,67.54563894523326,74.05895691609977,6.51331797086651,2835
2202539,PI,Caraúbas do Piauí,31.010124793972217,43.02352667132541,12.013401877353196,5366
2202653,PI,Caxingó,39.58963282937365,46.88599213738878,7.296359308015134,5777
2202729,PI,Cocal dos Alves,8.819345661450924,46.83514954787851,38.015803886427584,5586
2210391,PI,São Miguel do Fidalgo,20.008514261387823,21.00949094046592,1.0009766790780965,3027
2207793,PI,Pau D'Arco do Piauí,58.56340092841437,59.54012823347336,0.9767273050589935,5401
2206720,PI,Nazária,43.69197160021846,44.727119180829725,1.035147580611266,11555
2200954,PI,Aroeiras do Itaim,83.01943198804186,81.68160253031101,-1.337829457730848,4352
4108551,PR,Godoy Moreira,75.09363295880149,79.28471899674872,4.19108603794723,2850
4100103,PR,Abatiá,82.86753010679391,83.39575530586767,0.5282251990737592,5976
4109757,PR,Ibema,77.16016859852476,81.47636162565662,4.31619302713186,5098
4100202,PR,Adrianópolis,73.82058176484966,58.38539163863527,-15.435190126214394,5781
4113452,PR,Lindoeste,74.36692506459949,72.05204662510165,-2.314878439497832,5115
4100301,PR,Agudos do Sul,72.85527177472167,55.99940155595452,-16.85587021876715,8981
4117453,PR,Ouro Verde do Oeste,69.24675324675324,81.1608222490931,11.914069002339858,5332
4100400,PR,Almirante Tamandaré,73.90359097383612,77.90529756023409,4.001706586397972,77677
4124020,PR,Santa Tereza do Oeste,85.31271960646521,80.88254380272551,-4.430175803739701,10276
4100608,PR,Alto Paraná,69.61248241463103,76.7653131452168,7.152830730585762,10403
4101051,PR,Anahy,80.47992616520536,83.33333333333333,2.8534071681279727,2828
4100707,PR,Alto Piquiri,72.29717242653854,63.42079689018465,-8.87637553635389,7424
4101150,PR,Ângulo,74.85822306238185,89.93103448275862,15.072811420376766,2817
4100806,PR,Alvorada do Sul,81.69121867227855,78.88909392876914,-2.8021247435094097,7430
4103024,PR,Boa Esperança do Iguaçu,74.77017364657814,78.2444803446419,3.4743066980637565,2309
4100905,PR,Amaporã,72.75661717236927,73.9504473503097,1.193830177940427,4058
4103222,PR,Bom Sucesso do Sul,92.20672682526661,89.65238480194017,-2.5543420233264413,3020
4101002,PR,Ampére,66.32786030753192,62.225015713387805,-4.102844594144116,14532
4103370,PR,Brasilândia do Sul,93.72,89.66202783300199,-4.057972166998013,3350
4101101,PR,Andirá,78.87395384225209,68.74835077843258,-10.125603063819511,16359
4103479,PR,Cafezal do Sul,51.912225705329156,77.32819524727039,25.41596954194123,4161
4101200,PR,Antonina,87.20295722584052,83.42002600780233,-3.782931218038186,15653
4104428,PR,Candói,67.67924949743131,74.25884955752213,6.5796000600908116,12050
4101309,PR,Antônio Olinto,57.722752181855085,64.35357290375877,6.630820721903689,6911
4106571,PR,Cruzeiro do Iguaçu,80.80877313228238,82.08241353936718,1.2736404070847982,3622
4101408,PR,Apucarana,90.0625116225843,82.14671953857246,-7.915792084011841,94186
4107124,PR,Diamante do Sul,90.51512673753066,84.82922954725973,-5.685897190270936,3479
4101507,PR,Arapongas,86.49655583520996,83.22419916844817,-3.2723566667617945,84444
4107538,PR,Entre Rios do Oeste,85.92069892473118,86.46215405135045,0.5414551266192689,3721
4101606,PR,Arapoti,82.11832483935298,78.06285580597364,-4.055469033379339,19002
4107553,PR,Farol,77.5574583145561,84.66257668711657,7.105118372560469,2837
4101705,PR,Araruna,63.25802615933413,74.06350781443811,10.805481655103982,10853
4107652,PR,Fazenda Rio Grande,68.03104660471269,77.95440719751545,9.923360592802766,94018
4114906,PR,Marilândia do Sul,91.12888565715325,88.315748339195,-2.813137317958251,7140
4107850,PR,Flor da Serra do Sul,80.21672686857461,74.78684531059683,-5.4298815579777795,4381
4101804,PR,Araucária,55.40960209327219,69.73927800061709,14.3296759073449,111879
4109658,PR,Honório Serpa,59.575688073394495,67.52085816448152,7.945170091087029,4366
4101903,PR,Assaí,87.07378576910426,85.86626139817629,-1.2075243709279704,12321
4110052,PR,Iguatu,64.61538461538461,69.23076923076923,4.615384615384613,2131
4102109,PR,Astorga,87.2213564604648,87.71613082424831,0.49477436378350603,19627
4110656,PR,Iracema do Oeste,86.69923995656895,90.54347826086956,3.8442383043006174,2427
4102208,PR,Atalaia,57.419809658089534,68.86898096304591,11.44917130495638,3479
4117297,PR,Novo Itacolomi,92.13973799126637,85.48030101814962,-6.659436973116755,2996
4102307,PR,Balsa Nova,83.08059701492537,84.3076923076923,1.2270952927669327,12129
4111258,PR,Itaperuçu,76.66104131508219,90.98206961209422,14.321028297012035,21624
4102406,PR,Bandeirantes,91.10649758725171,88.0793496724096,-3.0271479148421037,24411
4111555,PR,Ivaté,74.50254511800092,77.37244269164407,2.8698975736431436,5439
4102505,PR,Barbosa Ferraz,57.67354005981426,83.51123148000637,25.837691420192115,8859
4113429,PR,Lidianópolis,87.24548597771802,88.23744961524368,0.9919636375256573,3461
4102604,PR,Barracão,78.78582329998304,72.62050832602979,-6.165314973953244,7600
4115358,PR,Maripá,90.2818270165209,88.64565792638922,-1.6361690901316734,5176
4102703,PR,Barra do Jacaré,89.40779971112181,78.34757834757835,-11.060221363543462,2805
4115739,PR,Mato Rico,54.163393558523175,76.95507487520798,22.79168131668481,3238
4102802,PR,Bela Vista do Paraíso,83.00753521895817,81.3942422079467,-1.6132930110114643,12282
4115754,PR,Mauá da Serra,87.28015633327412,79.04287493328589,-8.237281399988234,7691
4102901,PR,Bituruna,73.38443521771532,75.04244482173175,1.6580096040164278,12807
4115853,PR,Mercedes,90.43586550435866,90.96675970565846,0.5308942012998017,4929
4103008,PR,Boa Esperança,93.66409654710023,93.27983951855566,-0.38425702854456745,3974
4117057,PR,Nova Laranjeiras,65.03864495971058,57.336059128793835,-7.702585830916746,8591
4103107,PR,Bocaiúva do Sul,82.19834470741978,84.15943521106045,1.9610905036406763,10205
4117214,PR,Nova Santa Bárbara,91.13877700476016,88.58869534305012,-2.5500816617100384,3758
4103206,PR,Bom Sucesso,87.18139074486513,85.36711478800413,-1.814275956860996,5316
4118451,PR,Pato Bragado,90.47226798462383,87.52765486725664,-2.944613117367183,4506
4103305,PR,Borrazópolis,79.66336633663366,81.25645794585658,1.593091609222924,6279
4119251,PR,Pinhal de São Bento,66.32284682826199,66.2573673870334,-0.06547944122858951,2579
4103404,PR,Cafeara,75.39503386004515,71.31099353321575,-4.084040326829395,2223
4119657,PR,Pitangueiras,90.10708822029576,90.50279329608938,0.39570507579361447,2622
4103503,PR,Califórnia,83.98460057747835,81.54598825831702,-2.4386123191613223,6940
4120853,PR,Quatro Pontes,90.1593252108716,90.05492917028043,-0.10439604059116903,4065
4103602,PR,Cambará,82.13635283870457,71.67536132728983,-10.460991511414733,17863
4121257,PR,Ramilândia,66.64228237015362,67.68574475648774,1.043462386334113,3754
4103701,PR,Cambé,87.22132501717064,83.43475059106237,-3.786574426108274,76178
4121356,PR,Rancho Alegre D'Oeste,90.8191313908741,89.6777717094484,-1.1413596814257119,2352
4103800,PR,Cambira,87.22780569514238,84.89132728423718,-2.336478410905201,6442
4122156,PR,Rio Bonito do Iguaçu,49.03780068728523,39.00384091190683,-10.0339597753784,11105
4103909,PR,Campina da Lagoa,82.17962760131435,83.67962466487936,1.4999970635650044,12369
4123824,PR,Santa Lúcia,78.74169597499024,79.7119341563786,0.9702381813883676,3289
4104006,PR,Campina Grande do Sul,79.83670136762605,69.08580593424219,-10.75089543338386,35488
4104055,PR,Campo Bonito,77.75408670931058,78.03511393350766,0.28102722419707504,3695
4104105,PR,Campo do Tenente,79.51732673267327,81.83326420572376,2.3159374730504965,6393
4123857,PR,Santa Maria do Oeste,45.308740978348034,49.67221381744831,4.363472839100275,8018
4104204,PR,Campo Largo,79.83058678576928,79.04243808607839,-0.7881486996908933,94798
4123956,PR,Santa Mônica,73.98448197170242,73.63996043521266,-0.3445215364897649,2710
4104303,PR,Campo Mourão,60.06217339893962,82.67532517288278,22.61315177394316,70261
4125555,PR,São Manoel do Paraná,64.84276729559748,66.96600384862091,2.123236553023432,2070
4104402,PR,Cândido de Abreu,78.08297896793472,78.18181818181819,0.0988392138834655,11737
4125753,PR,São Pedro do Iguaçu,76.01763028260306,79.44148936170212,3.42385907909906,5033
4104501,PR,Capanema,72.1248066013409,75.71492604213357,3.5901194407926766,15204
4127882,PR,Tunas do Paraná,78.22721598002497,74.70980489009632,-3.5174110899286433,5500
4104600,PR,Capitão Leônidas Marques,77.68416258681543,76.59748134328358,-1.0866812435318565,11860
4128534,PR,Ventania,78.79826777336702,75.90163934426229,-2.896628429104723,7525
4104709,PR,Carlópolis,83.95326657129232,83.48646034816248,-0.46680622312983644,12148
4128625,PR,Alto Paraíso,75.95402298850574,77.89284106258442,1.9388180740786822,3269
4104808,PR,Cascavel,82.86113847652048,83.29952293905212,0.4383844625316442,239254
4128633,PR,Doutor Ulysses,83.98520084566596,90.61267420457534,6.627473358909384,5209
4104907,PR,Castro,80.56778971582462,83.21132631792995,2.6435366021053284,55971
4128658,PR,Virmond,82.71286398820494,80.49853372434018,-2.214330263864767,3584
4105003,PR,Catanduvas,82.75991024682124,79.6017958227601,-3.1581144240611394,7096
4113254,PR,Laranjal,62.630245001408056,75.31003382187147,12.679788820463415,4694
4105102,PR,Centenário do Sul,79.37616387337057,73.08275745828418,-6.293406415086395,8551
4110953,PR,Itaipulândia,79.87731697559674,80.01273885350318,0.13542187790643823,9902
4105201,PR,Cerro Azul,78.28309168665902,86.78296562339662,8.4998739367376,13491
4116950,PR,Nova Esperança do Sudoeste,78.07403572353094,76.40367860600193,-1.670357117529008,5165
4105409,PR,Chopinzinho,80.03778337531486,84.12061913545593,4.082835760141066,16862
4119152,PR,Pinhais,81.72890714060075,81.5975510988483,-0.1313560417524542,99263
4105508,PR,Cianorte,78.61153529895454,74.00925415358059,-4.602281145373951,58478
4126272,PR,Saudade do Iguaçu,38.30965567059957,61.52601779455379,23.21636212395422,5302
4105607,PR,Cidade Gaúcha,69.46576373212942,65.94807238394965,-3.517691348179767,8899
4101853,PR,Ariranha do Ivaí,72.65500794912559,79.77470558115719,7.1196976320316026,2525
4105706,PR,Clevelândia,78.14493359824323,80.82901554404145,2.6840819457982263,13247
4101655,PR,Arapuã,89.93443887389124,85.96358118361154,-3.9708576902797006,3263
4114401,PR,Mangueirinha,63.28207087591938,58.21351191648611,-5.068558959433268,13764
4102752,PR,Bela Vista da Caroba,81.45997511406055,76.41791044776119,-5.042064666299368,2988
4105805,PR,Colombo,75.18688698418309,73.87829165744634,-1.30859532673675,161810
4103040,PR,Boa Ventura de São Roque,53.61207323107372,71.00650976464696,17.39443653357324,5080
4105904,PR,Colorado,77.73706251869578,80.64646464646465,2.909402127768871,17627
4103156,PR,Bom Jesus do Sul,56.86208065062691,67.85834738617201,10.996266735545106,3699
4106001,PR,Congonhinhas,78.53211009174312,72.68980477223427,-5.842305319508853,6609
4103958,PR,Campina do Simão,68.58904606456294,25.600573682323414,-42.98847238223952,3735
4106100,PR,Conselheiro Mairinck,85.6760374832664,85.3263250109505,-0.3497124723159004,3221
4104253,PR,Campo Magro,73.97022498164097,75.26230042359074,1.2920754419497769,21484
4106209,PR,Contenda,69.90071228145909,74.85630682411956,4.955594542660464,13637
4104659,PR,Carambeí,73.67576243980739,76.82247330134653,3.146710861539148,17446
4106308,PR,Corbélia,87.84942228848304,88.1614941986605,0.3120719101774654,13858
4106456,PR,Coronel Domingos Soares,59.54140127388535,75.98241985522233,16.441018581336984,5280
4106407,PR,Cornélio Procópio,84.6485260770975,72.7305547755626,-11.917971301534905,35102
4106852,PR,Cruzmaltina,89.32637571157495,85.59036144578313,-3.736014265791823,2730
4106506,PR,Coronel Vivida,75.42869868606637,76.21273660816921,0.78403792210284,17708
4106555,PR,Corumbataí do Sul,81.71134777818583,88.78856282919489,7.077215051009063,3757
4106605,PR,Cruzeiro do Oeste,62.226458885941646,57.84474570417063,-4.381713181771019,16510
4107520,PR,Esperança Nova,84.74253019707565,91.39290407358739,6.650373876511736,2112
4106704,PR,Cruzeiro do Sul,59.56945845946855,68.83586406362978,9.266405604161235,3922
4107546,PR,Espigão Alto do Iguaçu,82.84739454094293,84.73717542748575,1.8897808865428232,4416
4106803,PR,Cruz Machado,87.93701099336437,85.6589542350423,-2.278056758322066,13735
4107736,PR,Fernandes Pinheiro,77.62567854614113,72.97039159503343,-4.655286951107698,5554
4106902,PR,Curitiba,72.47307165656355,71.87508165467452,-0.5979900018890305,1409805
4108452,PR,Foz do Jordão,45.758513931888544,55.69092657903174,9.932412647143195,4360
4107009,PR,Curiúva,76.42943629759182,68.01264549504239,-8.416790802549428,10807
4108650,PR,Goioxim,76.60450472269315,46.53979238754325,-30.0647123351499,5428
4107108,PR,Diamante do Norte,63.7593984962406,69.26920674578389,5.5098082495432905,4379
4107157,PR,Diamante D'Oeste,62.96421336934504,66.80469289164941,3.8404795223043706,3758
4107207,PR,Dois Vizinhos,79.10619398842097,76.37537904146812,-2.7308149469528473,33145
4108957,PR,Guamiranga,74.0088996763754,76.56403216316924,2.5551324867938376,6603
4107306,PR,Doutor Camargo,85.47706905640484,85.49439081659274,0.01732176018789744,5175
4110078,PR,Imbaú,56.78896205707118,59.16444165226952,2.3754795951983354,8865
4107405,PR,Enéas Marques,76.85720897940291,60.388394946186246,-16.468814033216667,5490
4114351,PR,Manfrinópolis,75.45155993431855,70.58343533251734,-4.868124601801213,3122
4107504,PR,Engenheiro Beltrão,32.08946002718399,51.03580738098505,18.94634735380106,10061
4115457,PR,Marquinho,87.17700258397933,77.24113968033356,-9.93586290364577,3876
4107603,PR,Faxinal,88.05921763561703,86.23348017621146,-1.8257374594055733,12177
4118857,PR,Perobal,79.47843041676822,73.3694372498234,-6.108993166944813,5670
4107702,PR,Fênix,85.4712487240558,82.32025008683571,-3.150998637220084,3851
4119954,PR,Pontal do Paraná,77.55739090849971,76.48723542243971,-1.0701554860600027,24920
4107801,PR,Floraí,84.2800899887514,83.98216939078752,-0.2979205979638806,4346
4120150,PR,Porto Barreiro,64.32748538011695,72.87483981204613,8.547354431929179,3139
4107900,PR,Floresta,70.95715587967183,84.18825122735737,13.231095347685539,8070
4120333,PR,Prado Ferreira,91.3917940466613,89.5358306188925,-1.855963427768799,3188
4108007,PR,Florestópolis,82.70456960680127,70.77138849929874,-11.933181107502534,9394
4120655,PR,Quarto Centenário,89.0570021111893,88.5137614678899,-0.5432406432993986,3470
4108106,PR,Flórida,71.82662538699691,71.16499736425936,-0.6616280227375455,2410
4121752,PR,Reserva do Iguaçu,65.49663928304705,50.416233090530696,-15.08040619251635,5460
4108205,PR,Formosa do Oeste,74.99462481186842,77.1682221716367,2.17359735976828,6080
4122172,PR,Rio Branco do Ivaí,82.62383900928792,71.49643705463183,-11.127401954656094,3520
4108304,PR,Foz do Iguaçu,80.68821117272843,77.54158718301028,-3.146623989718151,206636
4126355,PR,Serranópolis do Iguaçu,83.64153627311522,85.59037493005036,1.9488386569351377,4396
4108403,PR,Francisco Beltrão,73.21283273276764,62.15930036472019,-11.053532368047449,66802
4126678,PR,Tamarana,85.23681558616056,78.0995040793473,-7.137311506813262,9024
4108502,PR,General Carneiro,67.83159947984396,75.51054018445323,7.678940704609275,8666
4108601,PR,Goioerê,85.11922912727938,86.42369311291249,1.304463985633106,21161
4108809,PR,Guaíra,80.8174139787994,86.48120473617657,5.663790757377171,23809
4108908,PR,Guairaçá,76.16738964021434,70.1086956521739,-6.058693988040432,5399
4122651,PR,Rosário do Ivaí,77.08333333333333,88.9372111986953,11.853877865361966,4714
4109005,PR,Guapirama,81.48148148148148,74.31028305266929,-7.17119842881219,4064
4117271,PR,Nova Tebas,76.72901261418008,68.87117621714778,-7.857836397032301,6025
4109104,PR,Guaporema,81.34185303514377,66.94560669456067,-14.396246340583104,1979
4126652,PR,Sulina,66.26235399820305,55.91637010676157,-10.345983891441485,2942
4109203,PR,Guaraci,90.06006006006007,85.59214692843572,-4.467913131624343,4224
4113734,PR,Luiziana,69.11664003652135,80.00928720687253,10.892647170351182,5952
4109302,PR,Guaraniaçu,87.6982276119403,79.14398812469075,-8.554239487249546,11100
4109401,PR,Guarapuava,67.44914088641636,68.02430918634627,0.5751682999299135,133653
4109500,PR,Guaraqueçaba,81.54910628483567,80.06716712761754,-1.481939157218136,7430
4109609,PR,Guaratuba,82.48217106207821,82.55181405385964,0.06964299178143563,32482
4109708,PR,Ibaiti,77.36598710349769,79.76661525048621,2.400628146988524,21626
4109807,PR,Ibiporã,88.36044611778078,81.39642061602274,-6.964025501758044,39987
4109906,PR,Icaraíma,79.07634307257304,83.71049551307063,4.634152440497587,7070
4110003,PR,Iguaraçu,80.58384249830279,82.9090909090909,2.32524841078812,4057
4110102,PR,Imbituva,76.72063471586145,73.94977300155163,-2.7708617143098166,23459
4110201,PR,Inácio Martins,69.14694894146949,78.9522773200684,9.805328378598915,8367
4110300,PR,Inajá,85.57187827911858,85.67708333333333,0.1052050542147498,2546
4110508,PR,Ipiranga,52.14035087719298,58.9456496384418,6.805298761248821,11266
4110607,PR,Iporã,81.58897355445988,86.113732892874,4.524759338414114,12170
4110706,PR,Irati,84.25708402215841,85.02105294591931,0.7639689237608991,45671
4110805,PR,Iretama,72.66483516483517,79.94525547445255,7.280420309617384,7961
4110904,PR,Itaguajé,83.49660889223813,83.43854437430375,-0.058064517934383275,3512
4111001,PR,Itambaracá,92.05087440381558,89.00220507166483,-3.0486693321507516,5267
4111100,PR,Itambé,77.55049197307095,83.71377276224673,6.163280789175786,5052
4111209,PR,Itapejara d'Oeste,75.98414047012177,73.31587370871526,-2.668266761406514,9159
4111308,PR,Itaúna do Sul,65.87962962962963,63.76958059626074,-2.1100490333688953,2788
4111407,PR,Ivaí,58.0308174458083,57.883967260471834,-0.14685018533646854,10656
4111506,PR,Ivaiporã,81.51397011046134,80.57000553403431,-0.9439645764270352,24012
4111605,PR,Ivatuba,72.64483627204031,81.87187641980918,9.227040147768875,3152
4111704,PR,Jaboti,88.08948004836759,81.98648251542757,-6.102997532940023,4523
4111803,PR,Jacarezinho,76.88573391344173,75.73189147060256,-1.1538424428391636,29710
4111902,PR,Jaguapitã,82.45288027608176,82.5024167932606,0.04953651717883645,11056
4112009,PR,Jaguariaíva,85.07536856054331,82.4285556658943,-2.646812894649017,25982
4112108,PR,Jandaia do Sul,81.9768390148426,82.87963816064998,0.9027991458073785,16534
4112207,PR,Janiópolis,72.64201500535906,80.22803114571747,7.58601614035841,4944
4112306,PR,Japira,62.97491039426523,80.36529680365297,17.390386409387737,3943
4112405,PR,Japurá,75.13056005762651,74.98678879689977,-0.14377126072673718,7452
4112504,PR,Jardim Alegre,57.340168019364945,72.23357664233576,14.893408622970817,9012
4112603,PR,Jardim Olinda,65.24271844660194,75.13562386980108,9.892905423199139,1350
4112702,PR,Jataizinho,88.17547937245787,87.31612128489942,-0.8593580875584479,9482
4112801,PR,Joaquim Távora,89.2079940784604,85.15270164447925,-4.055292433981151,9226
4112900,PR,Jundiaí do Sul,88.13976377952756,83.02845528455285,-5.111308494974708,2911
4113007,PR,Jussara,82.03799654576856,82.70509977827051,0.6671032325019439,5485
4113106,PR,Kaloré,88.3736120182887,90.42883778744562,2.0552257691569196,4004
4113205,PR,Lapa,62.522529288074495,73.12959774612615,10.607068458051657,36461
4113304,PR,Laranjeiras do Sul,67.34306331723727,63.34494362122911,-3.9981196960081533,24303
4113403,PR,Leópolis,87.4671669793621,85.81898131183584,-1.6481856675262634,3502
4113502,PR,Loanda,83.99128321180119,81.62289166736595,-2.368391544435241,15868
4113601,PR,Lobato,77.59892689470155,69.21182266009852,-8.38710423460303,3851
4113700,PR,Londrina,83.0218801176919,82.61670652216525,-0.405173595526648,393747
4113809,PR,Lupionópolis,88.52728468113084,78.56178257933828,-9.965502101792552,4003
4113908,PR,Mallet,86.61695447409733,90.39289558665232,3.775941112554989,10552
4114005,PR,Mamborê,82.21630776675538,91.24059671044243,9.024288943687054,10615
4114104,PR,Mandaguaçu,68.94070020241398,68.13982706377946,-0.8008731386345147,19903
4114203,PR,Mandaguari,76.32320386395654,75.94843848249843,-0.37476538145810423,27663
4114302,PR,Mandirituba,67.18301778542742,78.82209992137803,11.639082135950602,19907
4114500,PR,Manoel Ribas,80.16450113243533,84.95887191539366,4.794370782958325,11018
4114609,PR,Marechal Cândido Rondon,84.80262529072546,81.713583917779,-3.089041372946454,40475
4114708,PR,Maria Helena,72.79643231899266,75.2316076294278,2.4351753104351417,4789
4114807,PR,Marialva,84.91385348087968,83.84948540027011,-1.0643680806095688,30178
4115101,PR,Mariluz,73.78624120775433,71.14682249817385,-2.6394187095804824,7588
4115200,PR,Maringá,75.78220364748537,74.67937805016457,-1.1028255973208019,301630
4115309,PR,Mariópolis,88.04955064367257,85.2233676975945,-2.8261829460780774,5494
4115408,PR,Marmeleiro,71.30237825594564,66.46327423440019,-4.839104021545452,11777
4115507,PR,Marumbi,86.32592100896117,86.93838254172016,0.6124615327589851,3950
4115606,PR,Matelândia,89.81235877787601,87.1020019065777,-2.710356871298316,13751
4115804,PR,Medianeira,82.36371319904212,82.4386198940044,0.07490669496228008,37479
4115903,PR,Mirador,56.97258641239571,71.75324675324676,14.78066034085105,2160
4116000,PR,Miraselva,89.6251673360107,91.85036740146961,2.225200065458907,1851
4116109,PR,Moreira Sales,79.79175229483491,76.07012417823229,-3.7216281166026164,9161
4116208,PR,Morretes,81.72336485037528,75.82385535141441,-5.899509498960867,14680
4116307,PR,Munhoz de Melo,79.30906389301634,82.47576435495898,3.1667004619426393,3547
4116406,PR,Nossa Senhora das Graças,85.5583543240974,57.63676148796499,-27.921592836132405,3173
4116505,PR,Nova Aliança do Ivaí,88.04347826086956,83.59966358284272,-4.44381467802684,1565
4116604,PR,Nova América da Colina,95.55118110236221,92.92068198665679,-2.630499115705419,3349
4116802,PR,Nova Cantu,83.31550802139037,83.52890975037337,0.21340172898300125,6004
4116901,PR,Nova Esperança,78.78360314867072,86.9086287247564,8.125025576085676,19494
4117008,PR,Nova Fátima,88.88888888888889,83.82869178563071,-5.060197103258176,6087
4117107,PR,Nova Londrina,81.33184731122876,74.76909544055124,-6.562751870677516,9738
4117305,PR,Ortigueira,62.977544473607466,54.78862973760933,-8.18891473599814,20079
4117404,PR,Ourizona,58.066015806601584,49.53020134228188,-8.535814464319706,2830
4117503,PR,Paiçandu,70.44489938582913,72.91315852778446,2.468259141955329,30395
4117602,PR,Palmas,72.23151706986208,79.23051534725823,6.998998277396154,32260
4117701,PR,Palmeira,42.04297600775507,80.26027047716254,38.21729446940746,26972
4117800,PR,Palmital,63.20777642770352,65.10648836057455,1.8987119328710236,10878
4117909,PR,Palotina,84.0590523903427,84.81152410493665,0.7524717145939519,24631
4118006,PR,Paraíso do Norte,59.50750592573084,64.60935230903281,5.101846383301975,9489
4118105,PR,Paranacity,66.58031088082902,62.98751950078003,-3.592791380048986,7616
4118204,PR,Paranaguá,73.2476182130025,80.54451536061521,7.296897147612711,108348
4118303,PR,Paranapoema,47.50580046403712,72.32779097387173,24.821990509834606,2106
4118402,PR,Paranavaí,85.73600723267856,82.1917808219178,-3.544226410760757,63953
4118501,PR,Pato Branco,80.12141166786706,74.28210596053911,-5.839305707327952,64404
4118600,PR,Paula Freitas,84.09425625920471,83.62297496318115,-0.4712812960235624,4763
4118709,PR,Paulo Frontin,85.29698149951315,84.21675343114056,-1.080228068372591,5698
4118808,PR,Peabiru,61.18492407809111,77.8464998594321,16.661575781340993,9916
4119004,PR,Pérola d'Oeste,84.47276940903824,77.8434618113029,-6.629307597735334,5285
4119103,PR,Piên,67.05911823647294,72.7889564810482,5.729838244575262,10850
4119202,PR,Pinhalão,87.93427230046949,86.42303433001108,-1.51123797045841,5879
4119301,PR,Pinhão,50.69628062753393,55.821006374945846,5.124725747411915,23848
4119400,PR,Piraí do Sul,72.46027123720775,67.4269862063651,-5.033285030842649,18800
4119509,PR,Piraquara,82.01313257553215,79.02015479511256,-2.9929777804195936,73927
4119608,PR,Pitanga,78.21477255515727,69.06743030041063,-9.147342254746633,25676
4119707,PR,Planaltina do Paraná,68.33333333333333,71.38576779026218,3.05243445692885,3432
4119806,PR,Planalto,75.51095337168033,69.1053780002567,-6.405575371423623,10281
4119905,PR,Ponta Grossa,73.09125606695818,71.39212306060205,-1.699133006356135,257944
4120002,PR,Porecatu,82.69418491144889,77.33946314696722,-5.354721764481667,9608
4120101,PR,Porto Amazonas,79.48355146798727,86.58088235294117,7.097330884953905,3870
4120200,PR,Porto Rico,82.27120268327744,85.43944031482292,3.1682376315454803,3003
4120309,PR,Porto Vitória,85.99487617421008,88.42195540308748,2.4270792288774032,3274
4120408,PR,Presidente Castelo Branco,66.01307189542484,66.94214876033058,0.9290768649057384,3886
4120507,PR,Primeiro de Maio,85.97895360901141,86.40212518678399,0.4231715777725782,8333
4120606,PR,Prudentópolis,89.43661971830986,88.02208940617246,-1.4145303121374013,39039
4120705,PR,Quatiguá,90.4943729903537,89.69709897610922,-0.7972740142444792,6645
4120804,PR,Quatro Barras,72.22832052689353,78.34863777794642,6.120317251052896,18192
4121000,PR,Querência do Norte,74.93001555209953,68.68703828072532,-6.242977271374215,7996
4121109,PR,Quinta do Sol,62.80469455311466,74.20049200492005,11.395797451805393,4291
4121208,PR,Quitandinha,65.84105314480742,91.14139693356047,25.300343788753054,14118
4121307,PR,Rancho Alegre,96.17391304347827,92.72563987427031,-3.448273169207951,3224
4121406,PR,Realeza,78.81241565452092,76.54867256637168,-2.2637430881492406,14523
4121505,PR,Rebouças,72.104809143843,71.39206754805022,-0.7127415957927781,12149
4121604,PR,Renascença,68.30601092896175,65.13371657085729,-3.172294358104466,5351
4121703,PR,Reserva,81.21046578493387,82.00621971505026,0.7957539301163905,20368
4121802,PR,Ribeirão Claro,78.32271447621869,78.59622641509434,0.27351193887564307,9867
4121901,PR,Ribeirão do Pinhal,72.88497464638377,71.8156383448682,-1.0693363015155626,10165
4122008,PR,Rio Azul,91.02373036799267,86.11174982754656,-4.911980540446109,11268
4122107,PR,Rio Bom,84.88074957410562,86.35181975736569,1.4710701832600677,3019
4122206,PR,Rio Branco do Sul,72.81058054289677,92.86669213139801,20.05611158850124,27280
4122305,PR,Rio Negro,63.15113291287082,80.3152860601051,17.164153147234273,24157
4122404,PR,Rolândia,88.26931975937066,87.53290543938004,-0.7364143199906152,49517
4122503,PR,Roncador,79.88809919854832,79.34614192748683,-0.5419572710614915,8952
4122602,PR,Rondon,65.01431639226915,67.28383279251766,2.2695164002485058,6991
4122701,PR,Sabáudia,91.38959931798806,89.25985518905873,-2.1297441289293317,6748
4122800,PR,Salgado Filho,71.96969696969697,78.61741782446629,6.647720854769318,3590
4122909,PR,Salto do Itararé,55.63467492260062,70.0616378045201,14.426962881919486,4614
4123006,PR,Salto do Lontra,63.59614293817357,68.86543535620052,5.26929241802695,11161
4123105,PR,Santa Amélia,90.89754445385266,89.26233085988652,-1.6352135939661423,3048
4123204,PR,Santa Cecília do Pavão,93.12344656172328,92.39789729073999,-0.7255492709832936,3121
4123303,PR,Santa Cruz de Monte Castelo,77.34064686968034,81.08424336973479,3.7435965000544513,6773
4123402,PR,Santa Fé,74.54706142288997,83.20107800568947,8.6540165827995,9149
4123600,PR,Santa Inês,88.5,81.29496402877697,-7.205035971223026,1684
4123709,PR,Santa Isabel do Ivaí,89.90411731528482,86.47645104553449,-3.4276662697503326,7006
4123808,PR,Santa Izabel do Oeste,83.80430198228595,79.51324707332101,-4.291054908964938,8779
4123907,PR,Santa Mariana,73.02749551703526,67.12619300106044,-5.90130251597482,9361
4124004,PR,Santana do Itararé,70.79297820823244,73.10261080752883,2.3096325992963926,4659
4124400,PR,Santo Antônio do Sudoeste,78.91944829837591,72.41262873543812,-6.5068195629377925,15509
4124103,PR,Santo Antônio da Platina,83.94117146986314,81.70372718626874,-2.2374442835943995,32125
4124202,PR,Santo Antônio do Caiuá,64.5993413830955,81.18971061093248,16.590369227836973,2358
4124301,PR,Santo Antônio do Paraíso,93.81443298969072,88.43537414965986,-5.379058840030851,2247
4124509,PR,Santo Inácio,86.02120535714286,70.36290322580645,-15.658302131336413,4802
4124608,PR,São Carlos do Ivaí,68.86016451233843,71.23871614844533,2.3785516361069057,5076
4124707,PR,São Jerônimo da Serra,85.6292243321532,81.66386554621849,-3.9653587859347112,8538
4124806,PR,São João,76.59605130422251,76.59356725146199,-0.002484052760522104,9176
4124905,PR,São João do Caiuá,74.29121937792458,74.22768878718536,-0.0635305907392194,4585
4125001,PR,São João do Ivaí,83.39038547402888,85.98735701384707,2.596971539818199,9056
4125100,PR,São João do Triunfo,72.49283667621776,64.5810987963294,-7.9117378798883635,11622
4125308,PR,São Jorge do Ivaí,59.418320195705356,77.47108307045215,18.052762874746797,4820
4125209,PR,São Jorge d'Oeste,73.69892807208326,71.54327926770516,-2.155648804378103,8006
4125407,PR,São José da Boa Vista,90.29071408410951,91.32867132867133,1.0379572445618237,4737
4125506,PR,São José dos Pinhais,75.54106441426407,78.48412589420592,2.9430614799418464,227009
4125605,PR,São Mateus do Sul,83.79397982686045,70.32263394885777,-13.47134587800268,34022
4125704,PR,São Miguel do Iguaçu,83.63743378457916,78.20117341075425,-5.436260373824908,21857
4125803,PR,São Pedro do Ivaí,90.09342156481121,90.9824768655247,0.889055300713494,6943
4125902,PR,São Pedro do Paraná,89.63075366717248,88.8671875,-0.7635661671724847,2695
4126009,PR,São Sebastião da Amoreira,93.02192564346997,84.95166036149642,-8.070265281973548,6561
4126108,PR,São Tomé,73.50210970464136,72.13019471083987,-1.3719149938014823,4816
4126207,PR,Sapopema,84.28571428571429,84.5409429280397,0.255228642325406,5485
4126306,PR,Sengés,78.13925205229553,69.74184922349069,-8.397402828804843,13756
4126405,PR,Sertaneja,91.22395833333333,87.55747903705708,-3.6664792962762505,4818
4126504,PR,Sertanópolis,78.25333740955875,75.5028962611901,-2.750441148368651,13311
4126603,PR,Siqueira Campos,80.02881325409689,79.14968999114261,-0.8791232629542804,16432
4126702,PR,Tamboara,77.21921730830417,81.76372712146423,4.544509813160062,4157
4126801,PR,Tapejara,76.17643723778207,73.94682530047348,-2.22961193730859,11635
4127007,PR,Teixeira Soares,74.99097146984471,72.20717670954637,-2.783794760298335,8082
4127106,PR,Telêmaco Borba,54.337069034691204,76.75509146923308,22.418022434541875,51913
4127205,PR,Terra Boa,28.347550089268,42.057535959974985,13.709985870706983,13355
4127304,PR,Terra Rica,83.57028204540244,85.89988081048868,2.3295987650862457,11783
4127403,PR,Terra Roxa,81.08422071636012,80.87215064420218,-0.2120700721579425,13332
4127502,PR,Tibagi,75.86992543496272,77.42030696576151,1.5503815307987878,14864
4127601,PR,Tijucas do Sul,76.3984243106359,72.69376579612468,-3.704658514511223,13059
4127700,PR,Toledo,77.83907760971981,79.02976632160278,1.19068871188297,107766
4127809,PR,Tomazina,87.01674591689063,87.58648758648759,0.569741669596965,6647
4127908,PR,Tuneiras do Oeste,71.22287968441815,71.61973237467545,0.39685269025730463,6721
4128005,PR,Ubiratã,84.53453453453453,89.82826948480846,5.2937349502739295,19130
4128104,PR,Umuarama,76.2920154111864,79.62240547791879,3.3303900667323916,82990
4128203,PR,União da Vitória,80.90375464554896,80.22637938564566,-0.6773752599033003,40641
4128302,PR,Uniflor,77.07581227436823,83.83233532934132,6.756523054973087,2155
4128401,PR,Uraí,85.70326958667489,81.61258603736479,-4.0906835493101,8555
4128500,PR,Wenceslau Braz,67.1559097978227,78.44629092001202,11.290381122189316,14548
4128609,PR,Verê,80.14654570830426,78.18618396749169,-1.9603617408125729,6888
4128708,PR,Vitorino,82.26600985221675,81.27843986998917,-0.9875699822275834,5942
4128807,PR,Xambrê,68.73762376237623,71.78763785586048,3.0500140934842506,5372
4100509,PR,Altônia,66.52157807001296,85.37213740458016,18.850559334567194,14510
4102000,PR,Assis Chateaubriand,84.46477061597828,81.29266955698411,-3.1721010589941727,27256
4120903,PR,Quedas do Iguaçu,71.14527374557092,68.77462301317756,-2.370650732393358,23208
4105300,PR,Céu Azul,90.67870667055054,83.83838383838383,-6.840322832166706,8788
4108700,PR,Grandes Rios,82.46031746031746,85.97183098591549,3.5115135255980334,4758
4110409,PR,Indianópolis,65.07493900313698,65.22058823529412,0.14564923215714032,3803
4115705,PR,Matinhos,77.03031136790939,75.85548799431893,-1.1748233735904563,35293
4116703,PR,Nova Aurora,87.36235595390525,84.71396485665214,-2.6483910972531106,9631
4117206,PR,Nova Olímpia,81.04870907639074,80.68213586804585,-0.3665732083448887,4854
4118907,PR,Pérola,76.01631939385109,82.84660766961652,6.830288275765426,9508
4123501,PR,Santa Helena,79.83152536209927,77.39190722299256,-2.439618139106713,21071
4126900,PR,Tapira,68.99117971334068,65.77844311377245,-3.212736599568231,4694
4115002,PR,Marilena,77.02947845804988,77.75726811259806,0.7277896545481752,5989
4108320,PR,Francisco Alves,78.35214446952595,78.53215395649056,0.1800094869646074,6100
4117222,PR,Nova Santa Rosa,91.85159500693482,89.4214011850819,-2.43019382185291,7055
4103057,PR,Boa Vista da Aparecida,88.13559322033899,85.30796390741467,-2.8276293129243157,7107
4103354,PR,Braganey,78.9973301690893,81.37437810945273,2.3770479403634397,4330
4103453,PR,Cafelândia,85.74421388667199,85.13944223107569,-0.604771655596295,13247
4127858,PR,Três Barras do Paraná,85.17945109078114,83.64355855195662,-1.5358925388245268,9120
4128559,PR,Vera Cruz do Oeste,82.20681686886194,79.61693548387096,-2.5898813849909743,6593
4120358,PR,Pranchita,82.90141597648945,80.93809653667849,-1.9633194398109595,4649
4127957,PR,Tupãssi,88.30850846765966,87.7601998334721,-0.5483086341875634,6257
4117255,PR,Nova Prata do Iguaçu,78.43736359668267,82.3708647707487,3.9335011740660235,8864
4112751,PR,Jesuítas,88.07712718910314,84.76667262649741,-3.3104545626057273,7384
4125357,PR,São Jorge do Patrocínio,35.682046138415245,84.94787693872362,49.26583080030838,5235
4104451,PR,Cantagalo,74.67281380130875,75.36459150070566,0.6917776993969085,9117
4127965,PR,Turvo,75.02206531332745,76.27850343148107,1.2564381181536248,11863
4100459,PR,Altamira do Paraná,61.77253708634462,81.71959721146398,19.947060125119357,3441
4107751,PR,Figueira,86.19619205298014,82.05128205128206,-4.144910001698079,6360
4113759,PR,Lunardelli,84.66522678185746,84.6968238691049,0.03159708724744803,4235
4126256,PR,Sarandi,65.42195511473481,72.55250978996084,7.130554675226023,72031
4112959,PR,Juranda,86.13861386138613,91.48448886112845,5.345874999742321,6202
4107256,PR,Douradina,67.93687451886066,82.16657180800607,14.229697289145406,6988
4124053,PR,Santa Terezinha de Itaipu,87.29312762973352,83.72174155735418,-3.5713860723793402,18871
4116059,PR,Missal,85.61463543037641,82.85419620987496,-2.7604392205014534,9671
4125456,PR,São José das Palmeiras,78.20610687022901,74.43028196214755,-3.7758249080814608,3463
3304151,RJ,Quissamã,81.7728651928912,74.22340196570772,-7.54946322718348,19085
3300100,RJ,Angra dos Reis,85.14682903173663,82.51297523102241,-2.6338538007142205,136830
3304128,RJ,Quatis,83.29417583776431,79.65299684542586,-3.641178992338453,10505
3300209,RJ,Araruama,74.4114792735339,85.47625344768957,11.064774174155673,111249
3300456,RJ,Belford Roxo,88.30335318082106,82.97613555341191,-5.327217627409155,346129
3300308,RJ,Barra do Piraí,77.88541266406456,77.63635219862023,-0.24906046544433025,69309
3301157,RJ,Cardoso Moreira,93.33714939896966,79.26917886432057,-14.067970534649092,12616
3300407,RJ,Barra Mansa,79.0201794414858,73.19140737886524,-5.828772062620558,133743
3306156,RJ,Varre-Sai,89.9202084351083,82.31774523697055,-7.602463198137741,8788
3300506,RJ,Bom Jardim,75.99093997734994,78.19478326139989,2.2038432840499524,22628
3301850,RJ,Guapimirim,88.30302447159947,82.27525558559398,-6.027768886005489,44941
3300605,RJ,Bom Jesus do Itabapoana,81.87396959150027,79.74209453373157,-2.1318750577686956,28469
3304144,RJ,Queimados,87.9216361326284,82.20375870544859,-5.7178774271798005,104568
3300704,RJ,Cabo Frio,81.25671221716105,80.11711296795842,-1.1395992492026323,179136
3302270,RJ,Japeri,82.16547497446373,77.10755113450158,-5.057923839962157,76652
3300803,RJ,Cachoeiras de Macacu,85.0250797993616,78.09113893570913,-6.933940863652481,46722
3300951,RJ,Comendador Levy Gasparian,91.81803822460907,87.15155398910606,-4.666484235503006,8032
3300902,RJ,Cambuci,84.4283276450512,85.25751072961373,0.8291830845625299,12296
3300159,RJ,Aperibé,89.59300013257325,83.65819026720021,-5.93480986537304,10135
3301009,RJ,Campos dos Goytacazes,80.62341717919912,77.41069797186186,-3.2127192073372584,370142
3304524,RJ,Rio das Ostras,73.41714631929719,71.34037737870449,-2.0767689405927,107503
3301108,RJ,Cantagalo,83.36096326673065,79.41069479810841,-3.950268468622241,15148
3300225,RJ,Areal,82.46601675133873,76.34610233056523,-6.1199144207734975,10270
3301207,RJ,Carmo,78.70698265686008,79.65202828433196,0.9450456274718846,14237
3303955,RJ,Pinheiral,76.45890058135257,74.05040041143192,-2.408500169920643,18820
3301306,RJ,Casimiro de Abreu,77.77125607915478,81.31145002709607,3.5401939479412903,35993
3301876,RJ,Iguaba Grande,85.24590163934427,83.93043933054393,-1.3154623088003348,30569
3301405,RJ,Conceição de Macabu,61.73328056984567,62.4989824989825,0.7657019291368314,16680
3304755,RJ,São Francisco de Itabapoana,86.30654705096393,78.1255815684669,-8.18096548249703,39903
3301504,RJ,Cordeiro,81.30081300813008,75.26459268762027,-6.036220320509813,16926
3300936,RJ,Carapebus,76.95882416513564,82.81873965131003,5.859915486174387,13468
3301603,RJ,Duas Barras,88.3061279100883,86.38054743555674,-1.9255804745315714,10314
3304110,RJ,Porto Real,84.89076274434649,86.1700537955768,1.2792910512303166,17925
3301702,RJ,Duque de Caxias,72.25341228807952,70.63776337825634,-1.6156489098231788,634424
3305133,RJ,São José de Ubá,92.60551098709452,84.60210598998792,-8.0034049971066,7636
3301801,RJ,Engenheiro Paulo de Frontin,86.8698849484047,85.47951637516141,-1.3903685732432933,11116
3305752,RJ,Tanguá,87.64291307752545,83.617871413004,-4.025041664521453,26468
3301900,RJ,Itaboraí,78.04017750945377,74.71696557410843,-3.3232119353453413,177799
3302452,RJ,Macuco,83.87096774193549,87.41051161166405,3.5395438697285613,7132
3302007,RJ,Itaguaí,86.20050422660537,83.54080024981194,-2.6597039767934376,100476
3300233,RJ,Armação dos Búzios,82.25154485898805,80.12152443948776,-2.1300204195002976,36235
3302106,RJ,Itaocara,88.22123591669512,82.7741577706918,-5.447078146003321,19120
3305554,RJ,Seropédica,85.8359957401491,81.94717787982603,-3.8888178603230728,60965
3302205,RJ,Itaperuna,88.94342068710066,82.07868533353297,-6.864735353567681,76037
3302254,RJ,Itatiaia,81.54244697501214,83.71085594989562,2.1684089748834765,26584
3302304,RJ,Laje do Muriaé,85.54013503375845,64.4578313253012,-21.082303708457246,6943
3302858,RJ,Mesquita,84.55309180500021,80.46175741921881,-4.091334385781394,136269
3302403,RJ,Macaé,58.37071245941379,76.89644513137559,18.525732671961798,185779
3302502,RJ,Magé,83.60148869166905,87.23346539600956,3.6319767043405164,192848
3302601,RJ,Mangaratiba,84.46739644324835,85.18459171901038,0.7171952757620375,46501
3302700,RJ,Maricá,52.252260668111504,41.041987249945045,-11.210273418166459,185451
3302809,RJ,Mendes,84.28369045510891,80.82055005899973,-3.463140396109182,14878
3302908,RJ,Miguel Pereira,78.97456980090445,78.26983065953654,-0.7047391413679094,24781
3303005,RJ,Miracema,82.40850797622771,76.14131828674019,-6.267189689487523,21055
3303104,RJ,Natividade,80.18979833926453,72.62826990007859,-7.561528439185935,12453
3303203,RJ,Nilópolis,83.24314516559402,73.07172235055496,-10.171422815039051,128605
3303302,RJ,Niterói,54.875802253849834,53.93359620624607,-0.9422060476037615,411131
3303401,RJ,Nova Friburgo,68.67496242175162,68.30532252984797,-0.36963989190364543,155248
3303500,RJ,Nova Iguaçu,81.07610157369324,77.54209265527867,-3.534008918414571,614733
3303609,RJ,Paracambi,82.01349786350386,78.51818106518678,-3.495316798317077,33690
3303708,RJ,Paraíba do Sul,86.29673908562476,80.58174702010318,-5.714992065521585,34301
3303807,RJ,Paraty,79.53869679721349,68.40573853303698,-11.132958264176509,35457
3303906,RJ,Petrópolis,77.91525785129002,67.80524401238188,-10.110013838908145,239323
3304003,RJ,Piraí,83.33433571901125,81.51225343693963,-1.8220822820716194,23699
3304102,RJ,Porciúncula,78.282571050219,75.96049489906663,-2.3220761511523733,13292
3304201,RJ,Resende,83.2774597783601,86.39293286219082,3.1154730838307216,98018
3304300,RJ,Rio Bonito,86.35709143268538,85.92873883763016,-0.42835259505521606,45410
3304409,RJ,Rio Claro,82.49422632794457,80.67637301879837,-1.8178533091462015,14700
3304508,RJ,Rio das Flores,85.94311866623079,71.16879079888095,-14.77432786734984,8711
3304607,RJ,Santa Maria Madalena,82.6975476839237,68.53093569033831,-14.166611993585391,8846
3304706,RJ,Santo Antônio de Pádua,85.24231906414707,83.2064899222213,-2.035829141925774,33702
3304805,RJ,São Fidélis,88.51306244158619,85.89671149282405,-2.6163509487621326,30178
3304904,RJ,São Gonçalo,69.51242102693855,66.40455073983722,-3.107870287101335,652951
3305000,RJ,São João da Barra,79.7158950015941,86.83149111733735,7.115596115743244,43094
3305109,RJ,São João de Meriti,83.53454044707821,80.23523077878781,-3.2993096682904053,340086
3305208,RJ,São Pedro da Aldeia,86.89740979527203,81.5462041301441,-5.351205665127921,74910
3305307,RJ,São Sebastião do Alto,91.9808201058201,86.28791863931264,-5.692901466507465,7793
3305406,RJ,Sapucaia,81.40929535232384,84.77161785216178,3.362322499837944,15785
3305505,RJ,Saquarema,81.17852975495916,86.69546882142173,5.5169390664625695,92058
3305604,RJ,Silva Jardim,85.47666153733421,85.4065934065934,-0.07006813074080753,18674
3305703,RJ,Sumidouro,87.68449750869605,89.21761998685075,1.533122478154695,14193
3305802,RJ,Teresópolis,70.50634064157731,80.19821109936696,9.691870457789648,133592
3305901,RJ,Trajano de Moraes,87.1960846226713,89.34835305860544,2.152268435934147,9269
3306008,RJ,Três Rios,84.21966862640299,76.95366303698121,-7.2660055894217805,62478
3306107,RJ,Valença,79.63846480067853,65.06720977596741,-14.571255024711121,56821
3306206,RJ,Vassouras,82.12585192792456,83.25930825930826,1.133456331383698,29259
3306305,RJ,Volta Redonda,76.94899244332494,72.09533587751754,-4.853656565807398,221697
3300258,RJ,Arraial do Cabo,82.01527005372796,75.62639642515161,-6.3888736285763486,35242
3302056,RJ,Italva,90.07805108798486,87.64394288346384,-2.4341082045210243,11648
3303856,RJ,Paty do Alferes,86.22739809990806,86.6394496952072,0.4120515952991468,24302
3305158,RJ,São José do Vale do Rio Preto,89.09478517546736,89.66649823143001,0.5717130559626469,16230
3304557,RJ,Rio de Janeiro,68.29293176084292,66.23709808427601,-2.0558336765669054,4942710
2414159,RN,Tenente Laurentino Cruz,86.67493796526054,72.18962684815772,-14.485311117102825,5580
2400109,RN,Acari,74.9601507027967,52.07065459403295,-22.889496108763744,9368
2413359,RN,Serra do Mel,83.52953653621805,65.2063551753314,-18.32318136088665,13225
2400208,RN,Assú,83.61774744027304,70.46515083964928,-13.152596600623752,45542
2401859,RN,Caiçara do Norte,89.79591836734694,80.84745762711864,-8.948460740228299,5551
2400307,RN,Afonso Bezerra,71.99441411704964,62.85215656943406,-9.142257547615586,10537
2412559,RN,São Miguel do Gostoso,77.93260344092137,74.71264367816092,-3.2199597627604533,9650
2400406,RN,Água Nova,87.24894908921065,63.58974358974359,-23.659205499467063,3009
2404853,RN,Itajá,89.12497585474213,68.03685329553508,-21.08812255920705,7286
2400505,RN,Alexandria,62.61608154020385,53.775196446873935,-8.840885093329916,11794
2401651,RN,Bodó,82.83582089552239,72.9478943611706,-9.887926534351791,3784
2400604,RN,Almino Afonso,90.02883229216722,28.34588292445956,-61.682949367707664,5165
2414456,RN,Triunfo Potiguar,93.69094788174337,81.52016246011024,-12.170785421633127,4238
2400703,RN,Alto do Rodrigues,79.50722577588249,72.29932916955818,-7.2078966063243115,12059
2403756,RN,Fernando Pedroza,86.12786489746682,86.65441176470588,0.5265468672390625,3409
2400802,RN,Angicos,79.32698412698413,63.46592348619205,-15.861060640792083,10218
2407252,RN,Major Sales,97.2254787026182,69.76838683462007,-27.45709186799813,3211
2400901,RN,Antônio Martins,88.56839872746554,76.49653434152489,-12.071864385940643,5909
2414753,RN,Venha-Ver,93.84453042560675,77.35442127965493,-16.49010914595182,3918
2401008,RN,Apodi,78.5450224452073,53.888399781998075,-24.65662266320922,30214
2413557,RN,Serrinha dos Pintos,83.01075268817205,62.91051521542634,-20.10023747274571,4196
2401107,RN,Areia Branca,75.60146617794068,71.88700123673762,-3.7144649412030617,22032
2411056,RN,Tibau,81.81635523407675,75.4375,-6.378855234076752,9237
2401206,RN,Arez,86.20441458733205,76.19702462807851,-10.007389959253544,11505
2409332,RN,Santa Maria,64.68834688346884,45.90456749170707,-18.78377939176177,5114
2401305,RN,Campo Grande,78.93576363369102,69.24441815762236,-9.691345476068662,8813
2408953,RN,Rio do Fogo,88.12452924930956,77.31082516822099,-10.813704081088574,10981
2401404,RN,Baía Formosa,82.25437928408225,73.79830348727616,-8.45607579680609,7402
2410256,RN,Porto do Mangue,86.65323596071518,35.79354838709678,-50.8596875736184,5102
2401503,RN,Barcelona,87.85853522695628,77.43190661478599,-10.42662861217029,4679
2406155,RN,Jundiá,91.01905049894164,88.20678513731825,-2.812265361623389,4775
2401602,RN,Bento Fernandes,85.1058403468503,57.42879137798307,-27.677048968867233,4925
2401701,RN,Bom Jesus,77.33116595241614,77.60252365930599,0.2713577068898445,9081
2401800,RN,Brejinho,83.63908139692893,67.77231201686578,-15.866769380063147,10102
2401909,RN,Caiçara do Rio do Vento,84.75234703787633,73.56763142350856,-11.184715614367775,4194
2402006,RN,Caicó,70.19317882923693,63.563627868948195,-6.629550960288732,45030
2402105,RN,Campo Redondo,84.69419434958087,65.19183168316832,-19.50236266641255,8619
2402204,RN,Canguaretama,82.30283363272875,72.16802479054287,-10.134808842185876,24685
2402303,RN,Caraúbas,85.82354547937722,67.34788666976313,-18.47565880961409,18974
2402402,RN,Carnaúba dos Dantas,77.06526700136924,66.34803389094068,-10.717233110428552,6324
2402501,RN,Carnaubais,69.90434142752024,64.85558157689306,-5.048759850627178,8684
2402600,RN,Ceará-Mirim,73.3330216029178,64.80814660214216,-8.524875000775637,60279
2402709,RN,Cerro Corá,77.80534072668904,71.40213523131672,-6.403205495372319,9719
2402808,RN,Coronel Ezequiel,83.50785340314137,84.11190287674849,0.6040494736071196,4897
2402907,RN,Coronel João Pessoa,90.0,83.39495798319328,-6.6050420168067205,4073
2403004,RN,Cruzeta,80.75778615354096,72.23548130469372,-8.522304848847241,6954
2403103,RN,Currais Novos,68.56120997974749,31.514976721189896,-37.04623325855759,32921
2403202,RN,Doutor Severiano,87.78290025146688,82.04924543288324,-5.733654818583645,6324
2403301,RN,Encanto,87.43482794577685,46.29088008508376,-41.14394786069309,5141
2403400,RN,Equador,72.36619718309859,51.0969175229103,-21.26927966018829,4769
2403509,RN,Espírito Santo,83.94713656387665,85.36118363794604,1.4140470740693871,7959
2403608,RN,Extremoz,78.94251601899231,69.18909710391823,-9.753418915074079,39503
2403707,RN,Felipe Guerra,84.9551035367418,71.99004090343233,-12.965062633309472,7070
2403806,RN,Florânia,81.6806984720923,74.3775606681374,-7.303137803954897,8396
2403905,RN,Francisco Dantas,74.96610935381834,48.48095849379546,-26.485150860022877,2866
2404101,RN,Galinhos,88.6801315171442,78.7729511867443,-9.90718033039991,2857
2404200,RN,Goianinha,87.2236958443855,79.74856010404409,-7.475135740341415,22259
2404309,RN,Governador Dix-Sept Rosado,77.32211706975114,61.32117938329957,-16.00093768645157,12132
2404408,RN,Grossos,87.50179778512872,72.9373368146214,-14.564460970507312,9557
2404507,RN,Guamaré,80.45053697721121,82.14546117389719,1.6949241966859745,15624
2404606,RN,Ielmo Marinho,88.29823562891292,71.32464712269272,-16.973588506220196,11530
2404705,RN,Ipanguaçu,83.24591786244433,65.82621379454054,-17.419704067903794,12911
2404804,RN,Ipueira,67.62246117084827,69.0340909090909,1.4116297382426382,2185
2404903,RN,Itaú,90.799699172725,73.08913308913309,-17.710566083591914,5188
2405009,RN,Jaçanã,76.98800533096401,77.68833849329205,0.700333162328036,6322
2405108,RN,Jandaíra,59.66945696501395,39.44753577106518,-20.221921193948766,6396
2405207,RN,Janduís,49.68390804597701,23.07046979865772,-26.613438247319294,4470
2405405,RN,Japi,79.03981264637002,46.02184087363494,-33.01797177273508,5744
2405504,RN,Jardim de Angicos,91.86622625928985,83.7879968823071,-8.078229376982748,3154
2405603,RN,Jardim de Piranhas,78.36596567561034,46.788354898336415,-31.577610777273925,11094
2405702,RN,Jardim do Seridó,79.24919093851133,62.49833533093621,-16.750855607575126,10313
2405801,RN,João Câmara,81.61579530573184,64.84742062550424,-16.768374680227595,27694
2405900,RN,João Dias,60.62197092084006,84.84304932735427,24.221078406514202,3079
2406007,RN,José da Penha,67.17761557177616,32.337026539551665,-34.84058903222449,5250
2406106,RN,Jucurutu,81.10166059133252,68.6748984834673,-12.426762107865216,15421
2407609,RN,Messias Targino,92.04364023416711,66.39516552811351,-25.648474706053605,4715
2406205,RN,Lagoa d'Anta,88.8367939272159,68.467707893626,-20.369086033589895,6392
2406304,RN,Lagoa de Pedras,90.59484120021057,87.98778418730913,-2.6070570129014357,7692
2406403,RN,Lagoa de Velhos,89.20610089949159,73.86100386100387,-15.345097038487722,3313
2406502,RN,Lagoa Nova,81.36673750139805,50.13523747700963,-31.231500024388417,12875
2406601,RN,Lagoa Salgada,85.81271091113611,84.57991064994955,-1.2328002611865543,9612
2406700,RN,Lajes,89.2867251627512,82.21948886155528,-7.067236301195919,9478
2406809,RN,Lajes Pintadas,84.93084202863383,69.78008401284903,-15.150758015784803,5228
2406908,RN,Lucrécia,88.79341210168278,67.27586206896552,-21.517550032717253,3465
2407005,RN,Luís Gomes,92.37762237762237,68.34717279557137,-24.030449582051006,7356
2407104,RN,Macaíba,62.44668187679794,70.92123422712933,8.474552350331393,54336
2407203,RN,Macau,72.30494708343589,56.66729006919768,-15.637657014238208,22528
2407302,RN,Marcelino Vieira,86.02914389799636,55.40738034344172,-30.62176355455464,7027
2407401,RN,Martins,76.46833747847714,30.782459157351678,-45.68587832112546,7608
2407500,RN,Maxaranguape,83.43525658069662,79.24076176062555,-4.194494820071071,10437
2404002,RN,Frutuoso Gomes,90.09174311926606,8.145326692059772,-81.94641642720629,4171
2407708,RN,Montanhas,65.1573066745075,72.57288423436174,7.415577559854242,9621
2407807,RN,Monte Alegre,87.21604261319129,85.82426127527216,-1.3917813379191273,17266
2407906,RN,Monte das Gameleiras,94.83899426554919,91.35852090032154,-3.4804733652276525,3052
2408003,RN,Mossoró,65.98053588925643,70.05729359302707,4.076757703770639,187604
2408102,RN,Natal,65.31864539687189,58.35808476965733,-6.960560627214555,570792
2408201,RN,Nísia Floresta,82.46033204680512,85.06819813352476,2.607866086719639,23401
2408300,RN,Nova Cruz,80.37451616277853,73.04122927126122,-7.333286891517318,27945
2408409,RN,Olho d'Água do Borges,83.47696879643388,59.844487642321575,-23.632481154112305,4686
2408508,RN,Ouro Branco,90.43381535038932,76.85781158572264,-13.57600376466668,4578
2408607,RN,Paraná,94.05572755417957,88.74418604651163,-5.31154150766794,4235
2408706,RN,Paraú,91.05466593042517,63.823019086176984,-27.23164684424819,4339
2408805,RN,Parazinho,85.27321734868904,62.02115158636898,-23.252065762320065,5531
2408904,RN,Parelhas,83.05386555868823,66.2850783051117,-16.768787253576534,17459
2403251,RN,Parnamirim,75.40775747795516,67.80045982126302,-7.60729765669214,147053
2409100,RN,Passa e Fica,88.13280285361503,81.62970738748196,-6.503095466133075,10054
2409209,RN,Passagem,91.13673805601319,88.73393491933278,-2.4028031366804044,4547
2409308,RN,Patu,86.9513327144941,38.249088066701404,-48.702244647792696,9944
2409407,RN,Pau dos Ferros,83.59413202933985,56.91222271658298,-26.681909312756865,21143
2409506,RN,Pedra Grande,91.6231972997852,86.44067796610169,-5.182519333683516,4340
2409605,RN,Pedra Preta,87.20842738901429,64.1316685584563,-23.076758830557992,3295
2409704,RN,Pedro Avelino,84.53050176972725,78.06961349562246,-6.460888274104789,6554
2409803,RN,Pedro Velho,79.34076137418757,68.0,-11.340761374187565,11912
2409902,RN,Pendências,70.82743988684582,58.60787078579669,-12.219569101049132,10927
2410009,RN,Pilões,83.04093567251462,22.937113776808435,-60.10382189570619,3574
2410108,RN,Poço Branco,90.15256588072123,68.34532374100719,-21.807242139714035,11674
2410207,RN,Portalegre,88.92830470500374,58.26620636747219,-30.662098337531546,6895
2410306,RN,Serra Caiada,89.06962602614776,83.50954478707783,-5.56008123906993,9064
2410405,RN,Pureza,78.27229430119888,64.65715600552232,-13.615138295676559,8502
2410504,RN,Rafael Fernandes,81.36469371930731,61.946181027453115,-19.418512691854197,4932
2410702,RN,Riacho da Cruz,92.56092347156904,64.6067415730337,-27.95418189853534,2759
2410801,RN,Riacho de Santana,90.46833773087072,79.42664418212479,-11.041693548745926,3843
2410900,RN,Riachuelo,73.87677725118483,62.84311943283039,-11.033657818354442,6908
2411007,RN,Rodolfo Fernandes,85.64385150812065,79.02662005915569,-6.617231448964958,4641
2411106,RN,Ruy Barbosa,91.99014171287739,86.97949036668739,-5.010651346190002,4187
2411908,RN,São Francisco do Oeste,88.60922878347854,46.767169179229484,-41.84205960424906,4097
2411205,RN,Santa Cruz,67.80099401562025,60.52605751300422,-7.274936502616029,27655
2411429,RN,Santana do Seridó,80.47024952015354,62.80667320902846,-17.663576311125084,2634
2411403,RN,Santana do Matos,64.73511803908279,65.52953762034946,0.7944195812666663,11145
2411502,RN,Santo Antônio,81.40710674357331,61.16392970325555,-20.24317704031776,19111
2411601,RN,São Bento do Norte,88.91454965357968,85.75039494470774,-3.1641547088719477,4258
2411700,RN,São Bento do Trairí,87.58409785932722,81.61832061068702,-5.965777248640194,4458
2411809,RN,São Fernando,74.94065785011868,51.3567174056916,-23.583940444427085,3720
2412005,RN,São Gonçalo do Amarante,66.93024569330697,67.2612030820221,0.33095738871513447,77507
2412104,RN,São João do Sabugi,63.904627006610006,67.4074074074074,3.5027804007973984,5308
2412203,RN,São José de Mipibu,81.73361698577567,75.09897070467142,-6.634646281104253,35785
2412302,RN,São José do Campestre,86.55788655788656,80.36919159770846,-6.188694960178097,10539
2412401,RN,São José do Seridó,67.39312657166806,64.81947942905121,-2.5736471426168492,4515
2412500,RN,São Miguel,73.99815172645552,58.73358949727826,-15.264562229177258,19462
2412609,RN,São Paulo do Potengi,78.51493440029776,60.20100502512563,-18.31392937517213,14676
2412708,RN,São Pedro,87.44223427767731,75.43375394321767,-12.008480334459648,6473
2412807,RN,São Rafael,83.93289519197509,52.417524873450866,-31.515370318524226,7520
2412906,RN,São Tomé,81.64451827242524,76.86929223744292,-4.775226034982325,9586
2413003,RN,São Vicente,81.32759057512034,54.01017688393506,-27.31741369118528,5396
2413102,RN,Senador Elói de Souza,81.12404836542767,74.5317496573778,-6.592298708049867,5748
2413201,RN,Senador Georgino Avelino,85.0068306010929,84.74882544271775,-0.2580051583751555,3761
2413300,RN,Serra de São Bento,81.93771626297578,62.404902789518175,-19.532813473457608,6185
2413409,RN,Serra Negra do Norte,81.80084745762711,70.57308435286542,-11.227763104761692,6262
2413508,RN,Serrinha,82.71100739012057,81.03614923641987,-1.674858153700697,7068
2413607,RN,Severiano Melo,86.54060066740823,69.89910313901345,-16.64149752839478,6813
2413706,RN,Sítio Novo,76.52013687812583,80.21417644059153,3.6940395624657043,5161
2413805,RN,Taboleiro Grande,87.20735785953177,66.62017666201767,-20.5871811975141,2762
2413904,RN,Taipu,79.40199335548172,67.90961847141622,-11.492374884065498,10547
2414001,RN,Tangará,87.10501858736059,66.61727832231594,-20.48774026504465,12583
2414100,RN,Tenente Ananias,86.80323963792281,54.35913605549425,-32.44410358242857,8199
2414209,RN,Tibau do Sul,83.2793395339116,77.26144374937941,-6.017895784532186,13647
2414308,RN,Timbaúba dos Batistas,82.61480787253983,82.56637168141593,-0.04843619112389774,2747
2414407,RN,Touros,84.67350242849433,77.67253666835256,-7.000965760141767,28140
2414506,RN,Umarizal,78.46598691218992,53.5167745732784,-24.949212338911522,8841
2414605,RN,Upanema,84.40989708780381,79.41396642070367,-4.99593066710014,12260
2414704,RN,Várzea,92.47284667845416,84.720018136477,-7.752828541977166,5582
2410603,RN,Rafael Godeiro,89.82638888888889,19.398907103825138,-70.42748178506375,3667
2414803,RN,Vera Cruz,84.42622950819673,78.53854326525794,-5.887686242938784,11416
2414902,RN,Viçosa,91.60935350756533,76.72998643147896,-14.879367076086368,1958
2415008,RN,Vila Flor,94.12997903563941,94.78021978021978,0.6502407445803726,3253
2401453,RN,Baraúna,77.08978328173374,72.20336964934215,-4.886413632391594,22038
1100106,RO,Guajará-Mirim,89.53601715566819,84.70627631075392,-4.829740844914269,28924
1100205,RO,Porto Velho,84.89964630212864,88.94174169768763,4.042095395558988,367053
1100122,RO,Ji-Paraná,91.2200313359151,85.33922973578146,-5.880801600133637,97933
1100023,RO,Ariquemes,94.80264332916592,93.91504451486344,-0.8875988143024784,72511
1100049,RO,Cacoal,88.78741042574119,93.05179191633907,4.264381490597884,69972
1100189,RO,Pimenta Bueno,86.08659536912054,92.09344115004492,6.00684578092438,27485
1100304,RO,Vilhena,92.96791611728511,91.63509653370069,-1.332819583584424,71590
1100114,RO,Jaru,92.38260632682943,89.06508093822266,-3.317525388606768,41256
1100155,RO,Ouro Preto do Oeste,90.16257788161994,89.16574292736999,-0.9968349542499482,28281
1100254,RO,Presidente Médici,91.15531480330344,89.14401337204187,-2.011301431261572,15677
1100080,RO,Costa Marques,92.81696235395933,94.74842305999707,1.9314607060377398,9103
1100064,RO,Colorado do Oeste,91.16416692174268,90.51642200865983,-0.6477449130828461,13477
1100098,RO,Espigão D'Oeste,92.72984441301273,93.42538563752962,0.6955412245168873,23348
1100056,RO,Cerejeiras,91.0380728794529,91.02368608315544,-0.014386796297458204,13276
1100288,RO,Rolim de Moura,92.0670945778219,90.33799574453242,-1.729098833289484,41088
1100015,RO,Alta Floresta D'Oeste,89.77810112768279,91.45750770585646,1.6794065781736691,18187
1100346,RO,Alvorada D'Oeste,82.51399367242638,85.60029017047515,3.0862964980487675,11029
1100296,RO,Santa Luzia D'Oeste,89.9309189868118,88.33101805913871,-1.5999009276730902,6813
1100148,RO,Nova Brasilândia D'Oeste,90.9241891363814,92.35998085208233,1.4357917157009297,13407
1100130,RO,Machadinho D'Oeste,91.57758938444526,90.20892847140537,-1.3686609130398892,25006
1100320,RO,São Miguel do Guaporé,88.89760075270503,91.2818562190947,2.384255466389675,17090
1100338,RO,Nova Mamoré,91.88703273653458,94.77551570715923,2.8884829706246506,19454
1100031,RO,Cabixi,84.89553924336533,87.77955271565496,2.884013472289624,4949
1100809,RO,Candeias do Jamari,90.81670226084395,90.52539168017287,-0.2913105806710803,20465
1101104,RO,Itapuã do Oeste,92.9630449214428,94.21439628482972,1.2513513633869167,7204
1100502,RO,Novo Horizonte do Oeste,88.72166480862133,88.23214285714286,-0.48952195147846567,7035
1100908,RO,Castanheiras,91.21951219512195,92.60252970486776,1.3830175097458124,3409
1101807,RO,Vale do Paraíso,85.50236008091706,84.77395174513937,-0.7284083357776865,5538
1101708,RO,Urupá,85.226264418811,85.86597790213804,0.6397134833270428,9186
1101302,RO,Mirante da Serra,83.86105133722718,84.9250936329588,1.0640422957316247,8333
1101500,RO,Seringueiras,89.17624521072797,89.56487237137945,0.38862716065148106,9665
1101609,RO,Theobroma,86.23774298985033,91.19507608138143,4.957333091531098,7587
1101203,RO,Ministro Andreazza,77.882096069869,88.836912608973,10.954816539104002,6153
1101005,RO,Governador Jorge Teixeira,89.12274166511455,89.00467121810995,-0.11807044700459812,7202
1100601,RO,Cacaulândia,93.99865138233311,93.31997327989312,-0.6786781024399886,3901
1100403,RO,Alto Paraíso,91.04389086595492,92.74416546842164,1.7002746024667204,12087
1100262,RO,Rio Crespo,90.73842302878599,94.96153846153847,4.223115432752479,3508
1100072,RO,Corumbiara,82.78650646950092,85.52540013917884,2.738893669677921,5751
1101401,RO,Monte Negro,93.46090308370044,92.56916996047431,-0.8917331232261319,10191
1100700,RO,Campo Novo de Rondônia,86.67995650598043,90.92650644374783,4.246549937767398,7516
1100940,RO,Cujubim,94.6956302096489,95.22836538461539,0.5327351749664899,11176
1101757,RO,Vale do Anari,89.79978925184405,89.17032309533306,-0.6294661565109863,6627
1101450,RO,Parecis,90.58966074313409,93.43522056269538,2.845559819561288,3875
1101484,RO,São Felipe D'Oeste,88.50195136595617,88.93052752954742,0.42857616359124506,4530
1101476,RO,Primavera de Rondônia,93.78684807256236,94.61377870563675,0.8269306330743831,3046
1100379,RO,Alto Alegre dos Parecis,86.94896508137147,86.89779378658262,-0.05117129478884408,8837
1101435,RO,Nova União,75.87951807228916,78.97848191061716,3.098963838328004,5350
1101559,RO,Teixeirópolis,74.32253800396563,78.64838393731635,4.32584593335072,3927
1100452,RO,Buritis,91.11211807353703,92.65707797123392,1.5449598976968844,23317
1101468,RO,Pimenteiras do Oeste,87.05179282868527,94.49326303456357,7.4414702058783035,2285
1101492,RO,São Francisco do Guaporé,92.05822540939741,93.39038977108682,1.3321643616894079,12702
1100924,RO,Chupinguaia,87.8835562549174,89.38441013912713,1.5008538842097323,7696
1400233,RR,Caroebe,96.41519529159979,97.471300031027,1.0561047394272123,7649
1400100,RR,Boa Vista,94.48418786166062,91.10169941300725,-3.382488448653362,240595
1400282,RR,Iracema,98.10598428369937,97.97285977550679,-0.13312450819258004,7593
1400209,RR,Caracaraí,97.98109965635739,97.4331638510743,-0.5479358052830889,15259
1400027,RR,Amajari,93.36509617081349,93.1141922417822,-0.25090392903128134,7631
1400050,RR,Alto Alegre,93.69204226870822,91.88384885922987,-1.8081934094783492,13408
1400175,RR,Cantá,92.37444123060742,92.82266526757607,0.44822403696865365,17613
1400159,RR,Bonfim,83.5398027070429,87.23747980613894,3.6976770990960404,12329
1400472,RR,Rorainópolis,97.1387439265791,97.21263748113005,0.07389355455094915,23761
1400308,RR,Mucajaí,98.13962408899118,97.94491344759956,-0.19471064139162308,14383
1400704,RR,Uiramutã,59.62798937112489,64.73958996561824,5.111600594493346,9128
1400407,RR,Normandia,77.60247714538484,86.70212765957447,9.099650514189634,9685
1400456,RR,Pacaraima,82.57971014492753,87.37766624843162,4.797956103504092,9760
1400506,RR,São João da Baliza,96.81125439624853,97.93660923207828,1.1253548358297536,5727
4301552,RS,Áurea,80.55448594532153,81.17878192534381,0.624295980022282,3213
4321634,RS,Três Arroios,64.63603510583377,71.76411794102948,7.128082835195713,2549
4313359,RS,Nova Roma do Sul,73.48668280871671,83.09748427672956,9.610801468012852,3181
4315156,RS,Progresso,76.00561272217026,71.80005049229993,-4.205562229870324,4932
4314555,RS,Pirapó,72.19917012448133,77.96296296296296,5.763792838481635,2336
4310850,RS,Jaboticaba,54.30289364900413,58.543096872616324,4.240203223612191,3370
4318440,RS,São Jorge,55.82290664100096,94.83341380975374,39.010507168752774,2437
4300554,RS,Alto Alegre,60.17820424948595,61.580756013745706,1.402551764259755,1850
4313060,RS,Nova Hartz,67.44446357843981,76.62985393658711,9.185390358147302,14667
4306452,RS,Dois Lajeados,80.08130081300813,90.48013245033113,10.398831637323,3119
4318051,RS,São Domingos do Sul,68.59623733719248,78.11534500514934,9.51910766795686,2596
4322152,RS,Tunas,78.18853974121997,72.17726396917148,-6.011275772048492,3346
4318424,RS,São João da Urtiga,77.49695493300852,85.7950974230044,8.298142489995882,4198
4309258,RS,Guabiju,79.51914514692787,87.75510204081633,8.235956893888456,1395
4315354,RS,Quinze de Novembro,82.26790876967556,89.93630573248407,7.668396962808515,3825
4306734,RS,Doutor Maurício Cardoso,67.92109256449166,76.85518143184046,8.934088867348805,3822
4304689,RS,Capela de Santana,75.49050632911393,69.02684011197103,-6.463666217142901,8031
4311122,RS,Jaquirana,74.13793103448276,84.17018014564968,10.03224911116692,3757
4322558,RS,Vanini,62.96296296296296,89.58868894601542,26.62572598305246,2018
4302451,RS,Boqueirão do Leão,69.05222437137331,69.23990498812351,0.18768061675019965,5325
4307864,RS,Fagundes Varela,83.75812093953023,88.00823468862583,4.250113749095604,2439
4300059,RS,Água Santa,74.14837244511733,79.90850171559283,5.7601292704755025,3300
4320651,RS,Silveira Martins,66.64801343033017,72.88135593220339,6.233342501873224,2147
4309951,RS,Ibirapuitã,80.03539823008849,81.06325184322856,1.027853613140067,3410
4309753,RS,Ibarama,79.0665751544269,77.67238234221087,-1.3941928122160334,3655
4313953,RS,Pantano Grande,69.37841429204192,70.18102581293999,0.8026115208980684,8416
4310439,RS,Ipê,85.91135232926278,85.94036697247707,0.029014643214281932,5497
4321956,RS,Trindade do Sul,43.07348560079444,58.8317107093185,15.758225108524059,5878
4300109,RS,Agudo,63.325066768409,77.29533678756476,13.970270019155762,12534
4307054,RS,Ernestina,69.9700982486117,72.00174443959878,2.0316461909870753,2930
4300208,RS,Ajuricaba,60.321661237785015,68.14643383126446,7.8247725934794445,5799
4306353,RS,Dezesseis de Novembro,73.3201581027668,64.26652337452983,-9.053634728236972,2615
4300307,RS,Alecrim,59.47528187337381,66.42648052240486,6.951198649031049,5602
4302659,RS,Brochier,59.52818627450981,63.72739018087855,4.199203906368744,3961
4300406,RS,Alegrete,33.150744960560914,35.83367940199336,2.682934441432444,55756
4306973,RS,Erebango,67.10593005575267,80.20833333333333,13.102403277580663,2616
4300505,RS,Alpestre,66.91875540190146,75.33875338753387,8.419997985632406,6272
4306932,RS,Entre-Ijuís,70.3262558259969,74.73930240920532,4.413046583208427,7421
4300604,RS,Alvorada,58.03003076173362,62.18671300216648,4.156682240432858,135963
4313037,RS,Nova Esperança do Sul,64.38787185354691,59.60122699386503,-4.7866448596818785,4338
4300703,RS,Anta Gorda,86.63825520180497,94.13919413919415,7.500938937389179,4872
4314159,RS,Paverama,76.7762460233298,85.21351179094965,8.437265767619849,6036
4300802,RS,Antônio Prado,86.67659525718868,90.33078880407125,3.654193546882567,10710
4321436,RS,Terra de Areia,80.81695966907962,83.47464959335525,2.65768992427563,7779
4300901,RS,Aratiba,61.58927141713371,70.8184304649695,9.229159047835786,6202
4309555,RS,Harmonia,71.6390423572744,86.75979350136653,15.120751144092125,4102
4301008,RS,Arroio do Meio,83.0212513003418,82.97454490520433,-0.046706395137476875,17325
4304101,RS,Campos Borges,63.3469387755102,66.19537275064268,2.8484339751324725,3183
4301107,RS,Arroio dos Ratos,54.38388625592417,72.82857142857142,18.444685172647254,10248
4305157,RS,Cerro Grande,52.61641862698032,68.63169280692266,16.015274179942338,2482
4301206,RS,Arroio do Tigre,71.50954308849046,76.0296649450404,4.520121856549935,9941
4310462,RS,Ipiranga do Sul,89.66360856269114,93.69894982497082,4.035341262279687,2098
4301305,RS,Arroio Grande,58.12521983819909,53.01287722402438,-5.1123426141747075,14461
4311254,RS,Lagoão,76.01505781123959,69.71383147853736,-6.301226332702228,4895
4301404,RS,Arvorezinha,86.84700157435236,88.73938811468845,1.8923865403360907,8654
4307559,RS,Estação,81.80845371856608,84.7248322147651,2.916378496199016,4871
4301503,RS,Augusto Pestana,70.63327814569537,80.34519956850053,9.711921422805162,5869
4301057,RS,Arroio do Sal,77.55376344086021,76.23994147768836,-1.313821963171847,9495
4301602,RS,Bagé,53.673665601836056,65.253790761665,11.580125159828945,87800
4318481,RS,São José do Hortêncio,80.32290615539858,86.35618235487046,6.033276199471871,3728
4301701,RS,Barão de Cotegipe,68.54437869822485,79.62132536123568,11.07694666301083,5354
4314456,RS,Pinhal,66.73458991339785,72.2007722007722,5.466182287374352,2557
4301800,RS,Barracão,68.75764993880048,69.87629555332664,1.1186456145261587,4352
4321667,RS,Três Cachoeiras,82.69462884731442,86.9813589897775,4.286730142463085,8189
4301909,RS,Barra do Ribeiro,69.31952274813163,73.2992700729927,3.9797473248610657,10239
4319752,RS,São Vendelino,84.15841584158416,90.33915724563207,6.180741404047907,2409
4302006,RS,Barros Cassal,78.9829998495562,79.37363192456642,0.390632075010231,8271
4315172,RS,Protásio Alves,82.18729535036019,93.22368421052632,11.036388860166127,1939
4302105,RS,Bento Gonçalves,80.98662347454551,85.04089757509954,4.054274100554025,92061
4315131,RS,Pouso Novo,81.74545454545455,83.42498036135115,1.6795258158965964,1660
4302204,RS,Boa Vista do Buricá,77.07337351901892,81.93139611098974,4.858022591970823,5645
4307831,RS,Eugênio de Castro,69.97896950578338,74.67018469656992,4.6912151907865365,2554
4302303,RS,Bom Jesus,81.49520121232531,82.80423280423281,1.3090315919074982,8592
4306056,RS,Cristal,86.59773314774309,88.45188284518828,1.8541496974451945,6418
4302402,RS,Bom Retiro do Sul,74.30950178406238,85.5336505778382,11.224148793775825,9902
4319158,RS,São Miguel das Missões,59.72103004291846,66.62801484230056,6.906984799382101,5911
4302501,RS,Bossoroca,61.873250190888264,64.45497630331754,2.5817261124292727,5117
4309050,RS,Glorinha,85.22590963614554,85.32451426209177,0.09860462594622277,6780
4302600,RS,Braga,74.60317460317461,76.39296187683284,1.7897872736582343,2865
4320263,RS,Segredo,75.06139763340032,81.91793893129771,6.856541297897394,5695
4302709,RS,Butiá,57.40571219333577,62.462953500255495,5.057241306919721,14823
4300455,RS,Alegria,74.5782208588957,82.02521350142334,7.446992642527633,3209
4302808,RS,Caçapava do Sul,52.636088709677416,62.58741258741259,9.95132387773517,25010
4316436,RS,Saldanha Marinho,75.84497521406038,85.41973490427098,9.574759690210598,2529
4302907,RS,Cacequi,67.71058315334773,71.1134271321869,3.4028439788391722,8495
4318465,RS,São José do Herval,67.37726098191214,63.078930202217876,-4.298330779694268,2231
4303004,RS,Cachoeira do Sul,85.63496784793632,78.01569964231702,-7.619268205619306,64487
4323507,RS,Vista Alegre,58.81801125703565,71.37913989125062,12.561128634214967,2612
4303103,RS,Cachoeirinha,66.9990572676696,74.1580775342042,7.159020266534597,102519
4310751,RS,Ivorá,60.01386001386001,64.00304414003044,3.9891841261704286,1809
4303202,RS,Cacique Doble,68.27607551841535,74.4957264957265,6.219650977311147,3985
4323408,RS,Vila Maria,78.04878048780488,86.72566371681415,8.676883229009277,3675
4303301,RS,Caibaté,66.01679664067187,74.63863337713535,8.621836736463479,4013
4321329,RS,Taquaruçu do Sul,60.59688581314879,57.13024282560706,-3.466642987541725,2822
4303400,RS,Caiçara,57.25147845677274,65.49463647199046,8.243158015217723,4303
4310330,RS,Imbé,68.07034416431956,72.96701951906014,4.89667535474058,24070
4303509,RS,Camaquã,80.62468325731508,84.6536035281639,4.028920270848815,49751
4320230,RS,Sede Nova,64.72636815920399,74.72194135490395,9.995573195699961,2508
4303608,RS,Cambará do Sul,83.16339869281046,90.23292747485442,7.06952878204396,5136
4322251,RS,Tupandi,81.60458452722062,90.82994776552525,9.225363238304624,4296
4303707,RS,Campina das Missões,55.936552367623044,71.91404297851075,15.977490610887706,4989
4315750,RS,Riozinho,56.33406318423522,74.42613301942319,18.09206983518797,4370
4303806,RS,Campinas do Sul,82.71507498026835,90.83267664827949,8.117601668011133,4618
4315453,RS,Relvado,82.66666666666667,87.68203883495146,5.0153721682847845,2167
4303905,RS,Campo Bom,75.7893447642376,77.89632200923964,2.1069772450020423,51980
4310363,RS,Imigrante,88.84381338742394,88.74109263657957,-0.10272075084436949,2800
4304002,RS,Campo Novo,55.728155339805824,67.28030566168809,11.552150321882266,3967
4305454,RS,Cidreira,67.36322188449849,69.02887139107611,1.6656495065776227,12724
4304200,RS,Candelária,73.06561650673915,70.38877158117005,-2.6768449255690996,22407
4312351,RS,Montauri,77.52136752136752,85.54817275747509,8.026805236107563,1514
4304309,RS,Cândido Godói,71.16212338593974,84.48641765704583,13.324294271106098,5545
4323705,RS,Vista Gaúcha,77.02510658455708,81.45240431795878,4.427297733401701,2652
4304408,RS,Canela,73.75146694484287,78.70657636006118,4.955109415218303,34975
4323606,RS,Vista Alegre do Prata,89.31591083781706,93.5557240333586,4.239813195541544,1657
4304507,RS,Canguçu,80.44067074469704,83.56438197175834,3.1237112270612926,43549
4304952,RS,Caseiros,83.4873949579832,82.7024647887324,-0.7849301692507993,3182
4304606,RS,Canoas,62.44786925503313,64.73124813752243,2.283378882489295,252753
4310553,RS,Itacurubi,34.76058931860037,32.4390243902439,-2.321564928356466,2718
4304705,RS,Carazinho,84.25272787391161,79.25759553221842,-4.995132341693193,45685
4306957,RS,Entre Rios do Sul,60.230115057528764,60.18191005558363,-0.048205001945134995,2654
4304804,RS,Carlos Barbosa,78.62615728423965,83.30160744500846,4.675450160768804,23695
4305173,RS,Cerro Grande do Sul,72.88905029961867,84.55598455598455,11.666934256365877,7118
4304903,RS,Casca,75.265604249668,85.27408920667348,10.008484957005479,7526
4303558,RS,Camargo,75.60854446100348,83.31735378715244,7.708809326148966,2637
4305009,RS,Catuípe,43.96919042936742,61.354378818737274,17.38518838936985,7517
4314027,RS,Paraíso do Sul,60.673018447192376,75.10293049164447,14.429912044452095,5367
4305108,RS,Caxias do Sul,70.17053034702494,72.06809835542073,1.897568008395794,342426
4305207,RS,Cerro Largo,52.76797663949385,69.34203789042499,16.574061250931138,10195
4308052,RS,Faxinalzinho,55.07791509940892,78.7465940054496,23.668678906040675,2419
4305306,RS,Chapada,74.12904233713482,75.5173564753004,1.3883141381655832,7697
4300638,RS,Amaral Ferrador,65.20661157024793,72.79716144293317,7.590549872685244,4601
4305405,RS,Chiapetta,74.97314715359828,77.58433079434168,2.6111836407434055,3635
4323309,RS,Vila Flores,82.82527881040892,90.95920617420066,8.133927363791742,3442
4305504,RS,Ciríaco,58.45951283739302,79.03511883646684,20.575605999073815,3627
4305132,RS,Cerro Branco,69.42014901198574,56.01851851851852,-13.401630493467223,3490
4305603,RS,Colorado,86.28408628408629,90.67245119305856,4.388364908972278,2995
4300661,RS,André da Rocha,88.14814814814815,90.69124423963133,2.5430960914831786,1399
4305702,RS,Condor,71.46666666666667,80.13245033112582,8.665783664459155,6118
4314753,RS,Poço das Antas,79.9267846247712,79.63997517070143,-0.2868094540697683,2014
4305801,RS,Constantina,60.554771979313585,70.86691890113505,10.312146921821466,8077
4321857,RS,Três Palmeiras,54.853128991060025,58.20991629104958,3.3567872999895556,4078
4305900,RS,Coronel Bicaco,58.9694248449861,61.249401627573,2.2799767825868997,5810
4312757,RS,Nova Alvorada,90.1541095890411,95.13636363636364,4.982254047322542,2805
4306007,RS,Crissiumal,82.68435142370406,88.71775607312797,6.033404649423915,10489
4312450,RS,Morro Redondo,78.06086341118188,81.53846153846153,3.4775981272796486,5309
4306106,RS,Cruz Alta,78.25763003295602,80.7817887766623,2.5241587437062805,45722
4316956,RS,Santa Maria do Herval,71.36832239925023,83.60202671579917,12.233704316548938,5271
4306205,RS,Cruzeiro do Sul,74.78925184404636,76.8120085775554,2.0227567335090413,9328
4301651,RS,Barão,77.92715717428501,83.89686207735345,5.969704903068433,5073
4306304,RS,David Canabarro,69.4710794927312,79.91967871485944,10.448599222128237,4085
4306767,RS,Eldorado do Sul,53.941576630652264,68.22424863756542,14.28267200691316,26775
4306403,RS,Dois Irmãos,75.1334044823906,75.9191940174491,0.7857895350584982,24787
4306502,RS,Dom Feliciano,61.208187718422366,82.54077017952584,21.33258246110347,10375
4300570,RS,Alto Feliz,71.99265381083563,89.85828166519043,17.8656278543548,2870
4306601,RS,Dom Pedrito,68.79837643949405,81.38025642378516,12.581879984291106,29233
4300646,RS,Ametista do Sul,69.01526238762283,60.207612456747405,-8.80764993087542,6067
4306700,RS,Dona Francisca,73.74791318864774,79.65879265091864,5.910879462270898,3059
4300851,RS,Arambaré,70.38314176245211,43.924528301886795,-26.458613460565317,3684
4306809,RS,Encantado,80.18767973361587,84.5250215365338,4.337341802917933,16616
4301750,RS,Barão do Triunfo,72.86063569682152,91.0941475826972,18.233511885875686,4618
4306908,RS,Encruzilhada do Sul,57.182029107783166,63.70624795551194,6.5242188477287755,18702
4301859,RS,Barra do Guarita,54.62642256308758,46.663163426169206,-7.963259136918374,2600
4307005,RS,Erechim,71.5773419050118,78.96349768455461,7.386155779542804,79130
4301925,RS,Barra do Rio Azul,67.39427012278308,77.08609271523179,9.691822592448702,1751
4307104,RS,Herval,46.16580310880829,60.43285238623751,14.267049277429223,5214
4301958,RS,Barra Funda,57.930411206507,70.7020702070207,12.771659000513694,2716
4307203,RS,Erval Grande,60.38805970149254,71.22215532811559,10.834095626623053,4359
4302154,RS,Boa Vista das Missões,58.290488431876604,56.81818181818182,-1.4723066136947836,2075
4307302,RS,Erval Seco,55.799648506151144,53.97311954727659,-1.8265289588745546,5497
4302378,RS,Bom Progresso,82.26415094339623,85.0,2.7358490566037688,2604
4307401,RS,Esmeralda,63.15255955397871,60.757649344341914,-2.394910209636798,2884
4303673,RS,Campestre da Serra,88.68382710053424,91.6213768115942,2.937549711059958,2886
4307500,RS,Espumoso,75.84115805946792,72.12235887732577,-3.718799182142149,12400
4304358,RS,Candiota,53.067885117493475,58.741628480789565,5.67374336329609,8121
4307609,RS,Estância Velha,80.32172920530746,79.6605857983865,-0.6611434069209565,37229
4304697,RS,Capitão,85.00459981600736,86.56987295825772,1.565273142250362,2872
4307708,RS,Esteio,59.6466544730971,65.35334721157007,5.706692738472967,65833
4304853,RS,Carlos Gomes,53.88086642599278,71.42857142857143,17.547705002578653,1396
4307807,RS,Estrela,83.2300998208344,83.746079809668,0.5159799888336067,24675
4305116,RS,Centenário,63.0963096309631,70.35830618892508,7.261996557961986,2650
4307906,RS,Farroupilha,83.6516701366887,76.80802638301826,-6.843643753670435,57062
4305371,RS,Charrua,76.33399209486166,72.16024340770791,-4.173748687153747,2510
4308003,RS,Faxinal do Soturno,64.52651921838093,67.98569725864124,3.459178040260312,5638
4305587,RS,Colinas,78.27529021558873,87.10916072408118,8.833870508492453,2354
4308102,RS,Feliz,80.07884972170686,82.49224048741235,2.4133907657054863,11110
4305850,RS,Coqueiros do Sul,79.41478439425052,84.61538461538461,5.200600221134096,2451
4308201,RS,Flores da Cunha,85.56768121746096,85.8483791546984,0.2806979372374485,25103
4305871,RS,Coronel Barros,63.330258302583026,77.13107241063244,13.800814108049416,2668
4308300,RS,Fontoura Xavier,63.06035165531443,67.41630901287553,4.355957357561103,8245
4305975,RS,Coxilha,78.50425436632334,81.70947741364039,3.205223047317048,2867
4308409,RS,Formigueiro,71.58882783882784,70.60818996850013,-0.9806378703277119,5763
4306320,RS,Derrubadas,80.56807935076645,82.23523670082967,1.6671573500632206,2624
4308508,RS,Frederico Westphalen,79.37071809185485,77.01930921947239,-2.351408872382464,25048
4306429,RS,Dois Irmãos das Missões,67.08701134930644,76.06892150606254,8.9819101567561,2066
4308607,RS,Garibaldi,82.19031190265281,85.28538594139054,3.095074038737735,26403
4306924,RS,Engenho Velho,49.737118822292324,61.147902869757175,11.410784047464851,1179
4308706,RS,Gaurama,66.70863762276505,80.59071729957806,13.882079676813007,5195
4308656,RS,Garruchos,52.821555668530756,45.32736429770565,-7.4941913708251064,2516
4308805,RS,General Câmara,69.67663209273948,76.83527305282006,7.158640960080575,6173
4308854,RS,Gentil,67.32223903177004,79.19463087248322,11.872391840713178,1673
4319802,RS,São Vicente do Sul,61.903878270551125,61.86173565875184,-0.042142611799285135,6760
4309126,RS,Gramado dos Loureiros,61.58160403813797,79.69291728578504,18.111313247647075,2631
4308904,RS,Getúlio Vargas,81.65486089723848,84.31810923027787,2.663248333039391,12197
4309159,RS,Gramado Xavier,59.096509240246405,67.73218142548596,8.635672185239557,3049
4309001,RS,Giruá,67.05029013539652,74.86293576083584,7.812645625439316,12735
4309654,RS,Hulha Negra,48.369279326670174,58.9573732718894,10.588093945219228,4884
4309100,RS,Gramado,80.82404877023335,84.06584429376684,3.241795523533497,34790
4310413,RS,Inhacorá,79.11392405063292,83.79421221864952,4.680288168016602,2071
4309209,RS,Gravataí,76.95204869887152,75.48501695540843,-1.467031743463096,191980
4310579,RS,Itapuca,85.55030384875084,95.05535055350553,9.50504670475469,1824
4309308,RS,Guaíba,62.31977580294259,70.74186222558667,8.422086422644085,74475
4311429,RS,Lajeado do Bugre,60.46658259773014,68.94977168949772,8.483189091767585,2108
4309407,RS,Guaporé,77.96541475276952,86.58561434490254,8.62019959213302,18948
4311270,RS,Lagoa dos Três Cantos,86.79245283018868,87.36915561758549,0.5767027873968118,1717
4309506,RS,Guarani das Missões,66.49204110417087,76.6410537870472,10.149012682876332,5851
4311627,RS,Lindolfo Collor,69.57973838018368,76.09055770292656,6.510819322742876,4683
4309605,RS,Horizontina,73.4137475214805,84.1822125813449,10.768465059864397,14887
4311643,RS,Linha Nova,53.380782918149464,62.96928327645051,9.588500358301047,1511
4305355,RS,Charqueadas,57.5836820083682,65.04232441088996,7.458642402521761,24421
4311759,RS,Manoel Viana,41.97021764032073,45.67751335599806,3.7072957156773256,5536
4309704,RS,Humaitá,78.7570959067822,80.47210300429184,1.7150070975096412,4020
4311775,RS,Maquiné,63.555843594728884,64.55639768167633,1.0005540869474459,5922
4309803,RS,Ibiaçá,67.21156868909148,75.15170871925902,7.940140030167541,3988
4311791,RS,Maratá,82.39835306227484,88.19374369323916,5.79539063096432,2435
4309902,RS,Ibiraiaras,81.26740947075209,87.35822306238185,6.090813591629768,5419
4311981,RS,Mariana Pimentel,63.81294964028777,81.97492163009404,18.161971989806275,3608
4310009,RS,Ibirubá,77.86903775148821,85.01924557351809,7.150207822029884,16439
4312138,RS,Mato Castelhano,85.75256811076373,84.47127393838468,-1.2812941723790487,3019
4310108,RS,Igrejinha,46.43123717111401,78.49867245957036,32.067435288456345,26693
4312153,RS,Mato Leitão,72.10191082802548,81.72446110590441,9.62255027787893,4115
4310207,RS,Ijuí,56.58360176274134,62.17980914113511,5.596207378393771,63737
4312252,RS,Minas do Leão,75.37741866893472,83.79349046015713,8.416071791222407,6369
4310306,RS,Ilópolis,86.67808219178082,92.67504488330341,5.996962691522597,3634
4312385,RS,Monte Belo do Sul,89.51104100946372,93.5043442283823,3.9933032189185695,3034
4310405,RS,Independência,75.80246913580247,82.21554116558742,6.413072029784956,5501
4312427,RS,Mormaço,83.56353591160222,81.0760667903525,-2.487469121249717,2764
4310504,RS,Iraí,70.62047796535848,73.2939787485242,2.6735007831657214,5812
4312443,RS,Morrinhos do Sul,83.27485380116958,89.28571428571429,6.010860484544708,3216
4310603,RS,Itaqui,47.078332280480105,75.41237113402062,28.334038853540513,26152
4312476,RS,Morro Reuter,80.79031521242577,87.9963486992241,7.206033486798333,5415
4310702,RS,Itatiba do Sul,34.57464981209429,43.1266846361186,8.552034824024304,3342
4312625,RS,Muliterno,71.47201946472019,77.24836212030971,5.7763426555895165,2237
4310801,RS,Ivoti,77.90335434325871,81.37531668476294,3.4719623415042236,17002
4312674,RS,Nicolau Vergueiro,76.9994162288383,85.74573472757292,8.746318498734624,2406
4310900,RS,Jacutinga,71.59533073929961,80.96243140565639,9.367100666356777,2991
4312955,RS,Nova Boa Vista,77.28852838933952,71.64351851851852,-5.645009870820999,2028
4311007,RS,Jaguarão,54.22832980972516,50.0934020772622,-4.1349277324629625,20370
4313086,RS,Nova Pádua,91.48936170212765,92.23650385604113,0.7471421539134724,2410
4311106,RS,Jaguari,64.19680773173232,79.46527448188577,15.26846675015345,8702
4313375,RS,Nova Santa Rita,53.91079056088509,61.37959520859149,7.468804647706399,20466
4311205,RS,Júlio de Castilhos,54.55165359699966,66.35289774824659,11.801244151246934,14988
4313490,RS,Novo Barreiro,61.33986928104575,72.4743292480954,11.13445996704965,3794
4311304,RS,Lagoa Vermelha,79.8775618844823,67.7022518765638,-12.175310007918497,19900
4313425,RS,Novo Machado,67.70233985423859,78.62438220757825,10.922042353339663,3081
4311403,RS,Lajeado,79.7827779999579,82.73229742413181,2.949519424173914,64158
4313441,RS,Novo Tiradentes,62.408026755852845,74.93606138107417,12.528034625221323,1973
4311502,RS,Lavras do Sul,63.55836531948521,71.62620725659097,8.067841937105761,5420
4314035,RS,Pareci Novo,73.8800578034682,85.4619065145381,11.581848711069895,3442
4311601,RS,Liberato Salzano,56.24077899085276,68.08443604284814,11.843657051995379,4425
4314076,RS,Passo do Sobrado,67.84257259419246,77.43330930064889,9.590736706456426,5251
4311700,RS,Machadinho,78.70751802265706,83.90529396115988,5.197775938502829,4842
4314423,RS,Picada Café,75.25489115458804,84.9360755975542,9.681184442966156,4533
4311809,RS,Marau,79.11075505707991,89.59795529230395,10.487200235224037,31646
4314472,RS,Pinhal Grande,39.69740634005764,76.6704849179076,36.97307857784996,3602
4311908,RS,Marcelino Ramos,67.53246753246754,76.30114566284779,8.768678130380252,3896
4314498,RS,Pinheirinho do Vale,77.71026543012472,71.01497504159734,-6.695290388527383,3806
4312005,RS,Mariano Moro,65.70915619389586,63.23706377858002,-2.472092415315842,2211
4314779,RS,Pontão,49.27745664739884,62.391304347826086,13.113847700427243,3373
4312104,RS,Mata,57.11375212224109,79.39929328621908,22.28554116397799,4013
4314787,RS,Ponte Preta,78.33001988071571,85.37371134020619,7.043691459490475,1828
4312203,RS,Maximiliano de Almeida,76.72692059393157,84.09630383180739,7.369383237875823,3954
4315057,RS,Porto Mauá,71.90580503833516,79.39497716894977,7.489172130614605,2251
4312302,RS,Miraguaí,56.28847845206684,65.88511137162955,9.596632919562708,4473
4315073,RS,Porto Vera Cruz,59.97099347353154,66.32578524470416,6.354791771172621,1761
4312401,RS,Montenegro,68.24431441501167,70.42364174774883,2.1793273327371594,47576
4315149,RS,Presidente Lucena,78.50897376898297,83.00683371298406,4.4978599440010925,2670
4312500,RS,Mostardas,71.17283950617283,77.97976604489409,6.806926538721257,9243
4315321,RS,Quevedos,71.83342972816656,80.33099936346277,8.497569635296202,2385
4312609,RS,Muçum,87.01100244498778,91.26826029216467,4.257257847176888,3973
4315552,RS,Rio dos Índios,56.36531365313653,71.99201198202697,15.626698328890434,2854
4312658,RS,Não-Me-Toque,81.05293059369377,85.91469194312796,4.86176134943419,13469
4316428,RS,Sagrada Família,50.488069414316705,58.98169336384439,8.493623949527688,2272
4312708,RS,Nonoai,59.78095106058505,68.49235251274581,8.711401452160757,9662
4316477,RS,Salvador das Missões,63.94101876675603,78.71956717763751,14.778548410881484,2746
4312807,RS,Nova Araçá,88.33386025924754,90.90053341700659,2.566673157759041,4136
4316758,RS,Santa Clara do Sul,84.81864040355512,85.06991429860172,0.2512738950465945,5711
4312906,RS,Nova Bassano,87.8061224489796,92.27719358731254,4.471071138332945,7205
4317251,RS,Santa Tereza,87.95669824086603,91.97132616487455,4.014627924008522,1750
4313003,RS,Nova Bréscia,72.10433244916004,84.6806610093792,12.576328560219153,2805
4317558,RS,Santo Antônio do Palma,52.706907280647165,76.10138805069403,23.39448077004686,2077
4313102,RS,Nova Palma,59.294117647058826,77.68823973810123,18.394122091042405,5060
4317756,RS,Santo Antônio do Planalto,86.43101482326112,79.04814004376368,-7.382874779497442,2163
4313201,RS,Nova Petrópolis,67.98271752085816,83.96854633040522,15.985828809547058,18126
4317954,RS,Santo Expedito do Sul,73.47391786903441,76.82926829268293,3.3553504236485168,2242
4313300,RS,Nova Prata,84.91838661810333,88.36206896551724,3.4436823474139118,18975
4318432,RS,São João do Polêsine,72.3152709359606,75.37275064267352,3.0574797067129253,2578
4313409,RS,Novo Hamburgo,75.87202398622573,73.95910421828245,-1.9129197679432792,174148
4318622,RS,São José dos Ausentes,72.38772787905737,79.94062765055132,7.552899771493955,3387
4313508,RS,Osório,63.62640172407495,69.26571343461424,5.639311710539289,37246
4318499,RS,São José do Inhacorá,74.40254912373871,80.60671722643553,6.204168102696826,2244
4313607,RS,Paim Filho,53.403307888040715,57.35191637630662,3.9486084882659043,3753
4318457,RS,São José das Missões,56.294667399670146,59.9562363238512,3.6615689241810543,2443
4313706,RS,Palmeira das Missões,53.40522431031775,60.72451001981943,7.319285709501678,24062
4319125,RS,São Martinho da Serra,71.56316916488223,75.14198339886413,3.578814233981902,3157
4313805,RS,Palmitinho,64.04649330181245,63.77160358783636,-0.2748897139760871,5953
4319356,RS,São Pedro da Serra,86.26160990712074,86.84824902723736,0.5866391201166152,3188
4313904,RS,Panambi,76.62196884535089,82.03179273425688,5.40982388890599,32201
4319372,RS,São Pedro do Butiá,48.47934634589197,71.06280193236715,22.583455586475182,2665
4314001,RS,Paraí,82.14136344625679,89.55223880597015,7.4108753597133585,5977
4319711,RS,São Valentim do Sul,74.07205240174673,87.43394010569583,13.361887703949094,2224
4314100,RS,Passo Fundo,80.10323504751258,76.17993702204228,-3.9232980254703023,149612
4319737,RS,São Valério do Sul,63.88405797101449,68.97491821155943,5.090860240544934,2348
4314209,RS,Pedro Osório,46.67697063369397,56.72259751579865,10.045626882104678,6862
4320354,RS,Sentinela do Sul,72.11294416243655,79.11269430051813,6.9997501380815805,4237
4314308,RS,Pejuçara,74.52456418383518,80.22434565849605,5.699781474660867,3096
4320453,RS,Sério,60.24464831804281,83.73570520965693,23.491056891614114,2072
4314407,RS,Pelotas,59.670242836611635,62.96584963293657,3.2956067963249325,243916
4320552,RS,Sertão Santana,80.46688899475942,83.08568598315998,2.618796988400561,5324
4314506,RS,Pinheiro Machado,59.287749287749286,62.39359038557837,3.105841097829085,9524
4320677,RS,Sinimbu,62.10796915167095,75.81541882876205,13.707449677091098,6825
4314605,RS,Piratini,57.70082366486582,61.82594211950864,4.125118454642816,14591
4321477,RS,Tiradentes do Sul,62.058152793614596,66.16651956457781,4.108366770963215,4724
4314704,RS,Planalto,63.95447596398845,72.03703703703704,8.082561073048588,7977
4321626,RS,Travesseiro,70.0060350030175,75.61576354679804,5.609728543780534,1983
4314803,RS,Portão,68.15509376583883,73.27801712674858,5.122923360909752,25742
4321832,RS,Três Forquilhas,80.66322136089578,85.40583766493403,4.7426163040382505,3297
4314902,RS,Porto Alegre,50.41806309379047,54.11296380157983,3.6949007077893583,1062047
4322186,RS,Tupanci do Sul,77.89473684210526,75.52182163187855,-2.372915210226708,1474
4315008,RS,Porto Lucena,58.205619412515965,64.58260565840028,6.376986245884318,3887
4322350,RS,União da Serra,80.49560351718625,92.01331114808653,11.517707630900276,1523
4315107,RS,Porto Xavier,71.17258723671802,80.68365043534344,9.511063198625422,7966
4322533,RS,Vale do Sol,62.72575504628927,70.38754554488241,7.661790498593142,8086
4315206,RS,Putinga,87.96102992345163,95.0783813343055,7.117351410853871,3807
4322541,RS,Vale Real,73.52467811158799,85.09976677895828,11.575088667370295,4872
4315305,RS,Quaraí,61.25883799569628,70.7989936670426,9.540155671346312,17670
4323457,RS,Vila Nova do Sul,59.40629470672389,66.6920731707317,7.285778464007812,3746
4315404,RS,Redentora,59.65258586656139,65.25220176140913,5.599615894847737,6768
4323754,RS,Vitória das Missões,59.052823315118395,58.20493066255778,-0.847892652560617,3443
4315503,RS,Restinga Sêca,72.21711131554738,72.4348987313599,0.21778741581250927,12277
4323804,RS,Xangri-lá,75.45107195924432,77.22011213601013,1.769040176765813,14765
4315602,RS,Rio Grande,43.36318686444631,41.81023128391549,-1.5529555805308206,149771
4302253,RS,Boa Vista do Sul,86.89619732785201,94.4949494949495,7.598752167097487,2527
4315701,RS,Rio Pardo,71.36189287859882,80.30419419265633,8.942301314057502,28673
4306379,RS,Dilermando de Aguiar,60.7112616426757,66.04400166044002,5.332740017764316,3281
4315800,RS,Roca Sales,81.46756005883314,88.09482001755926,6.627259958726114,7666
4304671,RS,Capivari do Sul,55.55555555555556,79.51765117091927,23.962095615363708,3711
4315909,RS,Rodeio Bonito,62.94981060606061,68.8407522018567,5.890941595796093,5375
4313011,RS,Nova Candelária,68.53828306264501,80.9589672660212,12.420684203376197,2588
4316006,RS,Rolante,61.35153899560287,76.61592412528891,15.26438512968604,16313
4308250,RS,Floriano Peixoto,72.54768392370572,81.11432706222865,8.566643138522934,1811
4316105,RS,Ronda Alta,48.8152444076222,54.303950319130585,5.488705911508383,7415
4305447,RS,Chuvisca,80.4483541430193,90.98478323284525,10.536429089825944,4354
4316204,RS,Rondinha,56.679636835278856,61.421879305593826,4.74224247031497,4481
4307450,RS,Esperança do Sul,67.61363636363636,77.66203703703704,10.048400673400678,3315
4316303,RS,Roque Gonzales,68.10154525386314,78.24327541061652,10.141730156753383,5416
4306759,RS,Doutor Ricardo,75.59055118110236,83.80645161290323,8.215900431800875,2080
4316402,RS,Rosário do Sul,54.27736570015734,58.98716818493486,4.709802484777519,31275
4309571,RS,Herveiras,64.3573817486861,75.78789394697348,11.430512198287389,2629
4316501,RS,Salvador do Sul,82.53583241455347,86.58786087747215,4.052028462918685,5640
4304713,RS,Caraá,80.05510809665113,87.12955122777308,7.074443131121953,6518
4316600,RS,Sananduva,76.55072463768116,79.4621273166801,2.9114026789989396,13017
4308078,RS,Fazenda Vilanova,63.850110213078615,69.98242530755712,6.132315094478507,3798
4316709,RS,Santa Bárbara do Sul,68.92488954344624,67.6613059484596,-1.2635835949866419,6723
4310538,RS,Itaara,59.19095776323617,63.39831248181554,4.207354718579367,4530
4316808,RS,Santa Cruz do Sul,68.50760739856801,70.29592261285624,1.7883152142882324,105166
4307815,RS,Estrela Velha,79.26421404682274,85.42600896860986,6.16179492178712,2953
4316907,RS,Santa Maria,51.847556247678746,54.373474793684345,2.525918546005599,206547
4302055,RS,Benjamin Constant do Sul,33.51681957186544,58.95003162555345,25.43321205368801,2125
4317004,RS,Santana da Boa Vista,75.2761704366123,76.76203768318213,1.4858672465698248,6598
4311718,RS,Maçambará,68.56073494385845,74.0,5.439265056141551,3970
4317103,RS,Sant'Ana do Livramento,50.53052310608402,58.325963919349135,7.795440813265117,72216
4306551,RS,Dom Pedro de Alcântara,80.89017900338655,87.06375058166589,6.173571578279336,2646
4317202,RS,Santa Rosa,69.12261580381471,80.63485016648168,11.512234362666973,57973
4322376,RS,Unistalda,74.40389294403893,79.93811242908716,5.534219485048226,2687
4317301,RS,Santa Vitória do Palmar,50.02054111156758,57.57575757575758,7.555216464189996,23323
4322327,RS,Turuçu,79.67693463561233,84.31001890359168,4.633084267979356,3449
4317400,RS,Santiago,77.07627553639257,78.07000728443813,0.9937317480455619,39883
4306072,RS,Cristal do Sul,65.6507014997581,68.75298614429049,3.1022846445323893,2662
4317509,RS,Santo Ângelo,61.78352559480894,62.782549453758,0.9990238589490588,58896
4312617,RS,Muitos Capões,85.17971442639094,87.12632594021215,1.9466115138212103,2854
4317608,RS,Santo Antônio da Patrulha,69.17020487241848,75.98872433524066,6.818519462822181,33691
4313334,RS,Nova Ramada,58.83748517200475,65.53808948004837,6.700604308043623,2039
4317707,RS,Santo Antônio das Missões,51.03427449796165,61.22654155495979,10.19226705699814,8347
4311130,RS,Jari,67.44741873804972,87.20452209660843,19.75710335855871,2794
4317806,RS,Santo Augusto,49.19053549190536,53.01063954168128,3.820104049775921,11312
4322343,RS,Ubiretama,57.142857142857146,71.32911392405063,14.186256781193485,1894
4317905,RS,Santo Cristo,61.85798484423239,67.85818642251876,6.000201578286365,12562
4301875,RS,Barra do Quaraí,39.72922502334267,59.30181175430844,19.572586730965767,3355
4318002,RS,São Borja,62.0485597424071,59.02519098427931,-3.0233687581277877,46604
4305124,RS,Cerrito,69.64504283965728,73.834628190899,4.189585351241718,5309
4318101,RS,São Francisco de Assis,66.37745827136011,66.5871121718377,0.20965390047759058,14252
4322525,RS,Vale Verde,72.27439771335239,76.51547265790589,4.241074944553503,3292
4318200,RS,São Francisco de Paula,51.42186277067571,61.59381663113006,10.171953860454352,16421
4313391,RS,Novo Cabrais,68.91054030115146,64.31344864101659,-4.597091660134865,3764
4318309,RS,São Gabriel,71.44787348380163,63.410734401686106,-8.037139082115523,43889
4320578,RS,Sete de Setembro,47.945205479452056,63.6764705882353,15.73126510878324,1804
4318408,RS,São Jerônimo,69.85753561609597,74.59883618409451,4.741300567998536,15910
4320859,RS,Tabaí,69.00473933649289,56.81375730045425,-12.19098203603864,4093
4318507,RS,São José do Norte,54.849713586921546,61.41119221411192,6.561478627190375,20679
4323358,RS,Vila Lângaro,84.30071862907684,86.38713383113154,2.0864152020546953,2175
4318606,RS,São José do Ouro,81.43872113676731,81.77818939569345,0.3394682589261322,5762
4320321,RS,Senador Salgado Filho,71.25984251968504,80.42704626334519,9.167203743660153,2669
4318705,RS,São Leopoldo,57.110345222794365,64.81671895735013,7.706373734555768,162606
4322855,RS,Vespasiano Corrêa,85.43584190579318,95.4384186517993,10.002576746006113,2485
4318804,RS,São Lourenço do Sul,61.462228870605834,71.17649391331932,9.714265042713485,35085
4312377,RS,Monte Alegre dos Campos,77.37576285963382,83.83284086112283,6.457078001489009,3352
4318903,RS,São Luiz Gonzaga,60.29817216379046,69.43830163644405,9.14012947265359,26266
4312054,RS,Marques de Souza,85.64680232558139,84.74001507159005,-0.9067872539913395,3511
4319000,RS,São Marcos,83.86058560326556,87.20349563046192,3.3429100271963534,16687
4305439,RS,Chuí,50.89916506101477,56.25,5.35083493898523,4888
4319109,RS,São Martinho,65.31234128999492,78.85124404446798,13.538902754473057,4808
4300877,RS,Araricá,78.03738317757009,80.52503052503053,2.487647347460438,6414
4319208,RS,São Nicolau,66.99177080158488,70.622009569378,3.6302387677931165,4337
4314068,RS,Passa Sete,67.27929110600591,77.33851041298976,10.059219306983849,3747
4319307,RS,São Paulo das Missões,64.76802939825448,74.1270611057226,9.35903170746812,5214
4321493,RS,Toropi,74.18893129770993,85.58252427184466,11.393592974134734,2745
4319406,RS,São Pedro do Sul,61.46616541353384,69.70042146030299,8.234256046769154,12686
4301636,RS,Balneário Pinhal,55.49707602339181,70.69571328179902,15.198637258407203,11040
4319505,RS,São Sebastião do Caí,76.32803841891392,77.23155531470155,0.9035168957876323,17536
4311734,RS,Mampituba,75.88682432432432,85.55729984301414,9.670475518689813,3155
4319604,RS,São Sepé,52.794889345197355,62.416555407209614,9.62166606201226,17079
4319703,RS,São Valentim,65.16898608349901,84.31618569636136,19.14719961286235,3073
4300034,RS,Aceguá,76.6497461928934,83.30281948004394,6.653073287150534,3982
4319901,RS,Sapiranga,70.65837113487869,73.77961312758096,3.1212419927022665,61250
4300471,RS,Almirante Tamandaré do Sul,76.75411836485662,77.48427672955975,0.7301583647031293,1979
4320008,RS,Sapucaia do Sul,62.34043116690503,63.89203667456475,1.5516055076597226,102391
4301073,RS,Arroio do Padre,91.005291005291,94.90662139219015,3.901330386899147,2775
4320107,RS,Sarandi,61.69316081330869,69.97555374472184,8.282392931413149,17129
4302220,RS,Boa Vista do Cadeado,81.27608825283244,88.72704243191893,7.450954179086494,2067
4320206,RS,Seberi,73.3913753230853,81.58076551057067,8.189390187485373,9356
4302238,RS,Boa Vista do Incra,82.09366391184572,84.07821229050279,1.9845483786570668,2195
4320305,RS,Selbach,87.04209950792783,91.81403308613805,4.7719335782102235,4334
4302584,RS,Bozano,72.29458917835672,77.70970782280867,5.415118644451951,2625
4320404,RS,Serafina Corrêa,85.18067397482744,90.0372345778404,4.856560603012952,12678
4304614,RS,Canudos do Vale,59.97442455242967,85.35512256442489,25.38069801199522,1944
4320503,RS,Sertão,85.55365436323638,86.02284011916583,0.469185755929459,5015
4304622,RS,Capão Bonito do Sul,58.69432580841977,46.80462568472307,-11.889700123696699,2112
4320602,RS,Severiano de Almeida,68.06321205439177,75.99102468212416,7.9278126277323935,3414
4304655,RS,Capão do Cipó,67.34693877551021,56.16502578527895,-11.181912990231261,3105
4304630,RS,Capão da Canoa,68.34354615536667,75.4340413551475,7.0904951997808325,46049
4305835,RS,Coqueiro Baixo,87.32394366197182,96.12109744560075,8.797153783628929,1351
4320701,RS,Sobradinho,70.104772991851,70.47449433914261,0.3697213472916161,10579
4305934,RS,Coronel Pilar,78.24109173616377,75.42901716068643,-2.8120745754773395,1569
4320800,RS,Soledade,75.40529625569722,74.31808386183117,-1.0872123938660536,21730
4306130,RS,Cruzaltense,74.04948702474351,89.56466069142125,15.51517366667774,1928
4320909,RS,Tapejara,76.12698880377135,83.6245188036719,7.49752999990055,17489
4308433,RS,Forquetinha,89.49294302143231,92.3481587757054,2.8552157542730896,2588
4321006,RS,Tapera,76.35911773842808,75.52297809257124,-0.8361396458568464,7887
4316733,RS,Santa Cecília do Sul,71.8235681369322,86.08414239482201,14.260574257889814,1940
4310652,RS,Itati,74.19354838709677,81.21123677489967,7.017688387802906,3450
4321105,RS,Tapes,58.66496992133272,67.60919263626519,8.944222714932472,11792
4310876,RS,Jacuizinho,64.00719856028795,64.797507788162,0.7903092278740473,2056
4321204,RS,Taquara,61.69331535349644,76.36614318862024,14.672827835123805,41561
4311239,RS,Lagoa Bonita do Sul,58.286300667008724,66.74405107370865,8.457750406699923,2310
4321303,RS,Taquari,69.22211188348228,72.02970297029702,2.807591086814739,19310
4312179,RS,Mato Queimado,76.25189681335357,85.062893081761,8.810996268407436,1617
4321402,RS,Tenente Portela,65.03008423586041,63.41041177197972,-1.619672463880697,10706
4313466,RS,Novo Xingu,43.89671361502347,53.535353535353536,9.638639920330064,1591
4321501,RS,Torres,71.17529437902688,74.8226187916577,3.647324412630823,33260
4314134,RS,Paulo Bento,72.30320699708454,88.67924528301887,16.376038285934328,2280
4321600,RS,Tramandaí,63.13890087474993,72.4953963092113,9.356495434461372,39076
4314464,RS,Pinhal da Serra,63.440265486725664,61.968800430338895,-1.4714650563867693,2584
4321709,RS,Três Coroas,58.6098981077147,84.71077448578005,26.10087637806535,17414
4315313,RS,Quatro Irmãos,81.69319826338639,86.70649738610904,5.013299122722643,1733
4321808,RS,Três de Maio,72.74529914529914,77.98368137187111,5.2383822265719715,18415
4315958,RS,Rolador,72.87149656266526,80.47210300429184,7.6006064416265815,2396
4321907,RS,Três Passos,66.86775896346062,71.53439929587795,4.66664033241733,18437
4322004,RS,Triunfo,73.18098720292505,71.21702915316983,-1.9639580497552203,21936
4316972,RS,Santa Margarida do Sul,51.27610208816705,47.01737905119774,-4.258723036969307,2829
4322103,RS,Tucunduva,74.43293885601578,75.56773688332028,1.1347980273044982,4755
4318614,RS,São José do Sul,79.3103448275862,85.41793776693106,6.107592939344855,2065
4322202,RS,Tupanciretã,63.685064935064936,72.41409847679773,8.729033541732797,15943
4319364,RS,São Pedro das Missões,54.78395061728395,46.8,-7.983950617283952,1650
4322301,RS,Tuparendi,72.66149870801034,81.6793893129771,9.017890604966752,7111
4321469,RS,Tio Hugo,71.79365830572645,66.40516843562528,-5.388489870101168,2707
4322400,RS,Uruguaiana,71.5752110514198,75.15069594125598,3.5754848898361757,84487
4323770,RS,Westfália,83.03655107778819,87.11009174311927,4.07354066533108,2689
4322509,RS,Vacaria,78.2867613376088,74.65622494912746,-3.6305363884813318,47382
4314548,RS,Pinto Bandeira,88.35341365461848,93.7658388241257,5.412425169507216,2438
4322608,RS,Venâncio Aires,57.571039314908525,80.04584792911601,22.474808614207483,53327
4314175,RS,Pedras Altas,48.97172236503856,53.127196064652146,4.155473699613587,1976
4322707,RS,Vera Cruz,67.79996172737131,74.64295160010579,6.842989872734478,19445
4322806,RS,Veranópolis,88.79221757895458,90.85467706013362,2.0624594811790473,18621
4322905,RS,Viadutos,75.70621468926554,87.788881948782,12.08266725951647,4028
4323002,RS,Viamão,56.67587203126992,64.08970828992409,7.413836258654172,161588
4323101,RS,Vicente Dutra,68.4106614017769,74.71671388101983,6.306052479242922,3837
4313656,RS,Palmares do Sul,45.61780700644998,71.71717171717172,26.099364710721744,10968
4323200,RS,Victor Graeff,75.09803921568627,84.05725567620928,8.95921646052301,2531
4321352,RS,Tavares,73.15455594002307,78.82244143033292,5.667885490309843,4533
4304663,RS,Capão do Leão,60.924649922204935,70.1303770786166,9.205727156411669,18455
4316451,RS,Salto do Jacuí,65.86679725759059,63.07423580786026,-2.7925614497303286,7867
4305959,RS,Cotiporã,83.82849426063471,85.24470416362308,1.4162099029883706,3488
4321451,RS,Teutônia,79.3359787030991,79.23610392298934,-0.09987478010975792,25631
4302352,RS,Bom Princípio,81.07557791352258,88.59107330148001,7.515495387957429,10683
4314050,RS,Parobé,57.753475811022575,71.78486596538853,14.031390154365958,39009
4308458,RS,Fortaleza dos Valos,81.32624335314357,86.06638186000657,4.740138506863005,3686
4311155,RS,Jóia,61.14601180277936,55.32139093782929,-5.82462086495007,6196
4211058,SC,Monte Carlo,75.13420245398773,77.44313395113733,2.308931497149601,6989
4200101,SC,Abelardo Luz,69.80576167612396,68.50284123854807,-1.3029204375758923,12625
4207650,SC,Iporã do Oeste,85.01833420639078,84.18774966711052,-0.8305845392802524,7715
4200200,SC,Agrolândia,91.10047846889952,91.23512134796722,0.13464287906769812,8211
4209854,SC,Lindóia do Sul,72.2466960352423,79.94279585269932,7.696099817457025,3810
4200309,SC,Agronômica,92.50213007668276,92.28362877997914,-0.2185012967036215,4554
4201257,SC,Apiúna,87.46602717825739,88.77691250572606,1.310885327468668,8375
4200408,SC,Água Doce,78.28869400331833,83.251953125,4.9632591216816735,5464
4205159,SC,Doutor Pedrinho,93.56579493565795,89.019772822886,-4.546022112771951,3081
4200507,SC,Águas de Chapecó,57.403375068045726,70.30182232346242,12.898447255416691,4732
4209151,SC,José Boiteux,76.44764476447645,75.29982866933182,-1.1478160951446341,4538
4200606,SC,Águas Mornas,85.5933996192088,88.2112236944661,2.617824075257303,6493
4219358,SC,Vitor Meireles,81.87050359712231,83.8272650296359,1.9567614325135878,4377
4200705,SC,Alfredo Wagner,80.41492491097694,89.04211150652432,8.627186595547386,8139
4218855,SC,União do Oeste,82.26359627633514,83.33333333333333,1.0697370569981928,2463
4200804,SC,Anchieta,58.60645161290323,68.03022407503909,9.423772462135858,4991
4218954,SC,Urupema,46.35553224960671,91.02362204724409,44.66808979763738,2525
4200903,SC,Angelina,71.72995780590718,81.03700097370984,9.30704316780266,5017
4207759,SC,Iraceminha,88.544474393531,90.69767441860465,2.1532000250736445,3717
4201000,SC,Anita Garibaldi,40.4700222057735,76.37297510865271,35.90295290287921,6942
4218251,SC,Timbó Grande,56.39866793529971,68.4645286686103,12.065860733310586,5898
4201109,SC,Anitápolis,89.36425429828068,81.08211818879509,-8.282136109485592,3343
4200051,SC,Abdon Batista,65.32882011605416,85.4914933837429,20.162673267688746,2681
4201208,SC,Antônio Carlos,89.62777696042372,89.25921104022913,-0.3685659201945839,9356
4215653,SC,Santa Rosa do Sul,82.64363885088919,89.8598516075845,7.216212756695313,7760
4201307,SC,Araquari,82.0754716981132,81.57635467980296,-0.499117018310244,28342
4204152,SC,Celso Ramos,74.84029484029485,87.62352941176471,12.783234571469862,2766
4201406,SC,Araranguá,76.61611928166832,83.38448049101271,6.768361209344391,55062
4217550,SC,Serra Alta,79.04427882507672,84.96760259179266,5.923323766715939,2818
4201505,SC,Armazém,88.20824135393671,93.09060118543607,4.8823598314993575,7195
4204251,SC,Cocal do Sul,86.4446974008727,83.98272376401397,-2.4619736368587297,14810
4201604,SC,Arroio Trinta,84.59715639810426,92.88888888888889,8.291732490784625,3124
4211454,SC,Nova Itaberaba,64.33566433566433,72.1515057435579,7.815841407893572,3921
4201703,SC,Ascurra,89.46700507614213,89.1304347826087,-0.33657029353342693,6550
4215679,SC,Santa Terezinha,82.78949462793474,86.24869383490073,3.459199206965991,6527
4201802,SC,Atalanta,94.1999177293295,93.13844904587901,-1.0614686834504852,2919
4210852,SC,Mirim Doce,91.24203821656052,90.20032485110991,-1.0417133654506046,2265
4201901,SC,Aurora,91.47470909522679,91.74568965517241,0.2709805599456274,5541
4204178,SC,Cerro Negro,29.98833138856476,81.50851581508516,51.5201844265204,3206
4202008,SC,Balneário Camboriú,82.20382551839597,81.73027349889972,-0.47355201949625325,109363
4212254,SC,Passo de Torres,84.73435225618631,85.9896219421794,1.2552696859930847,9127
4202107,SC,Barra Velha,85.65493111742839,83.68814592560842,-1.966785191819966,29651
4202859,SC,Braço do Trombudo,91.98755348113575,93.44624447717231,1.458690996036566,3307
4202206,SC,Benedito Novo,93.08064516129032,90.91616114481256,-2.1644840164777577,8293
4217758,SC,Sul Brasil,74.4927536231884,77.1072319201995,2.6144782970110896,2414
4202305,SC,Biguaçu,77.4826669446906,80.49902458996652,3.0163576452759173,57678
4219150,SC,Vargem,58.841158841158844,86.97582634435126,28.134667503192418,2628
4202404,SC,Blumenau,79.73702830788966,78.94556899655093,-0.7914593113387269,268225
4201273,SC,Arabutã,78.44653665097512,84.5017290160327,6.055192365057579,3907
4202602,SC,Bom Retiro,60.49013747758518,86.35721493440968,25.867077456824504,6587
4200556,SC,Águas Frias,79.01933050447902,82.65162200282087,3.632291498341857,2566
4202701,SC,Botuverá,90.5972797161443,90.69767441860465,0.1003947024603491,4908
4206652,SC,Guatambú,55.682539682539684,65.68035007293186,9.997810390392175,6236
4202800,SC,Braço do Norte,89.94300518134715,90.77321642088481,0.8302112395376611,25562
4213153,SC,Planalto Alegre,60.40475142982842,72.2663139329806,11.861562503152172,2907
4202909,SC,Brusque,83.87889837297313,85.5745343613639,1.6956359883907766,101298
4215075,SC,Riqueza,82.36775818639798,79.71344838814719,-2.654309798250793,3992
4203006,SC,Caçador,85.98079632625372,82.28787339484708,-3.692922931406642,53291
4209458,SC,Lajeado Grande,82.44213886671987,81.82533438237608,-0.6168044843437883,1593
4203105,SC,Caibi,83.14805457301668,87.51203079884505,4.363976225828367,5294
4215059,SC,Rio Rufino,61.388286334056396,94.1872427983539,32.79895646429751,2423
4203204,SC,Camboriú,85.68412879431247,82.91265210114443,-2.77147669316804,62277
4212270,SC,Passos Maia,59.51933909125047,59.92248062015504,0.40314152890456967,3505
4203303,SC,Campo Alegre,92.8814482101538,92.27156849590769,-0.6098797142461194,10132
4216255,SC,São João do Oeste,90.05337214944201,86.68445306815426,-3.368919081287757,5102
4203402,SC,Campo Belo do Sul,33.09121982482375,82.16154721274175,49.070327387918,5981
4203154,SC,Calmon,75.53630363036304,68.6842105263158,-6.852093104047242,3186
4203501,SC,Campo Erê,54.266958424507656,63.476815074819875,9.209856650312219,7540
4202057,SC,Balneário Barra do Sul,85.54478183210003,83.97428120829795,-1.5705006238020758,11418
4203600,SC,Campos Novos,76.35120925341745,84.44701673155845,8.095807478140998,26900
4212239,SC,Paraíso,63.10357537781054,73.12267657992565,10.01910120211511,3609
4203709,SC,Canelinha,90.42875703767865,89.54629875298488,-0.8824582846937687,10123
4215554,SC,Santa Helena,74.51086956521739,80.53348467650397,6.0226151112865836,2208
4203808,SC,Canoinhas,89.31204337333466,83.52321767650612,-5.788825696828539,42693
4202156,SC,Belmonte,76.146288209607,79.9347471451876,3.788458935580607,2400
4203907,SC,Capinzal,76.40822784810126,82.37028771817964,5.962059870078377,17173
4211652,SC,Novo Horizonte,61.478599221789885,72.95041728031418,11.471818058524299,2570
4204004,SC,Catanduvas,75.44684854186265,82.70651995401543,7.259671412152784,8118
4217154,SC,São Miguel da Boa Vista,70.41728763040238,80.08849557522124,9.67120794481886,1757
4204103,SC,Caxambu do Sul,58.52431525992174,60.32377165577961,1.7994563958578667,4374
4201653,SC,Arvoredo,72.2943722943723,81.98113207547169,9.686759781099397,2620
4204202,SC,Chapecó,67.28055331942367,73.50428757180242,6.2237342523787476,163646
4207684,SC,Ipuaçu,49.31197834423641,63.53944562899787,14.22746728476146,5697
4204301,SC,Concórdia,76.04995333540731,82.85342048315152,6.803467147744215,60391
4211850,SC,Ouro Verde,70.01246882793018,84.9009900990099,14.888521271079725,2040
4204400,SC,Coronel Freitas,67.82909205152372,73.88316151202748,6.054069460503769,8081
4207858,SC,Irati,65.14148103552077,70.61068702290076,5.469205987379993,2036
4204509,SC,Corupá,91.788823983247,90.04319881993467,-1.7456251633123259,11990
4205431,SC,Formosa do Sul,58.75588081547308,72.7,13.944119184526926,2622
4204608,SC,Criciúma,82.37936390271453,78.59018841407176,-3.789175488642769,153706
4210050,SC,Macieira,79.88668555240793,85.88888888888889,6.00220333648096,2360
4204707,SC,Cunha Porã,89.7295012679628,93.3417614833544,3.6122602153916006,8864
4213351,SC,Ponte Alta do Norte,67.95346377578001,80.3483941208492,12.394930345069199,2635
4204806,SC,Curitibanos,64.37575308184262,80.50590219224283,16.13014911040021,31343
4216057,SC,São Cristóvão do Sul,69.42277691107644,79.05844155844156,9.635664647365118,3557
4204905,SC,Descanso,63.04390628076393,76.08885779254854,13.04495151178461,7241
4219176,SC,Vargem Bonita,74.10141206675225,77.50247770069376,3.4010656339415135,3962
4205001,SC,Dionísio Cerqueira,66.67062878877927,74.8352165725047,8.164587783725437,12087
4202453,SC,Bombinhas,83.59118236472946,87.85502331496397,4.26384095023451,19110
4205100,SC,Dona Emma,88.13694267515923,87.44863653343295,-0.6883061417262866,3429
4215455,SC,Sangão,91.18046132971506,89.29947210729063,-1.8809892224244322,8877
4205209,SC,Erval Velho,82.56642903434867,85.64658090724441,3.0801518728957404,3844
4203956,SC,Capivari de Baixo,84.21249812677956,81.58087159988301,-2.6316265268965537,18207
4205308,SC,Faxinal dos Guedes,59.53273723680415,62.804597701149426,3.2718604643452736,8705
4204350,SC,Cordilheira Alta,74.1471048513302,78.44588344125809,4.298778589927892,4131
4205407,SC,Florianópolis,65.84909953839153,63.28830502505581,-2.560794513335715,419575
4205456,SC,Forquilhinha,84.67534061617773,84.01557222190416,-0.6597683942735699,22444
4205506,SC,Fraiburgo,87.1849270091428,82.06728160607705,-5.117645403065751,26265
4211256,SC,Morro Grande,95.6581352833638,94.36619718309859,-1.291938100265213,2721
4205605,SC,Galvão,72.11845102505694,79.82167996245894,7.703228937402002,2750
4204459,SC,Coronel Martins,59.41070354780517,69.68184653774173,10.271142989936564,2010
4206009,SC,Governador Celso Ramos,85.2701637621508,87.62421648066045,2.3540527185096494,16835
4216354,SC,São João do Itaperiú,93.47899159663865,90.8744131455399,-2.604578451098746,4277
4205704,SC,Garopaba,69.8869104908566,71.24867665905165,1.3617661681950608,24083
4208955,SC,Jardinópolis,84.62083628632176,84.16126709863211,-0.4595691876896524,1699
4205803,SC,Garuva,87.06666666666666,85.98277212216132,-1.0838945445053412,12187
4205191,SC,Ermo,89.24218335983042,90.36412078152753,1.1219374216971119,2711
4205902,SC,Gaspar,80.34863992118657,81.91164574798424,1.5630058267976636,51557
4217253,SC,São Pedro de Alcântara,70.487877880874,85.65911431513904,15.17123643426504,4795
4206108,SC,Grão-Pará,92.2690543786853,92.0,-0.269054378685297,5610
4215695,SC,Santiago do Sul,69.7411003236246,75.12437810945273,5.383277785828142,1538
4206207,SC,Gravatal,86.91384950926935,91.11082273553076,4.196973226261406,9437
4202131,SC,Bela Vista do Toldo,83.64922921405105,85.20629750271443,1.5570682886633875,5321
4206306,SC,Guabiruba,86.17507823156544,88.26832151300236,2.0932432814369264,17162
4203253,SC,Capão Alto,43.37662337662338,88.27671913835957,44.90009576173619,3119
4206405,SC,Guaraciaba,67.2566371681416,73.61304711458043,6.356409946438831,8880
4211892,SC,Painel,38.99082568807339,88.06339772164438,49.072572033570985,2599
4206504,SC,Guaramirim,89.02516120874952,85.26370841211731,-3.761452796632213,33627
4202438,SC,Bocaina do Sul,64.02627511591963,89.29261693080788,25.26634181488825,3180
4206603,SC,Guarujá do Sul,68.310322156476,69.36725811851356,1.0569359620375565,3992
4200754,SC,Alto Bela Vista,77.13310580204778,82.29461756373938,5.1615117616915995,1764
4206702,SC,Herval d'Oeste,74.80135315868145,79.65353815983003,4.852185001148584,16803
4205555,SC,Frei Rogério,71.64599774520858,86.5373645179692,14.89136677276062,2251
4206801,SC,Ibicaré,84.95726495726495,88.97027143472641,4.0130064774614596,3018
4218350,SC,Treviso,88.92940006629102,86.03515625,-2.8942438162910236,3946
4206900,SC,Ibirama,87.99403430275913,85.5732657127332,-2.4207685900259293,15463
4207577,SC,Iomerê,74.66788822721026,88.47986141186661,13.811973184656352,2888
4207007,SC,Içara,86.46666039687764,84.33117912449701,-2.1354812723806305,43841
4202537,SC,Bom Jesus,71.25,75.85377585377586,4.603775853775858,2593
4207106,SC,Ilhota,87.44583674903384,86.54625068418171,-0.8995860648521301,12431
4206751,SC,Ibiam,63.8,86.61926308985133,22.819263089851333,1985
4207205,SC,Imaruí,77.42382271468144,79.66193373901285,2.238111024331417,10187
4205175,SC,Entre Rios,77.54590984974958,71.46950470732706,-6.076405142422516,3097
4207304,SC,Imbituba,70.6092805266359,71.28194601252181,0.6726654858859149,42181
4211876,SC,Paial,65.46426185704743,73.71134020618557,8.247078349138135,1999
4207403,SC,Imbuia,90.58536585365853,91.2700255398189,0.6846596861603729,5201
4202578,SC,Bom Jesus do Oeste,82.08469055374593,83.10767246937459,1.0229819156286624,1876
4207502,SC,Indaial,87.86564920800093,84.66239420242827,-3.2032550055726574,50894
4215752,SC,São Bernardino,63.61422308816366,71.63581790895448,8.021594820790817,2576
4207601,SC,Ipira,59.28449744463373,81.28864301985031,22.004145575216583,3857
4215687,SC,Santa Terezinha do Progresso,61.32596685082873,70.62363238512035,9.297665534291617,2456
4207700,SC,Ipumirim,59.73111395646607,68.19243344231667,8.461319485850602,6026
4215356,SC,Saltinho,48.29959514170041,58.73866446826051,10.439069326560102,3274
4207809,SC,Irani,71.41868512110727,78.90396839031094,7.485283269203663,7724
4209177,SC,Jupiá,72.27722772277228,79.5567867036011,7.279558980828824,2255
4207908,SC,Irineópolis,83.83968972204266,88.95238095238095,5.112691230338285,8228
4212056,SC,Palmeira,42.85083848190644,91.83282208588957,48.98198360398313,3317
4208005,SC,Itá,67.4167027260926,75.06145251396649,7.6447497878738915,5888
4202081,SC,Bandeirante,54.68131868131868,65.74561403508773,11.064295353769047,2976
4208104,SC,Itaiópolis,87.90308673909294,89.48455544080367,1.5814687017107332,16680
4205357,SC,Flor do Sertão,58.93895348837209,79.86774430565761,20.928790817285517,1771
4208203,SC,Itajaí,86.37385663053551,82.00401424984632,-4.369842380689192,182250
4204756,SC,Cunhataí,80.09543285616905,84.6103896103896,4.514956754220549,1868
4208302,SC,Itapema,84.69034388338568,85.16818524354319,0.47784136015751244,60030
4214151,SC,Princesa,78.01635991820041,84.49727587914809,6.480915960947684,2564
4208401,SC,Itapiranga,86.9110489800145,83.11287477954144,-3.7981742004730563,12187
4208450,SC,Itapoá,80.663113340649,81.88410801850956,1.2209946778605598,21623
4208500,SC,Ituporanga,91.12881806108898,90.54054054054055,-0.5882775205484307,19872
4217956,SC,Tigrinhos,73.38451695457454,79.2948717948718,5.910354840297259,2043
4208609,SC,Jaborá,80.91113249919795,87.77459407831901,6.863461579121065,3843
4204194,SC,Chapadão do Lageado,83.14402544298046,86.755823986195,3.611798543214533,2708
4208708,SC,Jacinto Machado,89.56829440905874,93.40010976948409,3.8318153604253524,9165
4201950,SC,Balneário Arroio do Silva,78.51471845608891,83.06366883799117,4.548950381902259,13139
4208807,SC,Jaguaruna,86.91605045672031,87.16491958069936,0.24886912397904837,16425
4202073,SC,Balneário Gaivota,81.91920512485292,84.22517123287672,2.305966108023796,12988
4208906,SC,Jaraguá do Sul,86.76241546196704,86.23630309366168,-0.5261123683053626,130890
4202099,SC,Barra Bonita,67.52577319587628,79.81969486823856,12.293921672362274,1855
4209003,SC,Joaçaba,79.55164224063024,81.73385874507426,2.182216504444014,22366
4202875,SC,Brunópolis,76.82060390763766,78.69074492099323,1.870141013355564,2907
4209102,SC,Joinville,84.32156935205715,81.20252821996236,-3.119041132094793,441455
4210035,SC,Luzerna,83.36580613735997,86.13711105489502,2.7713049175350477,4829
4209201,SC,Lacerdópolis,86.3210493441599,88.84066955982641,2.5196202156665066,1979
4219853,SC,Zortéa,70.24828767123287,79.60097719869707,9.352689527464193,3214
4209300,SC,Lages,37.2936159242032,85.72449127663612,48.43087535243291,124979
4209409,SC,Laguna,82.6300588875136,80.69035077888603,-1.9397081086275705,36420
4209508,SC,Laurentino,87.18109577582601,87.05050505050505,-0.13059072532095684,6020
4209607,SC,Lauro Müller,83.53580562659846,83.68351936966513,0.1477137430666744,12330
4209706,SC,Lebon Régis,71.11569592128234,71.77784974093264,0.6621538196502996,8737
4209805,SC,Leoberto Leal,93.50998463901689,91.94977843426884,-1.5602062047480558,3293
4209904,SC,Lontras,89.21524996291352,88.43056928944766,-0.7846806734658571,9347
4210001,SC,Luiz Alves,90.50609066934572,91.21933878421613,0.7132481148704102,10211
4210100,SC,Mafra,80.44871794871794,87.54786555098568,7.099147602267735,42430
4210209,SC,Major Gercino,88.5640584694755,88.2522671063479,-0.3117913631275968,3305
4210308,SC,Major Vieira,85.92930444697834,87.0139052557153,1.0846008087369654,6050
4210506,SC,Maravilha,83.37140246687986,84.17648565573771,0.80508318885785,20394
4210555,SC,Marema,84.40736478711162,84.22247446083995,-0.18489032627167035,2215
4210605,SC,Massaranduba,89.78023061003252,90.58789735733436,0.8076667473018375,13335
4210704,SC,Matos Costa,69.86522911051213,69.86301369863014,-0.0022154118819912583,2463
4210803,SC,Meleiro,90.93661687525233,91.94274028629857,1.0061234110462465,5868
4210902,SC,Modelo,81.02136906917784,83.80281690140845,2.7814478322306115,3479
4211009,SC,Mondaí,80.6468085106383,82.61235482242047,1.9655463117821768,7441
4211108,SC,Monte Castelo,84.5470349623334,87.66713230892037,3.1200973465869737,6982
4211207,SC,Morro da Fumaça,88.17142857142858,88.46642468239564,0.29499611096706246,14207
4211306,SC,Navegantes,80.54122783868723,82.82802329564919,2.286795456961954,66390
4211405,SC,Nova Erechim,66.28922678744743,76.31834357813005,10.029116790682622,4037
4211504,SC,Nova Trento,89.07407407407408,89.7677627040699,0.6936886299958189,11342
4211603,SC,Nova Veneza,87.15577262807857,86.5734687720004,-0.5823038560781697,12429
4211702,SC,Orleans,90.45622860336756,87.35640043763676,-3.0998281657307984,19333
4211801,SC,Ouro,79.89838745305943,84.51816745655609,4.619780003496658,5678
4211900,SC,Palhoça,80.00620925178517,77.76486381778703,-2.2413454339981342,153829
4212007,SC,Palma Sola,65.71361612374034,71.59146045608928,5.877844332348943,5410
4212106,SC,Palmitos,78.77005347593582,83.09508338748105,4.325029911545229,12296
4212205,SC,Papanduva,79.05513290128675,81.7478152309613,2.6926823296745397,14657
4212304,SC,Paulo Lopes,83.5136143230138,84.90340229098992,1.389787967976119,7411
4212403,SC,Pedras Grandes,92.41336247268185,90.64814814814815,-1.7652143245337015,4152
4212502,SC,Penha,87.13765918738629,84.0063257775435,-3.131333409842796,26267
4212601,SC,Peritiba,84.71254355400697,88.88888888888889,4.1763453348819155,2879
4212700,SC,Petrolândia,92.65536723163842,92.75736084246722,0.10199361082879932,5523
4212809,SC,Balneário Piçarras,84.02088388852121,81.42236898428423,-2.5985149042369784,23277
4212908,SC,Pinhalzinho,70.83506785446674,74.43425590981745,3.5991880553507087,15631
4213005,SC,Pinheiro Preto,78.58111161319476,82.67083519428316,4.089723581088393,3010
4213104,SC,Piratuba,82.86991062562066,86.75048355899419,3.8805729333735286,5246
4213203,SC,Pomerode,89.99275961936284,87.29689067201605,-2.6958689473467956,27227
4213302,SC,Ponte Alta,65.43012472017908,79.46105816628328,14.0309334461042,4025
4213401,SC,Ponte Serrada,64.14199247505317,71.73762547594323,7.595633000890061,8142
4213500,SC,Porto Belo,82.45148449162382,85.13852150911875,2.68703701749493,20039
4213609,SC,Porto União,73.58522250209907,84.1397533763946,10.554530874295523,25684
4213708,SC,Pouso Redondo,90.04234987512217,89.83375959079284,-0.20859028432933258,12260
4213807,SC,Praia Grande,85.95727848101266,87.29586023547284,1.3385817544601792,6688
4213906,SC,Presidente Castello Branco,87.08730741012472,90.28169014084507,3.194382730720349,1670
4214003,SC,Presidente Getúlio,88.09875086062752,88.03323065434519,-0.06552020628232924,14268
4214102,SC,Presidente Nereu,88.65619546247818,90.73554183043234,2.079346367954159,2237
4214201,SC,Quilombo,62.20095693779904,71.55088852988692,9.349931592087877,8066
4214300,SC,Rancho Queimado,84.93856520015854,89.2156862745098,4.277121074351271,3744
4214409,SC,Rio das Antas,87.93666750439809,91.97412553905127,4.037458034653184,5383
4214508,SC,Rio do Campo,81.5771270463454,86.63233318405732,5.05520613771192,5436
4214607,SC,Rio do Oeste,87.9224030037547,89.10585817060637,1.1834551668516724,6043
4214706,SC,Rio dos Cedros,92.77945619335347,89.12676056338029,-3.6526956299731808,8999
4214805,SC,Rio do Sul,86.98178185546413,84.80479380364245,-2.176988051821681,51075
4214904,SC,Rio Fortuna,93.38996548977967,92.87764153404643,-0.5123239557332369,4372
4215000,SC,Rio Negrinho,86.92582663092047,86.93297537493056,0.007148744010095243,31737
4215109,SC,Rodeio,81.32613510520487,85.67184334908845,4.345708243883578,9463
4215208,SC,Romelândia,72.29943145925458,80.66645708896573,8.36702562971115,4125
4215307,SC,Salete,76.41821946169772,87.33360225897539,10.915382797277672,6343
4215406,SC,Salto Veloso,80.1698670605613,84.83809523809524,4.668228177533933,3446
4215505,SC,Santa Cecília,80.94728073307152,85.57800928831429,4.630728555242769,12253
4215604,SC,Santa Rosa de Lima,78.82716049382717,83.07416267942584,4.247002185598674,2019
4215703,SC,Santo Amaro da Imperatriz,80.76427068485712,82.87954830614805,2.1152776212909288,20294
4215802,SC,São Bento do Sul,88.08785642548361,85.77521101732563,-2.3126454081579766,63831
4215901,SC,São Bonifácio,91.5668202764977,92.92307692307692,1.3562566465792258,2932
4216008,SC,São Carlos,69.59768363303871,73.76972348070613,4.1720398476674205,8222
4216107,SC,São Domingos,66.05926430517711,74.63872832369943,8.579464018522316,7343
4216206,SC,São Francisco do Sul,80.67341030131894,77.6204660942702,-3.052944207048739,42667
4216305,SC,São João Batista,90.12131715771231,89.74918211559432,-0.3721350421179892,23137
4216404,SC,São João do Sul,88.62438669816464,92.12545879212546,3.501072093960815,7398
4216503,SC,São Joaquim,65.39236861051116,86.30925676686107,20.916888156349913,19522
4216602,SC,São José,71.58530331592671,74.0593223320784,2.4740190161516864,194550
4216701,SC,São José do Cedro,82.1124956329335,83.62008013198209,1.5075844990485905,10947
4216800,SC,São José do Cerrito,49.28595715742944,70.76061903193941,21.47466187450997,7722
4216909,SC,São Lourenço do Oeste,73.93327605956472,78.93972403776326,5.006447978198537,19025
4217006,SC,São Ludgero,92.25639629831247,90.1245439677947,-2.1318523305177735,9949
4217105,SC,São Martinho,93.42793129200896,95.17720131530874,1.749270023299772,3230
4217204,SC,São Miguel do Oeste,72.84564803599238,81.006177540831,8.160529504838621,32021
4217303,SC,Saudades,69.91051454138703,75.02795973797731,5.117445196590282,7589
4217402,SC,Schroeder,88.93860066634936,87.33019621770399,-1.6084044486453735,14004
4217501,SC,Seara,64.07290895632865,72.76694791969742,8.694038963368769,13942
4217600,SC,Siderópolis,86.71627226152721,86.0110167546477,-0.7052555068795101,11784
4217709,SC,Sombrio,82.87026136096068,88.80486695474187,5.9346055937811855,22226
4217808,SC,Taió,89.99820595622533,90.65471836137527,0.6565124051499396,14737
4217907,SC,Tangará,83.54253835425384,85.85306618093503,2.310527826681195,6620
4218004,SC,Tijucas,81.79031541537094,85.13824002450792,3.3479246091369816,36910
4218202,SC,Timbó,89.70873786407768,86.11616255334941,-3.5925753107282645,35846
4218301,SC,Três Barras,86.99603596635406,76.53721682847896,-10.458819137875096,15074
4218400,SC,Treze de Maio,92.9068673565381,92.68110530246453,-0.22576205407357008,6518
4218509,SC,Treze Tílias,87.74827514112482,89.36936936936937,1.6210942282445444,6439
4218608,SC,Trombudo Central,89.8936170212766,88.98597378707748,-0.9076432341991136,5522
4218707,SC,Tubarão,87.79671582539083,84.41459418244351,-3.3821216429473253,82205
4218756,SC,Tunápolis,87.53437213565536,86.18225134008338,-1.3521207955719774,4043
4218806,SC,Turvo,92.0014390214654,91.81786257754887,-0.18357644391653594,10409
4218905,SC,Urubici,70.59879262522435,91.15252113999374,20.55372851476939,8139
4219002,SC,Urussanga,87.87903555373927,85.6917324470295,-2.187303106709777,17330
4219101,SC,Vargeão,71.78631051752922,74.10268059972739,2.3163700821981763,2999
4219200,SC,Vidal Ramos,93.01231802911533,91.80439212134934,-1.207925907765997,5308
4219309,SC,Videira,73.83452022612143,85.02209077299449,11.187570546873062,39174
4219408,SC,Witmarsum,87.04682779456193,91.23563218390805,4.188804389346117,3494
4219507,SC,Xanxerê,68.17144959529065,70.98473282442748,2.813283229136829,34900
4219606,SC,Xavantina,61.46540027137042,66.48250460405157,5.01710433268115,3388
4219705,SC,Xaxim,82.46183640920484,80.45619795942301,-2.005638449781827,22987
4202503,SC,Bom Jardim da Serra,66.8807994289793,76.66551605108734,9.784716622108036,3852
4220000,SC,Balneário Rincão,84.01639344262296,81.9754576543955,-2.0409357882274577,13698
4210407,SC,Maracajá,88.42658048879014,87.61886279836988,-0.8077176904202616,6447
4212650,SC,Pescaria Brava,92.96743617183917,88.86770313875037,-4.099733033088796,8428
4218103,SC,Timbé do Sul,93.12257348863007,93.19343556631692,0.07086207768685426,4542
4204558,SC,Correia Pinto,54.79730452454808,83.17532962841888,28.378025103870797,12108
4211751,SC,Otacílio Costa,53.38900757428627,88.93233082706767,35.543323252781406,12683
2806404,SE,Santana do São Francisco,88.08732795443758,76.38737758433079,-11.69995037010679,6340
2800100,SE,Amparo do São Francisco,92.02252463632098,81.47071042791858,-10.551814208402405,3095
2800209,SE,Aquidabã,67.75925629107229,66.15490903508099,-1.6043472559913,17282
2800308,SE,Aracaju,65.74061681421006,63.084382949883604,-2.6562338643264525,419678
2800407,SE,Arauá,84.92198581560284,86.34872916097294,1.4267433453700988,9692
2800506,SE,Areia Branca,89.61339252682205,86.64141848855225,-2.9719740382698063,15284
2800605,SE,Barra dos Coqueiros,71.02439575333183,59.061328276515965,-11.963067476815866,31703
2800704,SE,Brejo Grande,75.49467275494673,55.42825968357883,-20.066413071367904,8118
2800670,SE,Boquim,77.4371827003406,46.54823618662284,-30.888946513717762,22028
2801009,SE,Campo do Brito,81.38079222720478,82.45873153779323,1.077939310588448,15709
2801108,SE,Canhoba,83.46572521329803,84.6641988365944,1.1984736232963655,4709
2801207,SE,Canindé de São Francisco,59.98452012383901,68.69409660107334,8.709576477234329,24725
2801306,SE,Capela,66.87462702761351,80.01401390610683,13.139386878493312,27100
2801405,SE,Carira,85.78057412504916,93.8619699145816,8.08139578953245,17132
2801504,SE,Carmópolis,83.30226054532743,74.91161770084116,-8.390642844486266,12532
2801603,SE,Cedro de São João,71.36861739333177,84.25642234268206,12.887804949350283,5345
2801702,SE,Cristinápolis,81.54633090694472,77.88906009244992,-3.657270814494794,14629
2804458,SE,Nossa Senhora Aparecida,92.1904435691043,76.07783928870995,-16.11260428039435,7652
2801900,SE,Cumbe,92.99051996552714,79.7157982724993,-13.274721693027843,4501
2802007,SE,Divina Pastora,78.79694250581589,81.11243307555027,2.3154905697343793,4410
2802106,SE,Estância,73.51913430648706,63.4765625,-10.04257180648706,50960
2802205,SE,Feira Nova,67.43892165122156,83.18721994934737,15.748298298125803,6298
2802304,SE,Frei Paulo,91.77037334403853,95.96916504132999,4.198791697291455,13548
2802502,SE,General Maynard,75.39170506912443,87.32122149207576,11.929516422951338,3344
2802403,SE,Gararu,83.85394974316257,70.01897533206831,-13.834974411094265,9619
2802601,SE,Graccho Cardoso,83.06900102986612,84.10074773711138,1.0317467072452615,6449
2802700,SE,Ilha das Flores,82.10442407333599,70.84035186224968,-11.264072211086315,7752
2802809,SE,Indiaroba,91.22916019467743,81.27586554961138,-9.953294645066052,13697
2802908,SE,Itabaiana,83.98836039660871,87.9320305862362,3.9436701896274826,76642
2803005,SE,Itabaianinha,87.93403128663245,74.06686785260483,-13.867163434027617,32187
2803104,SE,Itabi,85.60843545169564,80.95759233926128,-4.650843112434359,4734
2803203,SE,Itaporanga d'Ajuda,78.69120857312959,81.28832919807125,2.5971206249416667,29784
2803302,SE,Japaratuba,75.83879676050907,75.1864469201731,-0.6523498403359724,14928
2803401,SE,Japoatã,81.61925601750546,63.89607335998119,-17.723182657524276,11504
2803500,SE,Lagarto,85.99467731204258,81.27882701364277,-4.715850298399815,82328
2803609,SE,Laranjeiras,84.53509221311475,61.09051393505497,-23.44457827805978,22129
2803708,SE,Macambira,90.70143521326057,91.45092195939654,0.7494867461359718,6860
2803807,SE,Malhada dos Bois,88.7146266621207,74.05660377358491,-14.658022888535783,4297
2803906,SE,Malhador,84.24153166421208,87.1127957129787,2.8712640487666192,10440
2804003,SE,Maruim,65.78347268976002,48.21057239794243,-17.57290029181759,13205
2804102,SE,Moita Bonita,91.2109375,79.36577524477568,-11.845162255224324,9837
2804201,SE,Monte Alegre de Sergipe,78.29299635896338,78.44713544316679,0.1541390842034076,12763
2804300,SE,Muribeca,90.59297218155197,68.95041177501314,-21.642560406538834,7509
2804409,SE,Neópolis,84.162172957859,75.20151730678046,-8.96065565107854,14404
2804508,SE,Nossa Senhora da Glória,75.56830919607228,71.06509619818083,-4.503212997891453,30462
2804607,SE,Nossa Senhora das Dores,77.45874587458746,55.2457675121153,-22.212978362472164,21458
2804706,SE,Nossa Senhora de Lourdes,79.03772306302237,66.91502215062424,-12.12270091239813,6277
2804805,SE,Nossa Senhora do Socorro,77.76630221873998,64.77247938571615,-12.993822833023827,123840
2804904,SE,Pacatuba,79.9066599394551,74.43369513921661,-5.472964800238486,11849
2805000,SE,Pedra Mole,57.33801717408275,66.92972566704246,9.591708492959711,3372
2805109,SE,Pedrinhas,87.27339992600814,76.43872714962762,-10.834672776380515,7917
2805208,SE,Pinhão,85.38025507794048,89.57194899817851,4.191693920238038,5635
2805307,SE,Pirambu,73.23726196603191,75.72831696354254,2.4910549975106306,8574
2805406,SE,Poço Redondo,77.56823821339951,74.29055237650356,-3.277685836895955,22763
2805505,SE,Poço Verde,78.29278523489933,68.63993210269467,-9.652853132204655,19502
2805604,SE,Porto da Folha,78.30860043029735,64.67372044752696,-13.634879982770386,25096
2805703,SE,Propriá,80.33631678871711,73.82238326382716,-6.51393352488995,20110
2805802,SE,Riachão do Dantas,91.06310571872457,83.62870424171993,-7.434401477004641,17768
2805901,SE,Riachuelo,79.00599828620395,66.74715419110038,-12.25884409510357,8232
2806008,SE,Ribeirópolis,87.79472954230236,80.31880586013084,-7.475923682171526,14761
2806107,SE,Rosário do Catete,70.39279869067103,78.19369225868111,7.800893568010082,8983
2806206,SE,Salgado,81.90446309514472,61.182388103222046,-20.722074991922675,17915
2806305,SE,Santa Luzia do Itanhy,84.2466624284806,77.99223255266564,-6.254429875814964,12169
2806503,SE,Santa Rosa de Lima,85.26119402985074,80.38720538720538,-4.873988642645358,4657
2806602,SE,Santo Amaro das Brotas,76.05423930859783,67.38098662447864,-8.673252684119191,10453
2806701,SE,São Cristóvão,74.23625025327,50.68319783779146,-23.55305241547854,61856
2806800,SE,São Domingos,91.84930266256113,84.07868190988567,-7.770620752675455,8598
2806909,SE,São Francisco,81.22782114975159,62.87112561174551,-18.35669553800608,3798
2807006,SE,São Miguel do Aleixo,90.32995753021888,82.61843790012804,-7.711519630090834,3982
2807105,SE,Simão Dias,63.25125761186126,61.65270373191165,-1.5985538799496126,37093
2807204,SE,Siriri,76.1961961961962,73.15923817003731,-3.036958026158885,6786
2807303,SE,Telha,88.36805555555556,80.40516940272441,-7.962886152831146,3641
2807402,SE,Tobias Barreto,86.94619016352438,85.2748166404371,-1.6713735230872828,42750
2807501,SE,Tomar do Geru,85.24250379991709,44.443033151276516,-40.79947064864057,10521
2807600,SE,Umbaúba,86.68819255889044,75.81986937091784,-10.868323187972592,19760
3515350,SP,Euclides da Cunha Paulista,75.50494198538891,56.771929824561404,-18.733012160827506,6336
3500105,SP,Adamantina,87.25190839694656,84.1969637555319,-3.0549446414146644,25494
3507456,SP,Borebi,77.39767868051314,78.06670435274167,0.6690256722285284,2400
3500204,SP,Adolfo,63.587322993931224,80.69184609954112,17.1045231056099,3977
3553955,SP,Tarumã,85.39101887677336,83.90832040109825,-1.4826984756751074,11526
3500303,SP,Aguaí,76.6888009194228,73.17370650917961,-3.5150944102431936,24235
3532058,SP,Motuca,54.75906013540422,60.4496253122398,5.690565176835584,3384
3500402,SP,Águas da Prata,66.66666666666667,65.929203539823,-0.7374631268436644,5911
3519253,SP,Iaras,54.38838977194195,56.82302771855011,2.434637946608156,4414
3500501,SP,Águas de Lindóia,70.27052954719878,69.99134365682409,-0.2791858903746913,14061
3518859,SP,Guatapará,70.00726216412491,72.71526677231907,2.708004608194159,5765
3500600,SP,Águas de São Pedro,70.79705291359679,71.56801007556675,0.7709571619699602,4335
3513850,SP,Dirce Reis,90.12244897959184,78.06244995996798,-12.05999901962386,1702
3500709,SP,Agudos,82.46482290150412,80.25388575141187,-2.2109371500922492,28853
3515194,SP,Espírito Santo do Turvo,54.26905456059975,70.36886907174706,16.099814511147308,3546
3500808,SP,Alfredo Marcondes,75.54554901281607,77.51724137931035,1.9716923664942811,3964
3544251,SP,Rosana,61.73009646983992,57.408028625740805,-4.3220678440991165,14263
3500907,SP,Altair,79.44700460829493,83.93994540491356,4.492940796618626,2954
3514957,SP,Embaúba,87.05683736634778,83.90374331550802,-3.153094050839755,2448
3501004,SP,Altinópolis,72.9502533394749,79.45063785771751,6.500384518242612,12706
3520442,SP,Ilha Solteira,69.95271007639141,72.94334125584605,2.9906311794546383,20245
3501103,SP,Alto Alegre,75.95238095238095,82.88930581613508,6.936924863754129,3662
3501152,SP,Alumínio,76.12997090203686,61.08302547151468,-15.046945430522179,14040
3501202,SP,Álvares Florence,81.640625,83.3587786259542,1.7181536259542014,3612
3537156,SP,Pedrinhas Paulista,91.70638703527169,82.71072796934865,-8.995659065923036,2726
3501301,SP,Álvares Machado,80.46677568009514,79.39245916653945,-1.0743165135556865,17955
3502754,SP,Araçariguama,80.61746596132166,82.34707446808511,1.729608506763455,17829
3501400,SP,Álvaro de Carvalho,79.32038834951456,80.38356164383562,1.0631732943210608,2756
3506359,SP,Bertioga,81.79618176929282,71.61256076437392,-10.18362100491889,52927
3501509,SP,Alvinlândia,75.99784250269687,73.48958333333333,-2.5082591693635408,2634
3552551,SP,Suzanápolis,76.62213740458016,73.64341085271317,-2.978726551866984,2988
3501608,SP,Americana,71.57286152131513,75.41071992482651,3.837858403511376,181010
3548054,SP,Santo Antônio do Aracanguá,52.47797356828194,75.89855865717935,23.42058508889741,7290
3501707,SP,Américo Brasiliense,64.82562726842355,53.59566521121574,-11.229962057207807,27310
3510153,SP,Canitar,74.48979591836735,73.1933929800413,-1.2964029383260538,4337
3501806,SP,Américo de Campos,63.89195148842337,85.81382385730211,21.921872368878738,4769
3505351,SP,Barra do Chapéu,82.01984821949796,77.67412935323384,-4.3457188662641215,4672
3501905,SP,Amparo,79.45589533253725,76.75156666039106,-2.7043286721461897,53743
3515129,SP,Emilianópolis,74.1919191919192,78.19905213270142,4.007132940782228,2716
3502002,SP,Analândia,83.25157673440785,83.65991364995018,0.40833691554233553,4681
3533254,SP,Novais,90.60377358490567,77.40315638450502,-13.200617200400643,3922
3502101,SP,Andradina,62.6355516002505,68.04646540794297,5.410913807692474,42475
3532843,SP,Nova Canaã Paulista,74.04129793510324,81.67641325536063,7.635115320257384,2275
3502200,SP,Angatuba,85.51113920050561,77.56653992395437,-7.944599276551244,17865
3545159,SP,Saltinho,82.6263015811801,88.85476878612717,6.228467204947066,7141
3502309,SP,Anhembi,83.74424275264155,85.21788664198235,1.4736438893407922,5471
3555356,SP,Ubarana,79.44814462416745,65.56741028128032,-13.880734342887138,4496
3502408,SP,Anhumas,79.9195171026157,74.42046362909672,-5.499053473518984,3315
3509254,SP,Cajati,81.62852446579846,76.67357244594069,-4.954952019857771,22016
3502507,SP,Aparecida,81.0853229335109,78.18553005029129,-2.899792883219604,26836
3509452,SP,Campina do Monte Alegre,89.39311098961181,81.34243458475541,-8.050676404856404,4857
3502606,SP,Aparecida d'Oeste,76.40970735189151,79.3921423276501,2.9824349757585935,3777
3503950,SP,Aspásia,74.92816091954023,71.21102248005802,-3.7171384394822127,1875
3502705,SP,Apiaí,80.66818526955201,75.3029702970297,-5.36521497252231,18736
3556354,SP,Vargem,86.01348098218584,82.5853985264568,-3.42808245572904,6582
3502804,SP,Araçatuba,85.87669916243307,83.30479287322264,-2.571906289210432,144887
3540754,SP,Potim,78.36422662058854,77.79428935357181,-0.5699372670167264,12546
3502903,SP,Araçoiaba da Serra,77.74636958208625,75.24875621890547,-2.4976133631807755,26408
3500758,SP,Alambari,91.71597633136095,85.13080619327282,-6.585170138088131,5139
3503000,SP,Aramina,80.23989898989899,74.4375,-5.80239898989899,4523
3522158,SP,Itaoca,74.86960644855381,61.60672582905185,-13.262880619501964,3039
3503109,SP,Arandu,87.0211693548387,85.41080112618377,-1.6103682286549343,5528
3554953,SP,Tuiuti,89.24270805458924,81.31757606235857,-7.925131992230675,5542
3503208,SP,Araraquara,60.54100435827946,49.219222244610116,-11.321782113669343,170072
3503158,SP,Arapeí,81.28161888701517,77.23770005927682,-4.043918827738352,2505
3503307,SP,Araras,81.87826086956522,80.67553168196879,-1.2027291875964323,96612
3557303,SP,Estiva Gerbi,88.7851809304997,84.45655291081158,-4.328628019688125,9490
3503406,SP,Arealva,67.55073800738008,75.49157303370787,7.94083502632779,6343
3515152,SP,Engenheiro Coelho,74.66975219361682,79.81950130256791,5.149749108951099,14967
3503505,SP,Areias,76.93231878253904,79.13526378421261,2.2029450016735694,3463
3543253,SP,Ribeirão Grande,77.08855472013367,79.34131736526946,2.252762645135789,6413
3503604,SP,Areiópolis,80.99415204678363,82.3529411764706,1.3587891296869685,8193
3519071,SP,Hortolândia,62.113836521260495,61.73011962512381,-0.3837168961366828,164275
3503703,SP,Ariranha,87.07006369426752,82.28790613718411,-4.7821575570834085,6455
3519055,SP,Holambra,79.26117952041477,78.18938827799722,-1.0717912424175466,12570
3503802,SP,Artur Nogueira,79.73491072406617,75.85688729874776,-3.8780234253184034,38528
3514924,SP,Elisiário,84.27194317605276,85.50074738415546,1.2288042081027015,2737
3503901,SP,Arujá,74.15962217724332,68.8448922672009,-5.314729910042416,71346
3507159,SP,Bom Sucesso de Itararé,79.4021294021294,76.8425460636516,-2.5595833384778075,3289
3504008,SP,Assis,72.98298600624182,76.30357909367783,3.3205930874360092,69743
3540259,SP,Pontalinda,76.70428893905192,77.04402515723271,0.33973621818078925,3157
3504107,SP,Atibaia,82.3662633676077,76.73039434436433,-5.635869023243373,119007
3536257,SP,Parisi,87.11625566180172,81.83951196621305,-5.276743695588664,3085
3504206,SP,Auriflama,80.01752848378615,78.17764165390506,-1.8398868298810953,11053
3553856,SP,Taquarivaí,86.92459757130754,84.13660148719362,-2.787996084113928,5121
3504305,SP,Avaí,61.53846153846154,70.43630017452007,8.89783863605853,4189
3528858,SP,Marapoama,88.70143149284253,83.2394366197183,-5.461994873124226,2797
3504404,SP,Avanhandava,69.49842679992597,74.97098646034816,5.472559660422192,7451
3549250,SP,São João de Iracema,58.92018779342723,80.77220077220078,21.852012978773544,1809
3504503,SP,Avaré,78.43745783295103,77.32323232323232,-1.1142255097187075,64377
3549953,SP,São Lourenço da Serra,75.61480399318238,72.13600284326502,-3.4788011499173592,11946
3504602,SP,Bady Bassitt,77.40671824502986,79.63861468964363,2.231896444613767,16955
3557154,SP,Zacarias,85.91954022988506,80.98396904367054,-4.935571186214517,2570
3504701,SP,Balbinos,66.99123661148978,79.72689075630252,12.735654144812742,1423
3522653,SP,Itapirapuã Paulista,64.09031697785497,75.34490431686693,11.254587339011962,3305
3504800,SP,Bálsamo,88.99099774943735,83.21982595535377,-5.771171794083585,7397
3529658,SP,Mesópolis,77.65538945712038,83.6948391922214,6.039449735101016,1887
3504909,SP,Bananal,75.15912897822446,70.86080912493317,-4.298319853291289,8231
3532827,SP,Nova Campina,81.93301435406698,76.33378932968536,-5.599225024381624,6959
3505104,SP,Barbosa,71.59029649595688,80.46206503137479,8.871768535417914,4970
3520426,SP,Ilha Comprida,81.28711671312568,73.3559815578743,-7.931135155251383,13297
3505005,SP,Barão de Antonina,84.7781217750258,84.03061224489795,-0.7475095301278429,2926
3527256,SP,Lourdes,80.53691275167785,79.04829545454545,-1.488617297132393,1877
3505203,SP,Bariri,72.69037956552877,82.12505520853051,9.43467564300174,23149
3554656,SP,Torre de Pedra,86.82634730538922,86.63497094558902,-0.19137635980020207,2545
3505302,SP,Barra Bonita,81.29947069392512,77.95054050051829,-3.3489301934068294,28333
3503356,SP,Arco-Íris,89.91442542787286,90.11735639283508,0.20293096496222063,2331
3505401,SP,Barra do Turvo,75.9255104330267,63.86780905752754,-12.057701375499164,6314
3507753,SP,Brejo Alegre,73.91543108182317,75.19460300985989,1.2791719280367175,2875
3505500,SP,Barretos,80.88708454761384,60.32456257513022,-20.562521972483616,85197
3509957,SP,Canas,86.42149929278642,81.15501519756839,-5.266484095218033,3959
3505609,SP,Barrinha,80.27641133754977,75.60670949321913,-4.669701844330646,23637
3540853,SP,Pracinha,85.76960309777347,82.95238095238095,-2.8172221453925204,1476
3505708,SP,Barueri,73.31811225129839,70.68237449720151,-2.63573775409688,297336
3541059,SP,Pratânia,87.5038568343104,85.66025843050741,-1.8435984038029858,4725
3505807,SP,Bastos,89.23751966222369,83.87068588903452,-5.366833773189171,16975
3541653,SP,Quadra,89.16981132075472,85.37390029325513,-3.795911027499585,4032
3505906,SP,Batatais,77.25943646996278,72.55992717710124,-4.699509292861535,42268
3546256,SP,Santa Cruz da Esperança,84.66579292267366,81.01034692635423,-3.655445996319429,2342
3506003,SP,Bauru,58.34072368386933,61.63756268240378,3.2968389985344544,277883
3547650,SP,Santa Salete,83.65164247517188,83.26330532212886,-0.3883371530430253,1836
3506102,SP,Bebedouro,82.73177999845865,81.97018430591719,-0.7615956925414622,56372
3556958,SP,Vitória Brasil,74.44168734491315,83.7245696400626,9.282882295149449,1673
3506201,SP,Bento de Abreu,83.88535031847134,79.00332225913621,-4.882028059335127,2146
3521150,SP,Ipiguá,83.5236541598695,81.94444444444444,-1.5792097154250513,4916
3506300,SP,Bernardino de Campos,76.15695935245469,76.1344537815126,-0.02250557094208716,7724
3553658,SP,Taquaral,82.86229705351774,80.66980023501763,-2.1924968185001035,2275
3506409,SP,Bilac,86.08122941822174,78.27707145988602,-7.804157958335722,6346
3515657,SP,Fernão,86.16352201257861,88.12448812448812,1.9609661119095136,1689
3506508,SP,Birigui,86.60831874635325,78.56466904110532,-8.04364970524793,84471
3516853,SP,Gavião Peixoto,33.59893758300133,63.10679611650485,29.507858533503523,4165
3506607,SP,Biritiba Mirim,87.24550189393939,81.38039786511402,-5.865104028825371,24212
3525854,SP,Jumirim,89.04593639575971,84.27849522740034,-4.767441168359369,2457
3506706,SP,Boa Esperança do Sul,59.374567593745674,72.04063604240282,12.66606844865715,9706
3532157,SP,Nantes,71.38590203106332,76.10619469026548,4.720292659202158,2205
3506805,SP,Bocaina,63.923337091319056,81.44034999158674,17.517012900267687,8535
3532868,SP,Nova Castilho,83.22510822510823,85.33464566929133,2.109537444183104,1375
3506904,SP,Bofete,75.39768618944323,81.80902836046316,6.411342171019925,8935
3534757,SP,Ouroeste,63.77189713007827,78.34532374100719,14.57342661092892,7997
3507001,SP,Boituva,77.61394101876675,77.53956100051046,-0.07438001825629215,47623
3536570,SP,Paulistânia,78.86120996441281,83.32179930795847,4.460589343545664,1993
3507100,SP,Bom Jesus dos Perdões,83.4931614526018,77.80508409492359,-5.68807735767821,18368
3543238,SP,Ribeirão dos Índios,54.83178239083751,61.2565445026178,6.424762111780289,1918
3507209,SP,Borá,83.31226295828066,87.01134930643127,3.6990863481506153,1094
3554755,SP,Trabiju,85.2892561983471,76.38110488390713,-8.908151314439976,1649
3507308,SP,Boracéia,72.1820809248555,81.6194912217843,9.437410296928803,3884
3507407,SP,Borborema,79.0970539472006,78.52559905722143,-0.5714548899791794,10738
3507506,SP,Botucatu,74.14348500854233,76.12667478684531,1.983189778302986,110798
3507605,SP,Bragança Paulista,83.91088841614203,74.90659689697127,-9.004291519170764,131092
3507704,SP,Braúna,76.12467866323908,81.39833226427197,5.2736536010328905,4231
3507803,SP,Brodowski,85.77865612648222,79.46080723079321,-6.317848895689011,17196
3507902,SP,Brotas,84.36563840984536,79.57141665971817,-4.794221750127193,17820
3508009,SP,Buri,83.62653472603995,83.40372432328662,-0.22281040275332487,14877
3508108,SP,Buritama,82.62133750838738,77.50054478099804,-5.120792727389343,13143
3508207,SP,Buritizal,90.46428571428571,83.20711228185709,-7.2571734324286155,4125
3508306,SP,Cabrália Paulista,65.3061224489796,71.51185386708123,6.205731418101635,3698
3508405,SP,Cabreúva,79.11638287320218,76.48091268100043,-2.635470192201751,36426
3508504,SP,Caçapava,82.64286791314836,76.44735075843289,-6.195517154715475,72593
3508603,SP,Cachoeira Paulista,73.97965016577112,75.08932232179464,1.109672156023521,23891
3508702,SP,Caconde,66.23552727652029,77.83674769132789,11.6012204148076,13330
3508801,SP,Cafelândia,69.8120028922632,75.47706530757378,5.665062415310587,12245
3508900,SP,Caiabu,80.47918303220739,87.98727128082737,7.508088248619984,3330
3509007,SP,Caieiras,54.074704566598705,61.24901057417142,7.174306007572717,72229
3509106,SP,Caiuá,65.625,73.94665635871667,8.321656358716666,3755
3509205,SP,Cajamar,68.79849069402637,72.47089786415629,3.6724071701299152,70020
3509304,SP,Cajobi,80.8199121522694,87.42170306416116,6.601790911891769,7437
3509403,SP,Cajuru,82.52387890561761,77.39460571066994,-5.129273194947672,18240
3509502,SP,Campinas,60.86023894437102,58.576651458242374,-2.2835874861286456,871091
3509601,SP,Campo Limpo Paulista,71.29607553287873,70.04578313253012,-1.2502924003486129,59440
3509700,SP,Campos do Jordão,65.0175979752442,76.85294348817104,11.835345512926835,38106
3509809,SP,Campos Novos Paulista,72.10332103321034,82.81193815174397,10.708617118533638,3805
3509908,SP,Cananéia,84.34350407289797,69.04993740436778,-15.29356666853019,10409
3510005,SP,Cândido Mota,83.21118846952486,81.12442281292898,-2.0867656565958725,22894
3510104,SP,Cândido Rodrigues,84.29613011777903,82.01438848920863,-2.2817416285704013,2853
3510203,SP,Capão Bonito,87.65620605135211,83.9952843611529,-3.660921690199217,34293
3510302,SP,Capela do Alto,85.66939630546563,82.80357822611344,-2.865818079352181,14543
3510401,SP,Capivari,84.41043504039132,76.51964418087472,-7.890790859516599,37609
3510500,SP,Caraguatatuba,78.61567241737684,65.73044272512358,-12.885229692253262,106195
3510609,SP,Carapicuíba,65.77513983537285,68.9245643968771,3.1494245615042473,290282
3510708,SP,Cardoso,77.08786610878661,77.31119791666667,0.2233318078800579,9593
3510807,SP,Casa Branca,82.06132249722941,75.39487260893722,-6.666449888292192,19558
3510906,SP,Cássia dos Coqueiros,72.56637168141593,78.65290602933189,6.086534347915958,2667
3511003,SP,Castilho,63.268925604405865,64.22779738624439,0.9588717818385248,15377
3511102,SP,Catanduva,79.54446258547388,77.7501353912808,-1.7943271941930732,86117
3511201,SP,Catiguá,83.55392156862744,82.78145695364239,-0.7724646149850543,5688
3511300,SP,Cedral,74.15586785909838,83.63812914711119,9.482261288012808,8582
3511409,SP,Cerqueira César,79.67229394240317,75.23040281660971,-4.441891125793461,14958
3511508,SP,Cerquilho,84.92171818546768,81.70164089618176,-3.220077289285925,36003
3511607,SP,Cesário Lange,85.32327100698356,84.99675955930006,-0.32651144768350093,13804
3511706,SP,Charqueada,88.86633187306336,83.12919373735222,-5.737138135711135,13212
3557204,SP,Chavantes,80.88758311427246,75.87554976380518,-5.012033350467277,8675
3511904,SP,Clementina,84.60721868365181,79.15067792274239,-5.456540760909419,5273
3512001,SP,Colina,61.158432708688245,80.58811433271643,19.429681624028184,14048
3512100,SP,Colômbia,75.64910511721705,79.69132778049976,4.042222663282715,5796
3512209,SP,Conchal,85.10815886485358,83.4307992202729,-1.677359644580676,20926
3512308,SP,Conchas,82.96228986824171,81.45655570243962,-1.505734165802096,12626
3512407,SP,Cordeirópolis,77.34798534798534,77.48896517900931,0.14097983102396938,19566
3512506,SP,Coroados,77.93582533906715,70.51455653351388,-7.421268805553268,4020
3512605,SP,Coronel Macedo,80.1503245644004,71.35767458348103,-8.792649980919379,3793
3512704,SP,Corumbataí,87.51023751023752,82.08709942481512,-5.423138085422394,3523
3512803,SP,Cosmópolis,70.7143095230159,67.28306781521269,-3.43124170780321,44572
3512902,SP,Cosmorama,84.64130003963535,77.7388597003308,-6.9024403393045475,7030
3513009,SP,Cotia,71.31571452127899,62.655375662165184,-8.660338859113807,193978
3513108,SP,Cravinhos,83.17204003760438,80.54027288732394,-2.6317671502804387,27124
3513207,SP,Cristais Paulista,77.22052067381317,75.27216174183515,-1.9483589319780208,7311
3513306,SP,Cruzália,87.40506329113924,85.51282051282051,-1.8922427783187317,1966
3513405,SP,Cruzeiro,83.83673270225432,77.91598334805097,-5.920749354203352,56185
3513504,SP,Cubatão,75.1830887287369,68.25873987151512,-6.924348857221787,90309
3513603,SP,Cunha,75.77347849925589,77.94911937377691,2.1756408745210223,18135
3513702,SP,Descalvado,79.57170506337017,75.8135721493441,-3.7581329140260777,24907
3513801,SP,Diadema,51.286591708356035,52.66660134154054,1.3800096331845069,330772
3513900,SP,Divinolândia,55.21160460595185,72.37041527735677,17.158810671404922,9543
3514007,SP,Dobrada,67.60532150776054,65.62833368892682,-1.9769878188337202,6727
3514106,SP,Dois Córregos,72.291213908724,81.6545903336253,9.36337642490129,18565
3514205,SP,Dolcinópolis,67.61842959117456,76.78265830005705,9.16422870888249,2355
3514304,SP,Dourado,80.45873622666967,81.57274480394257,1.114008577272898,6798
3514403,SP,Dracena,85.50561797752809,83.17781122339282,-2.327806754135267,33614
3514502,SP,Duartina,64.58130137940644,72.84602964920006,8.264728269793622,9857
3514601,SP,Dumont,87.21067085131425,80.41121495327103,-6.79945589804322,7337
3514700,SP,Echaporã,78.15149029258956,78.6231884057971,0.4716981132075375,5070
3514809,SP,Eldorado,68.39798943162779,66.04274339991619,-2.3552460317116015,10787
3514908,SP,Elias Fausto,84.16848220769789,74.4049459041731,-9.763536303524788,13526
3515004,SP,Embu das Artes,60.45571931832894,64.16030454224195,3.704585223913007,206229
3515103,SP,Embu-Guaçu,67.10823997601331,64.84229231452687,-2.265947661486436,53715
3515202,SP,Estrela d'Oeste,85.21499682270705,85.79019877976776,0.5752019570607132,7128
3515301,SP,Estrela do Norte,56.42781875658588,67.74725274725274,11.319433990666866,2464
3515400,SP,Fartura,76.52337691114558,76.1556899897272,-0.36768692141838244,12518
3515509,SP,Fernandópolis,79.29910119368284,78.81525232346044,-0.48384887022240264,50193
3515608,SP,Fernando Prestes,85.2771362586605,82.93178519593614,-2.3453510627243617,5086
3515707,SP,Ferraz de Vasconcelos,68.2859829475219,66.13751418346862,-2.148468764053277,128862
3515806,SP,Flora Rica,84.736355226642,87.28557013118062,2.5492149045386157,1428
3515905,SP,Floreal,76.65822784810126,80.34096963239212,3.6827417842908545,2670
3516002,SP,Flórida Paulista,79.43703162127582,78.97705173084402,-0.45997989043179643,7407
3516101,SP,Florínea,90.19316493313522,81.35162601626017,-8.841538916875052,2673
3516200,SP,Franca,72.90315507651118,67.71221146686523,-5.190943609645956,241705
3516309,SP,Francisco Morato,51.46890756302521,59.022115930475536,7.553208367450324,126743
3516408,SP,Franco da Rocha,39.20459182285575,51.51201860945981,12.307426786604061,107776
3516507,SP,Gabriel Monteiro,89.16929547844374,88.98678414096916,-0.1825113374745797,2682
3516606,SP,Gália,76.06485298158834,70.75,-5.314852981588345,4626
3516705,SP,Garça,81.25857338820302,72.30890684498932,-8.949666543213695,32368
3516804,SP,Gastão Vidigal,77.23772858517806,73.20135200386287,-4.036376581315196,2869
3516903,SP,General Salgado,79.66329966329967,80.18631314940882,0.52301348610915,7966
3517000,SP,Getulina,68.31057672712451,72.4294813466788,4.118904619554286,7043
3517109,SP,Glicério,72.71719038817005,79.78835978835978,7.071169400189731,3987
3517208,SP,Guaiçara,67.75174387408335,77.48700816629547,9.735264292212122,8162
3517307,SP,Guaimbê,68.06461634047841,80.98614244279729,12.921526102318879,4479
3517406,SP,Guaíra,60.78110136349223,77.16411653741353,16.3830151739213,28555
3517505,SP,Guapiaçu,79.58517380449395,79.39684589135848,-0.18832791313546693,15943
3517604,SP,Guapiara,62.064616280197924,61.001788908765654,-1.0628273714322702,13629
3517703,SP,Guará,76.49465364946536,78.6957371920219,2.201083542556532,14159
3517802,SP,Guaraçaí,80.69132540730955,77.8018278018278,-2.8894976054817505,6153
3517901,SP,Guaraci,40.05644090305445,77.31497418244406,37.25853327938961,8095
3518008,SP,Guarani d'Oeste,62.196969696969695,73.14814814814815,10.951178451178457,1783
3518107,SP,Guarantã,74.71264367816092,73.94671623296159,-0.7659274451993241,4765
3518206,SP,Guararapes,80.18952261755766,82.69514897808422,2.5056263605265627,23593
3518305,SP,Guararema,88.25630252100841,83.13790598734046,-5.118396533667948,26373
3518404,SP,Guaratinguetá,80.36803549017891,78.43366186504927,-1.9343736251296377,90804
3518503,SP,Guareí,88.38680524175328,83.72996600291404,-4.65683923883924,8903
3518602,SP,Guariba,79.2989770688903,77.50714251125854,-1.7918345576317591,28368
3518701,SP,Guarujá,82.73761915764653,75.69258157342828,-7.0450375842182495,238637
3518800,SP,Guarulhos,65.75757171823092,69.5859867910212,3.8284150727902784,947757
3518909,SP,Guzolândia,77.35849056603773,76.92626346313173,-0.43222710290599764,3558
3519006,SP,Herculândia,71.58514308910087,76.23469818488815,4.649555095787278,6937
3519105,SP,Iacanga,69.84257133486389,75.34177215189874,5.499200817034847,8269
3519204,SP,Iacri,84.49304174950298,83.31273176761434,-1.180309981888641,4766
3519303,SP,Ibaté,66.9166922840455,67.88710450623202,0.9704122221865248,26265
3519402,SP,Ibirá,83.18898855552119,84.60974178403755,1.4207532285163609,9094
3519501,SP,Ibirarema,83.10810810810811,85.53355335533553,2.4254452472274153,5070
3519600,SP,Ibitinga,81.28592074748765,78.95937127219142,-2.3265494752962326,41272
3519709,SP,Ibiúna,82.37135728073066,77.00904860997451,-5.36230867075615,61950
3519808,SP,Icém,80.02663115845539,74.63160281115394,-5.395028347301448,6048
3519907,SP,Iepê,82.99914675767918,78.13357731015553,-4.865569447523654,5971
3520004,SP,Igaraçu do Tietê,76.5925925925926,79.51587498963774,2.923282397045142,17539
3520103,SP,Igarapava,81.9691232158462,79.09077224145717,-2.878350974389022,19718
3520202,SP,Igaratá,88.35677940736306,85.16363636363636,-3.1931430437267068,9443
3520301,SP,Iguape,86.09058785737231,75.3992345255378,-10.691353331834506,22106
3520400,SP,Ilhabela,75.60771165129924,72.23125900450806,-3.3764526467911793,31085
3520509,SP,Indaiatuba,83.94122519095677,66.7983687753115,-17.14285641564527,192077
3520608,SP,Indiana,84.74295190713102,86.38622060284862,1.6432686957176088,4063
3520707,SP,Indiaporã,58.04255319148936,78.30271216097988,20.26015896949052,3164
3520806,SP,Inúbia Paulista,90.19343229869546,86.45021645021644,-3.743215848479011,3159
3520905,SP,Ipaussu,78.79945429740792,80.86846186380939,2.069007566401467,9987
3521002,SP,Iperó,76.50570443088353,73.14738856986601,-3.358315861017516,21605
3521101,SP,Ipeúna,82.15097197677355,79.63600590260698,-2.5149660741665656,5852
3521200,SP,Iporanga,79.56989247311827,71.07157983905125,-8.49831263406702,3303
3521309,SP,Ipuã,81.82469548602818,77.65208647561589,-4.1726090104122875,11207
3521408,SP,Iracemápolis,81.38857782754759,79.99702004022946,-1.3915577873181348,17617
3521507,SP,Irapuã,83.91209983722192,76.9128232471341,-6.999276590087817,5489
3521606,SP,Irapuru,77.77091694967582,79.96726677577742,2.1963498261015957,4556
3521705,SP,Itaberá,79.02990162657056,25.816407805655118,-53.213493820915446,13507
3521804,SP,Itaí,75.85600669736291,69.64238410596026,-6.213622591402654,16732
3521903,SP,Itajobi,86.54462242562929,84.24969454626236,-2.2949278793669237,12327
3522000,SP,Itaju,79.1859389454209,86.75942549371634,7.573486548295435,3176
3522109,SP,Itanhaém,74.31550574549581,67.86010905282923,-6.455396692666582,85044
3522208,SP,Itapecerica da Serra,67.18010299517354,62.984466810169295,-4.195636185004247,124019
3522307,SP,Itapetininga,89.31993259508907,78.21181319026499,-11.10811940482408,114355
3522406,SP,Itapeva,82.51157834337472,77.56079745638911,-4.950780886985612,68478
3522505,SP,Itapevi,76.26799221958072,83.96948501738035,7.701492797799631,168468
3522604,SP,Itapira,78.17966521341299,76.16145605596851,-2.018209157444474,53359
3522703,SP,Itápolis,78.15334718491866,80.97104945717732,2.817702272258657,28904
3522802,SP,Itaporanga,80.13964313421256,82.89595147039431,2.756308336181746,11006
3522901,SP,Itapuí,75.76140350877193,77.94593006171026,2.1845265529383227,9473
3523008,SP,Itapura,70.60024499795836,63.34841628959276,-7.2518287083655935,3647
3523107,SP,Itaquaquecetuba,67.29518664336199,63.907818697550695,-3.3873679458112917,257861
3523206,SP,Itararé,86.24884249515952,81.18707870086668,-5.061763794292844,33780
3523305,SP,Itariri,85.89123867069486,78.87135199523526,-7.0198866754596025,9789
3523404,SP,Itatiba,74.1117146584117,77.21695890277394,3.1052442443622397,85162
3523503,SP,Itatinga,83.42194810718843,83.48294434470377,0.06099623751534011,14068
3523602,SP,Itirapina,79.59572286509447,72.49560632688927,-7.100116538205199,10399
3523701,SP,Itirapuã,62.08381171067738,69.59654178674351,7.512730076066134,5150
3523800,SP,Itobi,78.439092172302,75.61091340450771,-2.8281787677942845,6007
3523909,SP,Itu,81.41923222238759,76.72128890112917,-4.697943321258421,128650
3524006,SP,Itupeva,82.05753917287439,76.51784381066149,-5.539695362212896,48387
3524105,SP,Ituverava,60.292338709677416,76.38380300376798,16.091464294090564,27366
3524204,SP,Jaborandi,72.32616587545378,74.375,2.048834124546218,5006
3524303,SP,Jaboticabal,76.21441894412456,77.07928218234346,0.8648632382189021,50931
3524402,SP,Jacareí,74.96972015044304,70.85805715020824,-4.111663000234799,171237
3524501,SP,Jaci,86.75171736997056,87.42198751800288,0.6702701480323157,5827
3524600,SP,Jacupiranga,82.27091633466135,79.39993102655478,-2.870985308106569,12333
3524709,SP,Jaguariúna,80.49472442701858,76.54001417521802,-3.954710251800563,45186
3524808,SP,Jales,80.09654954099399,78.47180109157065,-1.6247484494233362,36025
3524907,SP,Jambeiro,82.82548476454294,78.18081890629294,-4.644665858249994,4996
3525003,SP,Jandira,69.09648211108566,70.82790939859412,1.7314272875084527,76022
3525102,SP,Jardinópolis,82.92645161290322,78.61430460881066,-4.312147004092566,29784
3525201,SP,Jarinu,82.3095683738869,78.90272116337997,-3.406847210506939,26768
3525300,SP,Jaú,86.98404934648515,84.49013859641879,-2.4939107500663624,98724
3525409,SP,Jeriquara,70.52810902896081,87.45980707395498,16.931698044994164,3344
3525508,SP,Joanópolis,86.54492330168006,81.01620029455081,-5.528723007129244,9451
3525607,SP,João Ramalho,80.04073319755601,78.6109927567107,-1.4297404408453076,3518
3525706,SP,José Bonifácio,83.91782527495332,80.66223790741125,-3.255587367542063,27281
3525805,SP,Júlio Mesquita,73.51091379948205,66.20008233841087,-7.310831461071189,3690
3525904,SP,Jundiaí,77.24346934210138,75.33837686297953,-1.9050924791218478,337093
3526001,SP,Junqueirópolis,84.81363589690933,87.17923015236568,2.365594255456344,14112
3526100,SP,Juquiá,84.70291950377764,77.20501764014112,-7.497901863636514,15227
3526209,SP,Juquitiba,76.13452430909418,74.02373777750446,-2.11078653158971,22815
3526308,SP,Lagoinha,84.0463009562154,82.01995012468828,-2.0263508315271253,5475
3526407,SP,Laranjal Paulista,73.074826223252,84.16520826041302,11.090382037161021,20780
3526506,SP,Lavínia,80.73561544064093,74.6788990825688,-6.056716358072123,3884
3526605,SP,Lavrinhas,89.04317639401171,85.6554712892741,-3.3877051047376057,6102
3526704,SP,Leme,79.0566458971809,75.76774660342471,-3.288899293756188,72901
3526803,SP,Lençóis Paulista,77.60963123400185,82.22761894248814,4.617987708486282,50784
3526902,SP,Limeira,85.1743818976185,84.8097624127928,-0.3646194848257096,219189
3527009,SP,Lindóia,68.14098134070491,60.29680365296804,-7.844177687736874,5869
3527108,SP,Lins,78.58668945625467,77.71775451102695,-0.8689349452277213,53771
3527207,SP,Lorena,78.44396082698586,74.27418102779072,-4.16977979919514,61172
3527306,SP,Louveira,75.32680959139464,77.55347782972092,2.2266682383262832,39253
3527405,SP,Lucélia,80.37161067300421,77.2387643582023,-3.1328463148019097,13548
3527504,SP,Lucianópolis,58.263665594855304,59.550561797752806,1.286896202897502,2146
3527603,SP,Luís Antônio,82.90956370991043,73.44731842759023,-9.462245282320197,10065
3527702,SP,Luiziânia,78.55113636363636,74.91949910554561,-3.6316372580907483,3792
3527801,SP,Lupércio,83.28577252344068,73.20490367775832,-10.08086884568236,3317
3527900,SP,Lutécia,79.95469988674972,75.92051431911163,-4.03418556763809,2380
3528007,SP,Macatuba,71.49350649350649,79.31226973316959,7.818763239663099,12402
3528106,SP,Macaubal,89.0913338005139,84.24452133794695,-4.846812462566945,5924
3528205,SP,Macedônia,86.75344563552834,83.69718309859155,-3.056262536936785,4105
3528304,SP,Magda,75.45824847250509,80.74074074074075,5.282492268235657,2793
3528403,SP,Mairinque,73.24520573450009,71.1589589964426,-2.0862467380574827,38466
3528502,SP,Mairiporã,61.21033242131116,65.94169769011386,4.731365268802698,65733
3528601,SP,Manduri,85.29014844804318,85.66559743384121,0.3754489857980303,7096
3528700,SP,Marabá Paulista,50.846681922196794,59.884281581485055,9.037599659288261,3188
3528809,SP,Maracaí,82.67427122940431,80.46481601032924,-2.2094552190750676,10406
3528908,SP,Mariápolis,85.31727651690598,85.34606205250597,0.02878553559999375,2872
3529005,SP,Marília,81.64833558071905,75.52824639102066,-6.12008918969839,172714
3529104,SP,Marinópolis,83.69734789391576,77.43396226415095,-6.263385629764812,1754
3529203,SP,Martinópolis,86.0215854112393,82.60358737369782,-3.41799803754148,18046
3529302,SP,Matão,74.27969709190303,69.9251881665416,-4.354508925361429,63725
3529401,SP,Mauá,60.928624351691774,62.24610117915557,1.3174768274637998,310158
3529500,SP,Mendonça,49.609375,69.51446006898381,19.90508506898381,5260
3529609,SP,Meridiano,83.79506641366224,70.15803013597942,-13.637036277682824,3765
3529708,SP,Miguelópolis,68.03678678678679,74.10328638497653,6.066499598189736,15123
3529807,SP,Mineiros do Tietê,55.525860713724256,71.59410693593776,16.068246222213503,8683
3529906,SP,Miracatu,83.99778003884931,76.94761260390489,-7.050167434944427,15310
3530003,SP,Mira Estrela,78.01906779661017,84.10306271268838,6.083994916078211,2892
3530102,SP,Mirandópolis,85.83903705451971,80.92622327389503,-4.912813780624674,17999
3530201,SP,Mirante do Paranapanema,64.11745724427234,64.42882249560633,0.3113652513339815,12713
3530300,SP,Mirassol,77.57657420796635,77.1331725441627,-0.4434016638036411,43661
3530409,SP,Mirassolândia,83.55840648210669,80.14280856851411,-3.4155979135925776,4130
3530508,SP,Mococa,80.99832597778116,74.73820747255529,-6.260118505225876,49126
3530607,SP,Mogi das Cruzes,78.60580509576404,69.59907332778387,-9.00673176798017,333775
3530706,SP,Mogi Guaçu,78.10948940979901,78.79205363183468,0.6825642220356656,114174
3530805,SP,Mogi Mirim,81.58656147873691,79.21383256623959,-2.3727289124973225,67646
3530904,SP,Mombuca,87.1304347826087,75.08896797153025,-12.04146681107845,3151
3531001,SP,Monções,86.61417322834646,84.11214953271028,-2.5020236956361828,2121
3531100,SP,Mongaguá,76.08243695200217,70.21545460289379,-5.866982349108383,50491
3531209,SP,Monte Alegre do Sul,83.00289596792159,80.51293292415608,-2.4899630437655134,6336
3531308,SP,Monte Alto,79.71043635632415,81.57937343155508,1.8689370752309316,36025
3531407,SP,Monte Aprazível,76.01357082273113,76.7722602739726,0.7586894512414801,16980
3531506,SP,Monte Azul Paulista,78.67632267149467,79.6930693069307,1.0167466354360215,14241
3531605,SP,Monte Castelo,59.90783410138249,67.39850869925435,7.490674597871859,3327
3531704,SP,Monteiro Lobato,76.88356164383562,73.47150259067358,-3.4120590531620394,3833
3531803,SP,Monte Mor,66.571575100968,65.57840457256461,-0.9931705284033967,47316
3531902,SP,Morro Agudo,81.12213052222762,78.61491083578028,-2.5072196864473426,20180
3532009,SP,Morungaba,84.49183425563504,73.04518664047151,-11.446647615163528,10613
3532108,SP,Murutinga do Sul,82.6580226904376,83.93083087304935,1.2728081826117403,3341
3532207,SP,Narandiba,66.84733514001806,74.17218543046357,7.324850290445511,4458
3532306,SP,Natividade da Serra,91.71071600192215,86.25512418615867,-5.4555918157634835,5669
3532405,SP,Nazaré Paulista,80.62449959967974,77.68928220255654,-2.9352173971231963,14473
3532504,SP,Neves Paulista,80.17002767892447,76.16899097621001,-4.001036702714458,7059
3532603,SP,Nhandeara,87.60155422112328,85.94289870885616,-1.6586555122671172,7745
3532702,SP,Nipoã,81.48869836321123,76.21161672216056,-5.277081641050671,3881
3532801,SP,Nova Aliança,82.53157753292126,78.3342119135477,-4.1973656193735565,5431
3532900,SP,Nova Europa,52.75938189845475,59.29617575264442,6.536793854189675,7172
3533007,SP,Nova Granada,80.5475370146196,74.89622455030639,-5.6513124643132215,14793
3533106,SP,Nova Guataporanga,80.59479553903346,78.21637426900585,-2.3784212700276015,2019
3533205,SP,Nova Independência,78.4280222127296,70.43625582380348,-7.9917663889261235,3505
3533304,SP,Nova Luzitânia,78.32661290322581,76.15344738206325,-2.1731655211625593,2635
3533403,SP,Nova Odessa,71.94768717633634,72.83677691806253,0.8890897417261812,47408
3533502,SP,Novo Horizonte,83.78115737816432,80.20902034397037,-3.5721370341939576,28604
3533601,SP,Nuporanga,89.56095282578235,80.31876358367543,-9.242189242106917,6023
3533700,SP,Ocauçu,80.94236432477913,79.58246346555323,-1.3599008592259025,3441
3533809,SP,Óleo,82.65424912689174,85.71428571428571,3.0600365873939666,2420
3533908,SP,Olímpia,72.8795189147612,78.9875868745894,6.10806795982819,41874
3534005,SP,Onda Verde,86.82116914562435,79.45609436435124,-7.365074781273108,4387
3534104,SP,Oriente,61.79596174282678,48.68788386376326,-13.108077879063522,5159
3534203,SP,Orindiúva,78.74125874125875,72.0177138112372,-6.723544930021546,5003
3534302,SP,Orlândia,77.17231222385861,75.24526469159787,-1.9270475322607439,29493
3534401,SP,Osasco,69.32395682332786,62.86050221300242,-6.463454610325442,583224
3534500,SP,Oscar Bressane,88.26724606192286,85.61682774303581,-2.6504183188870485,2450
3534609,SP,Osvaldo Cruz,85.69993091754067,82.35672063736828,-3.3432102801723858,22809
3534708,SP,Ourinhos,79.3664538009164,76.30139068318262,-3.0650631177337857,76480
3534807,SP,Ouro Verde,69.96010326214504,70.03618817852835,0.07608491638330861,6097
3534906,SP,Pacaembu,81.24887204475726,77.63688760806916,-3.611984436688104,7523
3535002,SP,Palestina,74.21837421837422,77.12739793408755,2.9090237157133316,8996
3535101,SP,Palmares Paulista,79.87001263766022,72.30020587684821,-7.569806760812014,7352
3535200,SP,Palmeira d'Oeste,79.78109452736318,79.16748865653975,-0.6136058708234344,7437
3535309,SP,Palmital,80.7077237155495,80.26304328891212,-0.44468042663739027,16108
3535408,SP,Panorama,76.86628383921247,73.54838709677419,-3.317896742438279,9923
3535507,SP,Paraguaçu Paulista,71.483448733757,72.16195951012247,0.6785107763654707,29955
3535606,SP,Paraibuna,68.03188839063279,66.98001187413418,-1.0518765164986092,13836
3535705,SP,Paraíso,84.19071518193225,80.42131350681537,-3.7694016751168817,4547
3535804,SP,Paranapanema,79.60683081810961,80.70755662457407,1.1007258064644532,13591
3535903,SP,Paranapuã,78.04399057344855,80.07145692735213,2.027466353903577,3392
3536000,SP,Parapuã,82.66740658527561,81.5090735434575,-1.1583330418181106,7605
3536109,SP,Pardinho,67.96636085626912,84.26993275696445,16.30357190069533,6139
3536208,SP,Pariquera-Açu,85.91885441527447,83.32525918031199,-2.5935952349624785,14302
3536307,SP,Patrocínio Paulista,67.59946949602121,77.21688034188034,9.617410845859126,10549
3536406,SP,Paulicéia,72.59419246460283,79.68636911942099,7.092176654818161,5955
3536505,SP,Paulínia,69.79972238746778,69.31137053257798,-0.4883518548897996,89901
3536604,SP,Paulo de Faria,76.54320987654322,73.22124756335283,-3.321962313190383,6110
3536703,SP,Pederneiras,73.68727635849214,81.03513253213852,7.347856173646377,32588
3536802,SP,Pedra Bela,89.12437255995538,82.60115606936417,-6.52321649059121,4810
3536901,SP,Pedranópolis,69.68481375358166,74.52928870292887,4.844474949347202,2682
3537008,SP,Pedregulho,75.59635173058933,73.25879338457955,-2.3375583460097857,12296
3537107,SP,Pedreira,85.94122319301033,75.728072786021,-10.213150406989328,33383
3537206,SP,Pedro de Toledo,81.62628487518356,83.06697108066972,1.440686205486159,7891
3537305,SP,Penápolis,71.936,76.4665955590032,4.5305955590031886,43745
3537404,SP,Pereira Barreto,79.18117148478886,72.79617072197846,-6.385000762810407,19123
3537503,SP,Pereiras,79.45235487404162,81.31380381713271,1.8614489430910908,6469
3537602,SP,Peruíbe,79.75317208564631,72.92676190715308,-6.826410178493234,59839
3537701,SP,Piacatu,74.22617223414036,74.65051258154706,0.424340347406698,4487
3537800,SP,Piedade,79.386490103543,74.9372264868355,-4.449263616707498,42011
3537909,SP,Pilar do Sul,83.24364910524339,79.7786654443062,-3.464983660937193,22434
3538006,SP,Pindamonhangaba,77.77777777777777,70.30364683755427,-7.474130940223503,119093
3538105,SP,Pindorama,83.462396639979,77.3721648100926,-6.090231829886406,10497
3515186,SP,Espírito Santo do Pinhal,57.241965804314745,71.90387285174015,14.661907047425402,30946
3538204,SP,Pinhalzinho,80.41278295605859,76.41437308868501,-3.9984098673735815,11384
3538303,SP,Piquerobi,73.99735566328779,73.90310786106033,-0.0942478022274571,3115
3538501,SP,Piquete,80.97045269720792,77.35657225853305,-3.613880438674869,10044
3538600,SP,Piracaia,85.11600853098946,78.96201384844366,-6.1539946825458,21552
3538709,SP,Piracicaba,78.50007061814415,78.16915331386929,-0.33091730427486254,310644
3538808,SP,Piraju,78.26368223573554,73.21625344352617,-5.047428792209374,21986
3538907,SP,Pirajuí,74.73841554559043,76.17399901136925,1.4355834657788193,14814
3539004,SP,Pirangi,84.15702769015071,80.8609865470852,-3.2960411430655085,7897
3539103,SP,Pirapora do Bom Jesus,70.9028755278504,75.18389865140989,4.281023123559493,14158
3539202,SP,Pirapozinho,82.08548870133406,78.75431530494822,-3.331173396385836,19385
3539301,SP,Pirassununga,82.85479082994487,78.19728243958096,-4.657508390363915,55161
3539400,SP,Piratininga,80.91462551323801,77.19226018937835,-3.7223653238596626,10141
3539509,SP,Pitangueiras,77.36187380925698,74.97572399611585,-2.386149813141131,24981
3539608,SP,Planalto,85.76856649395509,82.4300389656394,-3.3385275283156943,3962
3539707,SP,Platina,85.31540847983455,83.74358974358974,-1.5718187362448077,2775
3539806,SP,Poá,69.41399092902412,67.13258847150061,-2.2814024575235123,89811
3539905,SP,Poloni,70.18229166666667,79.84423676012462,9.661945093457945,4510
3540002,SP,Pompéia,86.82894298099366,84.94260634706279,-1.886336633930867,16138
3540101,SP,Pongaí,64.66367713004485,81.66360294117646,16.999925811131618,2952
3540200,SP,Pontal,84.41513190642111,78.68367346938776,-5.7314584370333534,28277
3540309,SP,Pontes Gestal,77.58838383838383,76.05294825511432,-1.5354355832695177,2368
3540408,SP,Populina,51.12338858195212,77.36063708759954,26.237248505647422,3679
3540507,SP,Porangaba,77.8574273197929,79.91551459293395,2.058087273141041,7483
3540606,SP,Porto Feliz,80.61017879817427,78.30441045339187,-2.3057683447824076,41162
3540705,SP,Porto Ferreira,76.39234081282599,78.68685026445377,2.294509451627775,39960
3540804,SP,Potirendaba,80.48371898230552,82.91325032898067,2.429531346675148,13860
3540903,SP,Pradópolis,84.29367088607594,78.94327894327894,-5.350391942797003,13603
3541000,SP,Praia Grande,86.33269223176667,72.53719202369291,-13.795500208073761,264937
3541109,SP,Presidente Alves,71.50279776179056,78.5329465395773,7.030148777786735,3391
3541208,SP,Presidente Bernardes,77.4060799150405,79.81638418079096,2.4103042657504687,10209
3541307,SP,Presidente Epitácio,67.98623897664503,71.2814818553475,3.2952428787024672,29804
3541406,SP,Presidente Prudente,75.44763246762712,78.81901387658695,3.3713814089598344,165295
3541505,SP,Presidente Venceslau,81.64786254010971,80.58015101309142,-1.0677115270182895,26379
3541604,SP,Promissão,70.34575210858516,73.25513196480938,2.90937985622422,26511
3541703,SP,Quatá,76.21139132898838,81.42695356738392,5.215562238395535,10121
3541802,SP,Queiroz,39.800779558250326,48.20424058848983,8.403461030239505,3299
3541901,SP,Queluz,77.96803652968036,66.75366392290705,-11.21437260677331,7112
3542008,SP,Quintana,85.88022715539493,85.32638507953922,-0.5538420758557123,5214
3542107,SP,Rafard,82.38467261904762,77.20655979362446,-5.178112825423156,7253
3542206,SP,Rancharia,80.99434753540388,82.28553731805512,1.2911897826512444,22888
3542305,SP,Redenção da Serra,89.21370967741936,83.80445626870635,-5.409253408713013,4304
3542404,SP,Regente Feijó,80.58562555456966,78.4126417284171,-2.17298382615256,15711
3542503,SP,Reginópolis,69.40298507462687,77.03856343832794,7.635578363701072,4734
3542602,SP,Registro,79.70490907434956,74.60827003146554,-5.096639042884021,45199
3542701,SP,Restinga,74.173294265383,72.30056830141022,-1.8727259639727833,6817
3542800,SP,Ribeira,70.61442564559216,74.42307692307692,3.8086512774847563,2889
3542909,SP,Ribeirão Bonito,68.35951134380454,70.5977966407802,2.2382852969756613,8616
3543006,SP,Ribeirão Branco,69.5999248685199,71.58491303498144,1.9849881664615339,14335
3543105,SP,Ribeirão Corrente,81.5354713313897,80.27985681744224,-1.2556145139474637,4387
3543204,SP,Ribeirão do Sul,60.503915560095336,78.39673913043478,17.892823570339445,3926
3543303,SP,Ribeirão Pires,64.33454229412847,65.08053186971152,0.745989575583053,85765
3543402,SP,Ribeirão Preto,73.36611680039142,70.7421020797469,-2.6240147206445243,471753
3543501,SP,Riversul,75.78461538461538,73.57512953367876,-2.209485850936616,4557
3543600,SP,Rifaina,44.19464120726825,80.10103845074376,35.90639724347551,5127
3543709,SP,Rincão,51.08,56.503467114940115,5.423467114940117,7171
3543808,SP,Rinópolis,90.30931871574002,86.97349496609822,-3.335823749641804,7452
3543907,SP,Rio Claro,76.02888292710772,73.5327297720055,-2.4961531551022205,151125
3544004,SP,Rio das Pedras,80.34924464357516,78.30946363381072,-2.0397810097644395,25297
3544103,SP,Rio Grande da Serra,56.568891166047564,62.140183296760036,5.571292130712472,33722
3544202,SP,Riolândia,72.78778386844166,67.66443481685702,-5.12334905158464,7102
3544301,SP,Roseira,86.39584317430327,81.39721198525878,-4.998631189044488,8328
3544400,SP,Rubiácea,83.40011448196908,87.66881972988843,4.268705247919343,2390
3544509,SP,Rubinéia,82.33576642335767,79.7752808988764,-2.5604855244812654,3916
3544608,SP,Sabino,48.05414551607445,81.15639150121909,33.10224598514464,4352
3544707,SP,Sagres,89.50953678474114,83.32155477031802,-6.1879820144231275,2091
3544806,SP,Sales,85.09654609736198,83.43038644785601,-1.6661596495059712,5354
3544905,SP,Sales Oliveira,90.18661518661519,81.12050389524283,-9.066111291372351,8526
3545001,SP,Salesópolis,83.9805379601579,81.84496409501013,-2.1355738651477765,14725
3545100,SP,Salmourão,84.1472303206997,80.33989957512553,-3.807330745574177,3874
3545209,SP,Salto,77.1377070670957,70.7443432569261,-6.393363810169603,95308
3545308,SP,Salto de Pirapora,77.22025912838633,72.69048895822162,-4.52977017016471,31402
3545407,SP,Salto Grande,83.5356762513312,81.991341991342,-1.5443342599891992,6580
3545506,SP,Sandovalina,42.633841344275105,37.091353498319585,-5.54248784595552,4876
3545605,SP,Santa Adélia,92.41957352397387,77.78538187790856,-14.634191646065304,10828
3545704,SP,Santa Albertina,83.43063664164582,80.70550507749866,-2.725131564147162,5093
3545803,SP,Santa Bárbara d'Oeste,84.83205387974087,80.6715774625813,-4.160476417159572,138410
3500550,SP,Águas de Santa Bárbara,80.83333333333333,80.55480010878433,-0.278533224548994,5392
3546009,SP,Santa Branca,82.90281478049346,79.47183098591549,-3.430983794577969,11889
3546108,SP,Santa Clara d'Oeste,80.34825870646766,85.76470588235294,5.416447175885281,2440
3546207,SP,Santa Cruz da Conceição,79.54933424376921,80.69173942243116,1.1424051786619458,4140
3546306,SP,Santa Cruz das Palmeiras,79.7497393117831,76.74272555997489,-3.0070137518082163,21443
3546405,SP,Santa Cruz do Rio Pardo,80.29859608940917,80.34311435729755,0.044518267888378205,34041
3546504,SP,Santa Ernestina,62.09983722192078,73.49137931034483,11.391542088424046,5040
3546603,SP,Santa Fé do Sul,80.84005911106058,82.70475974099739,1.8647006299368059,25810
3546702,SP,Santa Gertrudes,84.5423778693349,76.42685326918871,-8.115524600146188,19153
3546801,SP,Santa Isabel,79.67534435725592,76.66890080428955,-3.006443552966374,41695
3546900,SP,Santa Lúcia,66.4324569356301,56.10805641883815,-10.324400516791947,6326
3547007,SP,Santa Maria da Serra,65.73305670816045,82.7900455660708,17.056988857910355,4225
3547106,SP,Santa Mercedes,88.02139037433155,86.13333333333334,-1.8880570409982056,2679
3547205,SP,Santana da Ponte Pensa,78.21330902461258,83.90977443609023,5.6964654114776465,1925
3547304,SP,Santana de Parnaíba,54.67968595368477,75.98507051426567,21.305384560580904,111456
3547403,SP,Santa Rita d'Oeste,77.22772277227723,78.66295264623956,1.435229873962328,2471
3547502,SP,Santa Rita do Passa Quatro,85.49808156885037,82.77223458473907,-2.7258469841112998,19993
3547601,SP,Santa Rosa de Viterbo,78.71891130924449,73.30245637250847,-5.416454936736017,18030
3547700,SP,Santo Anastácio,64.7454735045976,66.95522388059702,2.2097503759994197,15054
3547809,SP,Santo André,59.671957521182414,64.85120929151684,5.1792517703344245,572921
3547908,SP,Santo Antônio da Alegria,81.09830840892376,79.84984257689513,-1.2484658320286286,5700
3548005,SP,Santo Antônio de Posse,76.72008360912733,72.74818917767362,-3.9718944314537055,16288
3548104,SP,Santo Antônio do Jardim,75.40444200712915,78.00447177193963,2.600029764810486,5173
3548203,SP,Santo Antônio do Pinhal,81.41171130276895,75.75078440161363,-5.660926901155321,6113
3548302,SP,Santo Expedito,61.811811811811815,74.25531914893617,12.443507337124352,2682
3548401,SP,Santópolis do Aguapeí,75.53143374038896,83.90941597139452,8.37798223100556,3231
3548500,SP,Santos,77.08865093693582,68.47322473663675,-8.61542620029907,348145
3548609,SP,São Bento do Sapucaí,83.51920693928129,77.82548688851404,-5.693720050767254,9073
3548708,SP,São Bernardo do Campo,48.95604559624381,53.512831492629935,4.556785896386124,626008
3548807,SP,São Caetano do Sul,65.74745749067523,64.20083784899397,-1.5466196416812608,147533
3548906,SP,São Carlos,66.26348987144375,60.350799050815176,-5.912690820628576,196178
3549003,SP,São Francisco,75.30864197530865,79.51191827468786,4.203276299379212,2505
3549102,SP,São João da Boa Vista,79.57458299578322,73.22952858919916,-6.345054406584055,67128
3549201,SP,São João das Duas Pontes,78.11491284699807,82.51041046995836,4.395497622960292,2242
3549300,SP,São João do Pau d'Alho,87.31582319026265,82.03292770221904,-5.282895488043607,1906
3549409,SP,São Joaquim da Barra,63.52927177534507,69.73581172979434,6.206539954449262,35828
3549508,SP,São José da Bela Vista,76.07404021937843,75.49019607843137,-0.5838441409470647,6916
3549607,SP,São José do Barreiro,84.81145251396649,78.30153385708941,-6.509918656877076,3578
3549706,SP,São José do Rio Pardo,78.57379645659141,77.28664370455415,-1.287152752037258,39191
3549805,SP,São José do Rio Preto,74.39631882883974,76.51546707243469,2.1191482435949496,344003
3549904,SP,São José dos Campos,72.99730783648393,71.62462294053269,-1.372684895951238,538797
3550001,SP,São Luiz do Paraitinga,80.63678600710577,73.90952059419311,-6.727265412912658,10204
3550100,SP,São Manuel,87.38149092834111,82.57182761372705,-4.809663314614056,29304
3550209,SP,São Miguel Arcanjo,86.89015929400011,77.24487390996936,-9.645285384030757,24440
3550308,SP,São Paulo,59.773682197993864,54.97229786382972,-4.8013843341641405,9126158
3550407,SP,São Pedro,83.63675535925886,77.80409928931918,-5.832656069939674,28553
3550506,SP,São Pedro do Turvo,63.46060898985017,76.68097281831187,13.2203638284617,5673
3550605,SP,São Roque,76.3547619047619,72.71523816400703,-3.6395237407548677,60260
3550704,SP,São Sebastião,72.99001128788363,72.38177057764686,-0.6082407102367711,68034
3550803,SP,São Sebastião da Grama,62.38668205043679,68.49148418491484,6.104802134478049,8398
3550902,SP,São Simão,83.38383226275603,76.52332077432766,-6.860511488428372,11157
3551009,SP,São Vicente,81.75138312586445,71.15804935370153,-10.593333772162921,255910
3551108,SP,Sarapuí,86.69449990923943,77.71608365722747,-8.978416252011954,7398
3551207,SP,Sarutaiá,83.14757021845742,80.02748511223088,-3.12008510622654,3202
3551306,SP,Sebastianópolis do Sul,88.8056206088993,86.67582417582418,-2.1297964330751284,3007
3551405,SP,Serra Azul,60.099889012208656,52.44043043812452,-7.659458574084134,7366
3551504,SP,Serrana,80.39288668320927,74.12821490614805,-6.264671777061224,33570
3551603,SP,Serra Negra,85.10852469329978,78.73640007635045,-6.3721246169493355,22276
3551702,SP,Sertãozinho,77.46695031150281,74.3077182701011,-3.159232041401708,93301
3551801,SP,Sete Barras,78.53844064113012,76.43168706908682,-2.106753572043303,10260
3551900,SP,Severínia,81.07597923548843,81.46297137664698,0.38699214115854375,11642
3552007,SP,Silveiras,87.55144032921811,83.79874213836477,-3.7526981908533372,5404
3552106,SP,Socorro,85.1347570642544,82.76651982378854,-2.3682372404658594,30482
3552205,SP,Sorocaba,73.93594187656282,70.04397200475631,-3.891969871806509,530590
3552304,SP,Sud Mennucci,74.49438202247191,72.3043893129771,-2.189992709494817,6041
3552403,SP,Sumaré,73.20981180446309,69.68135025483316,-3.528461549629924,199799
3552502,SP,Suzano,70.11937523010776,66.20487117729552,-3.914504052812248,235438
3552601,SP,Tabapuã,86.07791401521031,83.52263637817948,-2.5552776370308266,8762
3552700,SP,Tabatinga,63.56344510190664,75.02009107956067,11.456645977654034,10716
3552809,SP,Taboão da Serra,63.54417257007669,60.5781000532198,-2.96607251685689,211829
3552908,SP,Taciba,69.2288306451613,70.0743018191135,0.8454711739522054,5069
3553005,SP,Taguaí,82.56417866152248,80.18539976825029,-2.378778893272184,9253
3553104,SP,Taiaçu,70.85201793721973,79.67304133251079,8.821023395291064,4509
3553203,SP,Taiúva,78.69204789683758,83.42679127725857,4.734743380420994,4396
3553302,SP,Tambaú,81.44904458598727,77.63146026878326,-3.817584317204009,15898
3553401,SP,Tanabi,80.14120578666851,73.87387387387388,-6.267331912794631,19937
3553500,SP,Tapiraí,82.08780943484354,75.08796622097115,-6.999843213872381,6269
3553609,SP,Tapiratiba,67.9176072234763,76.28511655708309,8.36750933360679,9228
3553708,SP,Taquaritinga,80.53090801538006,76.38396093243294,-4.146947082947122,38620
3553807,SP,Taquarituba,71.19643141628167,72.37185056472633,1.1754191484446608,18080
3553906,SP,Tarabai,68.12216052498738,68.66456361724501,0.5424030922576293,5176
3554003,SP,Tatuí,79.94318275120285,82.32924342215239,2.386060670949533,88764
3554102,SP,Taubaté,81.81486509925418,80.0602326516165,-1.7546324476376753,239596
3554201,SP,Tejupá,78.12142038946163,75.38275584206285,-2.738664547398784,3456
3554300,SP,Teodoro Sampaio,74.62374245472837,73.95716865915541,-0.6665737955729583,17019
3554409,SP,Terra Roxa,73.12072892938497,74.57218078104432,1.4514518516593569,6363
3554508,SP,Tietê,82.10856261505548,79.61469108854513,-2.493871526510347,29070
3554607,SP,Timburi,74.5712596096984,86.88901667625072,12.317757066552318,2427
3554706,SP,Torrinha,87.06746568722211,86.09884332281808,-0.9686223644040268,6691
3554805,SP,Tremembé,83.01748267792411,78.04866786720228,-4.968814810721824,29627
3554904,SP,Três Fronteiras,76.14571092831963,79.8853711790393,3.739660250719666,5256
3555000,SP,Tupã,86.26654008188453,79.96696338441772,-6.299576697466804,47261
3555109,SP,Tupi Paulista,81.40873264106092,82.09813442371582,0.6894017826548975,10832
3555208,SP,Turiúba,84.58434221146085,81.82579564489112,-2.758546566569734,1661
3555307,SP,Turmalina,73.10725552050474,78.42993396918563,5.32267844868089,1955
3555406,SP,Ubatuba,75.80782807711704,70.77327313435597,-5.034554942761062,77899
3555505,SP,Ubirajara,71.46739130434783,81.97548666186013,10.508095357512303,3995
3555604,SP,Uchoa,58.01540390471073,80.61473978344394,22.599335878733207,8307
3555703,SP,União Paulista,86.14982578397212,85.01208702659146,-1.13773875738066,1703
3555802,SP,Urânia,80.26512721830233,79.00779007790078,-1.257337140401546,6898
3555901,SP,Uru,81.06666666666666,83.74679213002567,2.680125463359005,1622
3556008,SP,Urupês,81.67979002624672,82.85410010649628,1.1743100802495547,10624
3556107,SP,Valentim Gentil,81.49589277993947,79.2362441828634,-2.2596485970760654,10146
3556206,SP,Valinhos,73.85340954882618,70.39078156312625,-3.4626279856999247,94674
3556305,SP,Valparaíso,75.951618641053,78.14394680226873,2.192328161215727,15952
3556404,SP,Vargem Grande do Sul,76.79467341867117,81.32161584773742,4.526942429066253,30429
3556503,SP,Várzea Paulista,72.00558318066824,74.98910090881652,2.9835177281482856,84728
3556602,SP,Vera Cruz,80.28879610299235,75.26997840172787,-5.0188177012644815,7886
3556701,SP,Vinhedo,74.17634484430438,71.36825578681604,-2.8080890574883455,65669
3556800,SP,Viradouro,76.44767319435671,77.52739301219765,1.0797198178409388,13103
3556909,SP,Vista Alegre do Alto,78.04992934526614,78.91041162227603,0.8604822770098934,5990
3557006,SP,Votorantim,74.25957512792681,71.96084573218481,-2.2987293957420007,92601
3557105,SP,Votuporanga,79.74733030184564,78.85150053152343,-0.8958297703222087,68927
3556453,SP,Vargem Grande Paulista,75.78286585144599,68.40675009226021,-7.3761157591857796,42997
1700251,TO,Abreulândia,52.883116883116884,96.81397738951696,43.93086050640008,2525
1717206,TO,Piraquê,91.70353982300885,93.62822538177988,1.9246855587710314,2394
1718550,TO,Riachinho,89.95558592415442,95.6354748603352,5.679888936180774,3503
1706506,TO,Darcinópolis,91.67423554344535,93.80434782608695,2.130112282641605,4743
1713809,TO,Palmeiras do Tocantins,92.91291291291292,93.9384800965018,1.0255671835888904,4232
1712801,TO,Maurilândia do Tocantins,95.89409056024559,96.9241773962804,1.0300868360348119,3586
1703826,TO,Cachoeirinha,93.23308270676692,92.78544542032623,-0.44763728644069545,2029
1701051,TO,Angico,93.88136384866884,96.98062190175754,3.099258053088704,2806
1715705,TO,Palmeirante,89.75086723431095,93.43595701423178,3.6850897799208298,4317
1703842,TO,Campos Lindos,85.4876615746181,93.86681183088369,8.37915025626559,6887
1720150,TO,São Félix do Tocantins,97.09257842387146,98.16873773708306,1.0761593132116047,1852
1711951,TO,Lagoa do Tocantins,88.52525252525253,96.08433734939759,7.55908482414506,3307
1703305,TO,Bom Jesus do Tocantins,84.72012102874433,96.35108481262327,11.63096378387894,3672
1718881,TO,Santa Maria do Tocantins,93.36585365853658,96.61432777232581,3.2484741137892286,2546
1715150,TO,Novo Alegre,93.76135675348274,96.53846153846153,2.777104784978789,2099
1718840,TO,Sandolândia,96.19744058500915,96.69021941242097,0.49277882741182566,3566
1720937,TO,Taipas do Tocantins,94.43284620737649,94.10131852879944,-0.33152767857704646,2033
1715259,TO,Novo Jardim,92.68436578171091,86.03839441535777,-6.6459713663531375,2344
1720200,TO,São Miguel do Tocantins,92.05797976747698,96.54435787886403,4.4863781113870544,9833
1708254,TO,Tabocão,79.27590511860174,94.3956503554998,15.119745236898055,3073
1710904,TO,Itapiratins,89.04411764705883,98.57600569597722,9.53188804891839,3403
1704105,TO,Centenário,69.80038634900193,96.42857142857143,26.628185079569505,1930
1718501,TO,Recursolândia,53.08693826123478,88.10788720882714,35.02094894759236,2936
1721307,TO,Tupiratins,94.61697722567288,97.12078651685393,2.5038092911810423,1797
1703602,TO,Brasilândia do Tocantins,94.98327759197325,97.89343246592317,2.910154873949921,1994
1711803,TO,Juarina,86.94895591647332,94.79574706211528,7.846791145641959,2277
1716307,TO,Pau D'Arco,89.14159941305942,92.78350515463917,3.6419057415797482,3551
1712702,TO,Mateiros,95.09316770186335,97.5,2.4068322981366492,2000
1720101,TO,São Bento do Tocantins,85.66366857454348,95.5868320610687,9.923163486525226,5456
1707405,TO,Esperantina,82.05611390284757,88.02145411203814,5.965340209190572,6624
1703867,TO,Cariri do Tocantins,94.1113105924596,95.91766723842196,1.806356645962353,3798
1702158,TO,Araguanã,88.82777586799587,93.41549295774648,4.587717089750612,3552
1703883,TO,Carmolândia,95.24061343204653,96.77589852008457,1.5352850880380373,2413
1701309,TO,Aragominas,85.86927040954706,89.99713384924047,4.127863439693414,4450
1713957,TO,Muricilândia,92.39033124440465,94.87951807228916,2.4891868278845095,2874
1718865,TO,Santa Fé do Araguaia,81.61868806040586,91.69351127473539,10.074823214329527,5525
1711506,TO,Jaú do Tocantins,81.05074090704984,90.29249682068674,9.241755913636894,3091
1720853,TO,Sucupira,95.77151335311572,98.03646563814867,2.2649522850329475,1762
1711902,TO,Lagoa da Confusão,93.15418105389581,91.14117947408731,-2.0130015798085026,10221
1720259,TO,São Salvador do Tocantins,58.71766029246344,94.69026548672566,35.97260519426222,2701
1712009,TO,Lajeado,90.06410256410257,93.85245901639344,3.78835645229087,3503
1718709,TO,Rio dos Bois,83.54554358472086,94.42307692307692,10.87753333835606,2668
1703891,TO,Carrasco Bonito,93.0640554875561,96.77064220183486,3.7065867142787567,3567
1718659,TO,Rio da Conceição,55.51378446115288,90.5982905982906,35.08450613713772,2139
1721000,TO,Palmas,84.83953803639398,89.26059203269381,4.4210539962998325,218549
1721257,TO,Tupirama,95.83883751651256,97.92674498963372,2.087907473121163,1851
1715507,TO,Oliveira de Fátima,93.72384937238493,95.48872180451127,1.7648724321263387,1692
1704600,TO,Chapada de Areia,94.77821448624368,96.39121338912133,1.6129989028776492,2545
1705102,TO,Chapada da Natividade,85.74580759046779,94.72817133443164,8.982363743963845,3102
1720978,TO,Talismã,87.54448398576513,96.52362846279196,8.979144477026836,2560
1700301,TO,Aguiarnópolis,95.63624250499667,96.20423244877394,0.5679899437772633,3951
1712454,TO,Luzinópolis,94.83500717360114,96.73049976646426,1.8954925928631212,2601
1720002,TO,Santa Terezinha do Tocantins,95.6896551724138,98.67149758454106,2.981842412127264,2106
1718899,TO,Santa Rita do Tocantins,92.52225519287833,97.38317757009345,4.860922377215118,2126
1706258,TO,Crixás do Tocantins,96.12462006079028,92.57703081232494,-3.547589248465343,1827
1713700,TO,Monte Santo do Tocantins,94.72868217054264,96.21975806451613,1.4910758939734876,2559
1718451,TO,Pugmil,94.27527405602923,96.6304347826087,2.35516072657947,2328
1703057,TO,Bandeirantes do Tocantins,91.91111111111111,98.20742637644047,6.296315265329355,2799
1709807,TO,Ipueiras,80.77709611451942,92.68134715025907,11.904251035739648,1997
1712157,TO,Lavandeira,86.96245733788396,95.72327044025157,8.760813102367607,2002
1703073,TO,Barra do Ouro,91.74061433447099,96.43879173290938,4.698177398438389,4021
1703206,TO,Bernardo Sayão,88.84433102442581,95.26647966339411,6.422148638968295,3604
1703800,TO,Buriti do Tocantins,81.17354740061162,94.80921944605849,13.635672045446867,6689
1700400,TO,Almas,93.24884231050451,91.55545329038196,-1.6933890201225523,5592
1703909,TO,Caseara,84.64063012799475,94.90057729313662,10.259947165141867,3951
1700707,TO,Alvorada,91.5946724262059,96.94811800610377,5.3534455798978655,8052
1705557,TO,Combinado,92.90450928381964,95.16335682254964,2.2588475387300093,3890
1707108,TO,Divinópolis do Tocantins,86.17543859649123,91.82815783329443,5.652719236803193,5779
1701002,TO,Ananás,82.44541484716157,94.60978835978835,12.164373512626781,7593
1708304,TO,Goianorte,92.25912709305517,96.25069949636261,3.991572403307444,4496
1712504,TO,Marianópolis do Tocantins,94.13500553301365,95.21995150675441,1.0849459737407585,3802
1701903,TO,Araguacema,89.8663101604278,93.93396467878168,4.067654518353876,5135
1702000,TO,Araguaçu,93.87631366208569,97.20659163987138,3.330277977785684,6645
1715002,TO,Nova Rosalândia,96.5453707968678,96.86426116838489,0.3188903715170852,2880
1702109,TO,Araguaína,86.71665530561236,90.87634425491366,4.159688949301298,123845
1702208,TO,Araguatins,89.31403171552138,92.47863247863248,3.164600763111096,22355
1702307,TO,Arapoema,86.19854721549636,93.18313113807048,6.984583922574117,4628
1702406,TO,Arraias,59.51940850277264,86.77994902293968,27.260540520167034,8200
1716653,TO,Pequizeiro,76.73950546290972,95.49215406562054,18.75264860271082,4371
1718006,TO,Porto Alegre do Tocantins,80.27681660899654,85.6926952141058,5.415878605109256,2639
1718303,TO,Praia Norte,94.73189087488241,95.69506726457399,0.9631763896915828,5873
1702703,TO,Aurora do Tocantins,88.03768947152807,90.64688916357643,2.6091996920483638,3314
1718808,TO,Sampaio,87.42408002858164,91.41616566466266,3.992085636081015,4157
1702901,TO,Axixá do Tocantins,87.88877741149491,96.48557826939232,8.596800857897406,9184
1718907,TO,Santa Rosa do Tocantins,89.94959976282242,96.83298476247386,6.88338499965144,4257
1703008,TO,Babaçulândia,88.14192343604108,95.23364485981308,7.091721423772,6651
1719004,TO,Santa Tereza do Tocantins,94.81151195784354,96.45841623557502,1.6469042777314797,3061
1720499,TO,São Valério,93.5798319327731,96.56075990828693,2.980927975513822,4075
1703701,TO,Brejinho de Nazaré,94.99072356215213,95.6875753920386,0.6968518298864694,4228
1705508,TO,Colinas do Tocantins,83.24290720018085,93.66704984846902,10.424142648288168,25350
1705607,TO,Conceição do Tocantins,80.99335158388737,95.26175009552924,14.268398511641863,3643
1706001,TO,Couto Magalhães,63.88807927717866,94.15584415584415,30.26776487866549,4816
1706100,TO,Cristalândia,93.16580554250822,93.74853113983549,0.5827255973272685,5530
1707009,TO,Dianópolis,74.10918941446134,64.3223819301848,-9.786807484276537,13191
1707207,TO,Dois Irmãos do Tocantins,84.74445018069179,92.41594996090696,7.671499780215171,5082
1707306,TO,Dueré,64.68853667526723,93.9568345323741,29.268297857106873,3669
1707702,TO,Filadélfia,94.21125920031828,95.56701030927834,1.3557511089600638,6244
1708205,TO,Formoso do Araguaia,87.65580278829286,93.48071495766698,5.824912169374116,14141
1709500,TO,Gurupi,89.63731746644562,93.39257184128165,3.755254374836028,61238
1710508,TO,Itacajá,85.53287981859411,95.08858488450325,9.555705065909137,5444
1710706,TO,Itaguatins,93.1310818546079,95.2988047808765,2.1677229262685955,4717
1711100,TO,Itaporã do Tocantins,97.20953830542872,98.1642955484167,0.9547572429879807,2703
1713205,TO,Miracema do Tocantins,89.0625,91.6052880075543,2.542788007554293,14418
1713304,TO,Miranorte,88.80468022869299,92.91348935051275,4.10880912181976,10079
1713601,TO,Monte do Carmo,92.74515014615997,93.97899052011273,1.2338403739527593,5125
1714203,TO,Natividade,86.28859972810254,94.70725087243117,8.418651144328635,6806
1714302,TO,Nazaré,94.4047619047619,97.1864711164322,2.7817092116703037,4125
1715101,TO,Novo Acordo,91.33376288659794,97.06682794073178,5.733065054133846,4119
1716109,TO,Paraíso do Tocantins,90.94264735066481,94.0188757912292,3.0762284405643925,36054
1716208,TO,Paranã,84.89660876757651,93.05937550558163,8.162766738005118,8577
1716505,TO,Pedro Afonso,89.54650269023828,94.59524963645177,5.048746946213484,10798
1716604,TO,Peixe,90.84419061217206,93.36388634280476,2.519695730632705,7283
1716703,TO,Colméia,94.43784639746634,96.6108222607356,2.172975863269258,6526
1709005,TO,Goiatins,90.83395942900076,96.16195698017714,5.327997551176381,8809
1717008,TO,Pindorama do Tocantins,84.45807770961146,96.63865546218487,12.180577752573413,3710
1717503,TO,Pium,95.53060325847645,94.01540154015402,-1.5152017183224302,5965
1717800,TO,Ponte Alta do Bom Jesus,95.13888888888889,94.53125,-0.6076388888888857,3642
1717909,TO,Ponte Alta do Tocantins,89.0909090909091,95.08120649651973,5.990297405610633,5628
1718204,TO,Porto Nacional,88.39689244675509,90.58195347780396,2.1850610310488747,47070
1712405,TO,Lizarda,92.85714285714286,97.58099352051836,4.723850663375501,3099
1720309,TO,São Sebastião do Tocantins,93.94990366088632,96.47103950901419,2.5211358481278694,3364
1720804,TO,Sítio Novo do Tocantins,88.17221510883483,97.28938857230864,9.117173463473804,8078
1720903,TO,Taguatinga,88.86950018696248,89.60960232783705,0.7401021408745692,11229
1721109,TO,Tocantínia,75.24875621890547,95.16199649737302,19.913240278467555,5453
1721208,TO,Tocantinópolis,91.12524850894633,93.6240444753301,2.498795966383767,16077
1709302,TO,Guaraí,87.29362752661626,93.61935389562929,6.325726369013026,17601
1718402,TO,Presidente Kennedy,92.93158133212506,96.89820882481433,3.9666274926892697,2825
1722107,TO,Xambioá,91.59928122192274,94.54842543077837,2.9491442088556283,8636
1715754,TO,Palmeirópolis,92.09291936564664,96.61936560934892,4.526446243702281,6163
1720655,TO,Silvanópolis,88.0066170388751,96.28099173553719,8.274374696662079,4865
1714880,TO,Nova Olinda,88.89415481832543,92.5342573633643,3.6401025450388715,8132
1722081,TO,Wanderlândia,82.91635548917102,93.0628731998595,10.146517710688471,7391
1707652,TO,Figueirópolis,86.54970760233918,96.05113636363636,9.501428761297177,4679
1718758,TO,Rio Sono,77.10428037920138,92.06657420249654,14.962293823295155,4294
1707553,TO,Fátima,94.18960244648318,96.87258687258688,2.682984426103701,3389
1702554,TO,Augustinópolis,91.99878308487983,92.9617336977743,0.962950612894474,13638
1700350,TO,Aliança do Tocantins,89.6842105263158,93.61313868613139,3.928928159815598,4304
1701101,TO,Aparecida do Rio Negro,91.77385581812743,96.31933644375324,4.545480625625814,4670
1703107,TO,Barrolândia,92.32922732362822,95.43557642149192,3.106349097863699,4903
