uf,mun,pct_dir_0,pct_dir_1,swing_dir,aptos,ibge,nome_ibge
AC,1007,53.552421500798296,68.60507028715607,15.052648786357771,11152,1200138,Bujari
AC,1015,66.92850272523245,79.89242208511311,12.963919359880663,8168,1200179,Capixaba
AC,1023,57.34862124514356,75.26192196531792,17.913300720174362,14284,1200807,Porto Acre
AC,1031,59.10976989815164,55.20393811533052,-3.9058317828211173,3927,1200435,Santa Rosa do Purus
AC,1040,54.149964630983256,65.8844171510034,11.734452520020149,11896,1200351,Marechal Thaumaturgo
AC,1058,63.65006508186614,74.53971593897948,10.889650857113345,19975,1200104,Brasiléia
AC,1066,79.68044459881904,63.01945525291829,-16.660989345900745,8031,1200393,Porto Walter
AC,1074,54.93397669258773,64.34205483044522,9.408078137857494,63849,1200203,Cruzeiro do Sul
AC,1082,69.15503624364383,65.82807089020167,-3.326965353442162,12183,1200427,Rodrigues Alves
AC,1090,58.683866143204334,74.1508152173913,15.466949074186964,14657,1200336,Mâncio Lima
AC,1104,11.883513386566463,60.41331802525833,48.529804638691864,5998,1200328,Jordão
AC,1112,57.72915196127861,71.04313129393881,13.313979332660203,14596,1200252,Epitaciolândia
AC,1120,55.37738457285043,71.82545060306275,16.448066030212317,10206,1200013,Acrelândia
AC,1139,32.605440479161466,75.50545206724216,42.900011588080694,24197,1200302,Feijó
AC,1392,52.149574892926005,60.0546985129152,7.905123619989197,269772,1200401,Rio Branco
AC,1457,87.12818222420724,86.99920955194075,-0.12897267226648523,30862,1200500,Sena Madureira
AC,1473,18.73624968022512,68.18202754364147,49.445777863416346,29966,1200609,Tarauacá
AC,1490,52.56753969890699,48.433503836317136,-4.134035862589855,12774,1200708,Xapuri
AC,1511,68.43514989183063,78.40330788804071,9.968157996210081,12291,1200385,Plácido de Castro
AC,1538,65.91493005994862,70.2381798791326,4.323249819183985,18636,1200450,Senador Guiomard
AC,1554,61.74255391989045,66.03398132557784,4.291427405687394,8602,1200344,Manoel Urbano
AC,1570,56.074766355140184,57.114337568058076,1.0395712129178918,7294,1200054,Assis Brasil
AL,27006,44.00907896308685,35.48250713455237,-8.526571828534479,12721,2706448,Paripueira
AL,27014,54.51761102603369,57.860687699397374,3.343076673363683,16511,2700102,Água Branca
AL,27022,56.770833333333336,67.80859916782246,11.037765834489129,9772,2706422,Pariconha
AL,27030,52.81762883048319,54.19225068812196,1.3746218576387719,13089,2700201,Anadia
AL,27049,61.05096703564043,16.366666666666667,-44.684300368973766,13040,2702553,Estrela de Alagoas
AL,27057,65.02971697706315,49.77421136415321,-15.255505612909936,158652,2700300,Arapiraca
AL,27065,83.28455284552845,55.640071208933485,-27.644481636594968,8245,2703759,Jequiá da Praia
AL,27073,64.78065142554506,40.88989252707732,-23.890758898467737,32403,2700409,Atalaia
AL,27081,52.85087719298246,23.86127167630058,-28.98960551668188,6077,2701357,Campestre
AL,27090,57.99180327868852,48.74919228283947,-9.242610995849049,14944,2700508,Barra de Santo Antônio
AL,27111,72.49957403305504,61.73324944951243,-10.766324583542612,8063,2700607,Barra de São Miguel
AL,27138,39.056958063843105,24.503697936940444,-14.55326012690266,13573,2700706,Batalha
AL,27154,66.21121548534016,72.80086346465191,6.589647979311749,5054,2700805,Belém
AL,27170,65.99784250269687,11.935552257790969,-54.0622902449059,6030,2700904,Belo Monte
AL,27197,59.85239852398524,50.553240408104614,-9.299158115880623,19738,2701001,Boca da Mata
AL,27219,12.391169154228855,33.08905528118528,20.697886126956426,9119,2701100,Branquinha
AL,27235,13.459399332591769,16.938003617826016,3.4786042852342476,8774,2701209,Cacimbinhas
AL,27251,32.608269645306684,23.345890080169998,-9.262379565136687,14474,2701308,Cajueiro
AL,27278,78.76180365424372,68.91503267973856,-9.846770974505162,27041,2701407,Campo Alegre
AL,27294,80.67826863007586,63.699133245188776,-16.979135384887087,9154,2701506,Campo Grande
AL,27316,68.82010801828001,58.15987073472103,-10.660237283558978,14792,2701605,Canapi
AL,27332,50.16539177175935,54.54080589077521,4.375414119015858,12900,2701704,Capela
AL,27359,17.6279602750191,31.07384944702105,13.445889172001952,7751,2701803,Carneiros
AL,27375,26.95595003287311,26.847805434163025,-0.10814459871008353,6923,2701902,Chã Preta
AL,27391,86.58428949691086,73.16766717855647,-13.416622318354385,9481,2702009,Coité do Nóia
AL,27413,40.49114791547687,27.980286405058582,-12.510861510418291,15414,2702108,Colônia Leopoldina
AL,27430,60.22613065326633,42.50919117647059,-17.716939476795744,5554,2702207,Coqueiro Seco
AL,27456,87.28487118775843,74.21867265106762,-13.066198536690806,41885,2702306,Coruripe
AL,27472,22.96500471023342,17.954454387605182,-5.010550322628237,41407,2702405,Delmiro Gouveia
AL,27499,36.87974314068885,26.005569306930692,-10.87417383375816,9497,2702504,Dois Riachos
AL,27510,70.84230055658627,57.952777213990935,-12.889523342595332,19459,2702603,Feira Grande
AL,27537,83.52941176470588,75.03556187766713,-8.493849887038749,3975,2702702,Feliz Deserto
AL,27553,78.20185244330885,76.33660234103132,-1.8652501022775283,8538,2702801,Flexeiras
AL,27570,77.94515651330235,28.75447248815395,-49.1906840251484,28498,2702900,Girau do Ponciano
AL,27596,12.537819193997338,21.668926414396648,9.13110722039931,11536,2703007,Ibateguara
AL,27618,57.10945802337938,31.158056194659416,-25.951401828719966,20523,2703106,Igaci
AL,27634,68.41017488076312,56.06107821751324,-12.349096663249881,17729,2703205,Igreja Nova
AL,27650,55.17313966950847,46.53575025176234,-8.637389417746135,14561,2703304,Inhapi
AL,27677,64.55696202531645,42.6266137040715,-21.93034832124495,5258,2703403,Jacaré dos Homens
AL,27693,73.26252597552528,41.81317517475111,-31.44935080077417,6044,2703502,Jacuípe
AL,27715,54.44606413994169,25.228180262407303,-29.217883877534387,9188,2703601,Japaratinga
AL,27731,72.76716572018586,21.375686649152136,-51.39147907103372,5223,2703700,Jaramataia
AL,27758,54.272107573069384,56.26806833114323,1.9959607580738492,15470,2703809,Joaquim Gomes
AL,27774,78.39274546591619,59.381838074398246,-19.010907391517947,4851,2703908,Jundiá
AL,27790,65.66412534098062,40.730299369042825,-24.933825971937793,20177,2704005,Junqueiro
AL,27812,71.14614401363443,47.67571884984026,-23.470425163794168,17008,2704104,Lagoa da Canoa
AL,27839,84.76096320881294,81.35372600065082,-3.4072372081621154,20414,2704203,Limoeiro de Anadia
AL,27855,42.65602312784148,37.525403391062234,-5.130619736779245,643926,2704302,Maceió
AL,27871,21.193176743770653,17.332654619496054,-3.860522124274599,15675,2704401,Major Isidoro
AL,27898,60.409815330129014,66.0628958773197,5.65308054719069,26018,2704500,Maragogi
AL,27910,64.68179491554342,51.49842271293375,-13.183372202609668,8963,2704609,Maravilha
AL,27936,55.092991354834595,33.334272115357535,-21.75871923947706,47094,2704708,Marechal Deodoro
AL,27952,64.46973486743371,37.27824195948266,-27.19149290795105,11142,2704807,Maribondo
AL,27979,16.346153846153847,29.86878453038674,13.522630684232894,3653,2704906,Mar Vermelho
AL,27995,65.50545336154973,20.74239163848755,-44.76306172306218,18418,2705002,Mata Grande
AL,28010,73.43438983310367,50.97367077528991,-22.460719057813755,18656,2705101,Matriz de Camaragibe
AL,28037,79.04197434900894,30.728091574404203,-48.313882774604735,14073,2705200,Messias
AL,28053,58.612376105009375,53.95225464190982,-4.660121463099557,5111,2705309,Minador do Negrão
AL,28070,14.938328003654636,18.80430285477865,3.8659748511240153,6417,2705408,Monteirópolis
AL,28096,36.23019411482269,30.491956478205726,-5.738237636616962,20644,2705507,Murici
AL,28118,23.19934147345315,10.61708434384263,-12.58225712961052,10016,2705606,Novo Lino
AL,28134,59.76468567502577,30.69969869434215,-29.064986980683617,16238,2705705,Olho d'Água das Flores
AL,28150,14.336853409701092,12.666291924302042,-1.67056148539905,7631,2705804,Olho d'Água do Casado
AL,28177,61.14968064426548,76.49360813983824,15.343927495572764,5133,2705903,Olho d'Água Grande
AL,28193,36.61914460285132,26.690175097276263,-9.928969505575058,10337,2706000,Olivença
AL,28215,56.31891433418151,43.94123197196387,-12.377682362217634,10029,2706109,Ouro Branco
AL,28231,26.735905044510385,8.550602747406785,-18.1853022971036,4991,2706208,Palestina
AL,28258,67.7432296890672,35.937999753967276,-31.80522993509993,54543,2706307,Palmeira dos Índios
AL,28274,33.71518579508842,18.044186888808404,-15.670998906280019,18843,2706406,Pão de Açúcar
AL,28290,67.7636664826063,47.8173766343315,-19.946289848274795,12511,2706505,Passo de Camaragibe
AL,28312,59.0170762182424,60.975143403441685,1.9580671851992832,6620,2706604,Paulo Jacinto
AL,28339,56.47701812750356,40.45964724746125,-16.017370880042314,44723,2706703,Penedo
AL,28355,49.28349534021445,43.3863479205769,-5.897147419637548,13925,2706802,Piaçabuçu
AL,28371,48.37916277239412,13.333035155201717,-35.0461276171924,29494,2706901,Pilar
AL,28398,73.80842202683942,72.2943722943723,-1.5140497324671287,2895,2707008,Pindoba
AL,28410,56.21653777513385,27.56888733868155,-28.647650436452302,20101,2707107,Piranhas
AL,28436,29.702095430446857,15.485781990521327,-14.21631343992553,11257,2707206,Poço das Trincheiras
AL,28452,42.499015618847615,30.80770655798444,-11.691309060863176,21598,2707305,Porto Calvo
AL,28479,25.041954130151034,33.57153953705142,8.529585406900388,8457,2707404,Porto de Pedras
AL,28495,71.56515288881563,56.07123990642216,-15.493912982393475,17560,2707503,Porto Real do Colégio
AL,28517,47.45558968879391,40.08544860517718,-7.37014108361673,10425,2707602,Quebrangulo
AL,28533,56.85629310890337,39.007118912200085,-17.849174196703288,68059,2707701,Rio Largo
AL,28550,62.65203911280706,17.539328480864054,-45.112710631943,5776,2707800,Roteiro
AL,28576,61.6891064871481,47.87915166066426,-13.809954826483839,6471,2707909,Santa Luzia do Norte
AL,28592,33.444327133923494,27.84274595889044,-5.601581175033054,33109,2708006,Santana do Ipanema
AL,28614,62.55010792476102,30.46190405465617,-32.08820387010485,9415,2708105,Santana do Mundaú
AL,28630,64.18798334324806,68.25454545454545,4.066562111297387,7350,2708204,São Brás
AL,28657,66.07660122304473,58.58073859522086,-7.495862627823875,17824,2708303,São José da Laje
AL,28673,33.27019789693684,38.457840014423944,5.187642117487101,23495,2708402,São José da Tapera
AL,28690,61.03700920533534,58.64495735671259,-2.3920518486227493,23573,2708501,São Luís do Quitunde
AL,28711,61.80769230769231,54.18701912332791,-7.620673184364399,43051,2708600,São Miguel dos Campos
AL,28738,62.227324913892076,35.3505291005291,-26.876795813362975,8255,2708709,São Miguel dos Milagres
AL,28754,67.57651834837883,52.205735909181435,-15.370782439197392,27082,2708808,São Sebastião
AL,28770,72.30099250557018,66.32386549134836,-5.977127014221821,15433,2708907,Satuba
AL,28797,31.752104055087987,32.31735691019079,0.565252855102802,6000,2709004,Tanque d'Arca
AL,28819,54.227977241514616,39.91991643454039,-14.308060806974225,15528,2709103,Taquarana
AL,28835,29.54978735885027,13.662645442215718,-15.887141916634553,19176,2709202,Traipu
AL,28851,41.81301421091997,36.348903988855085,-5.464110222064882,48372,2709301,União dos Palmares
AL,28878,41.41917480566075,50.624639630982124,9.205464825321371,20901,2709400,Viçosa
AL,28894,57.15809117568649,44.60119701966532,-12.556894156021166,21887,2702355,Craíbas
AL,28916,29.951334611414246,23.29092688382497,-6.660407727589277,9681,2708956,Senador Rui Palmeira
AL,28932,61.08747738496895,53.44387755102041,-7.643599833948542,31105,2709152,Teotônio Vilela
AM,2003,51.18446601941748,57.098992876443134,5.914526857025656,11539,1300144,Apuí
AM,2011,68.05133400878081,43.69897425162236,-24.352359757158453,13332,1303205,Novo Airão
AM,2020,63.555611159764794,41.819408523557854,-21.73620263620694,12171,1301654,Guajará
AM,2038,81.60175802710292,58.304216165851386,-23.29754186125153,11109,1300102,Anori
AM,2046,62.6580823177742,54.903671392221014,-7.754410925553188,18436,1301159,Careiro da Várzea
AM,2054,20.19914651493599,12.686675366101204,-7.512471148834786,9507,1300201,Atalaia do Norte
AM,2070,63.60910453863977,36.253995312167056,-27.355109226472713,32340,1300300,Autazes
AM,2097,50.448343079922026,63.07751050019091,12.629167420268885,12648,1300409,Barcelos
AM,2119,31.974574294378353,43.049203812882254,11.074629518503901,22727,1300508,Barreirinha
AM,2135,49.31153688404523,22.010223189432665,-27.301313694612567,24218,1300607,Benjamin Constant
AM,2151,49.17606244579358,24.245829882881818,-24.930232562911765,23223,1300706,Boca do Acre
AM,2178,46.45678645678645,60.90032154340836,14.443535086621907,24461,1300805,Borba
AM,2194,88.10857389056441,55.673027333677155,-32.43554655688726,10740,1300904,Canutama
AM,2216,44.881889763779526,28.94898167699748,-15.932908086782046,20927,1301001,Carauari
AM,2232,65.97684017427196,39.82255500282066,-26.1542851714513,27451,1301100,Careiro
AM,2259,74.52737436444843,26.799774272431677,-47.72760009201676,51475,1301209,Coari
AM,2275,57.14046962480154,58.51508120649652,1.3746115816949782,17092,1301308,Codajás
AM,2291,60.62068965517241,42.18037661050545,-18.440313044666965,22838,1301407,Eirunepé
AM,2313,55.97833267274409,41.89435336976321,-14.083979302980879,10870,1301506,Envira
AM,2330,48.13060395872103,31.294264145069654,-16.836339813651378,17120,1301605,Fonte Boa
AM,2356,58.094027954256674,56.497217911351676,-1.5968100429049983,34906,1301704,Humaitá
AM,2372,41.04818853323953,18.431614695893796,-22.616573837345737,9378,1303601,Santa Isabel do Rio Negro
AM,2399,63.520144628099175,29.246084739589655,-34.27405988850952,11575,1301803,Ipixuna
AM,2410,48.29539246038973,22.273924495171205,-26.021467965218523,76067,1301902,Itacoatiara
AM,2437,58.333333333333336,36.661637635440954,-21.671695697892382,9689,1302009,Itapiranga
AM,2453,30.137386729026602,37.069634998705666,6.932248269679064,5709,1302108,Japurá
AM,2470,49.92573338284441,26.343500363108205,-23.582233019736208,7619,1302207,Juruá
AM,2496,53.97119341563786,24.974190520882214,-28.99700289475565,15903,1302306,Jutaí
AM,2518,43.49421248449772,35.59660509236146,-7.8976073921362655,29346,1302405,Lábrea
AM,2534,53.33956342349332,38.03711485717035,-15.302448566322965,81115,1302504,Manacapuru
AM,2550,39.87161096987687,59.73645603275233,19.86484506287546,1474745,1302603,Manaus
AM,2577,57.25618482927827,45.513990267639905,-11.742194561638364,33788,1302702,Manicoré
AM,2593,40.7157759589151,37.816707687852904,-2.899068271062198,9995,1302801,Maraã
AM,2615,26.329990884229716,24.499115044247787,-1.8308758399819283,38063,1302900,Maués
AM,2631,71.89519341418075,48.36541652837703,-23.52977688580372,15833,1303007,Nhamundá
AM,2658,39.69192683262275,29.44566765962958,-10.246259172993167,19945,1303106,Nova Olinda do Norte
AM,2674,29.641383687718186,32.24839842942757,2.6070147417093814,13280,1303304,Novo Aripuanã
AM,2690,44.35253174935772,41.11425318594146,-3.238278563416266,73019,1303403,Parintins
AM,2712,49.35583612471012,17.58306728154192,-31.772768843168205,11565,1303502,Pauini
AM,2739,68.41363102232667,30.457818231218585,-37.95581279110809,18469,1303700,Santo Antônio do Içá
AM,2755,37.46016994158258,33.85077332729024,-3.6093966142923364,21421,1303908,São Paulo de Olivença
AM,2771,68.64798275331074,47.93624846751124,-20.7117342857995,9656,1304005,Silves
AM,2798,76.58144035856168,45.478498165051285,-31.102942193510394,14621,1304104,Tapauá
AM,2810,45.41833853470055,36.49172699069287,-8.926611544007685,49826,1304203,Tefé
AM,2836,66.37119368024618,49.542760372565624,-16.828433307680555,32417,1303809,São Gabriel da Cachoeira
AM,2852,75.87894971072541,52.56550218340611,-23.313447527319298,12646,1304302,Urucará
AM,2879,54.07362088304272,20.23482624751444,-33.83879463552828,14200,1304401,Urucurituba
AM,2895,38.487182434762616,17.975675118532262,-20.511507316230354,12444,1300029,Alvarães
AM,2917,75.31181217901687,31.987923089146673,-43.32388908987019,7522,1300060,Amaturá
AM,2933,64.07441293077157,55.445398046759394,-8.629014884012179,9177,1300086,Anamã
AM,2950,57.630979498861045,33.078545071164996,-24.55243442769605,15139,1300631,Beruri
AM,2976,68.44892555250026,35.68627450980392,-32.76265104269633,13666,1300680,Boa Vista do Ramos
AM,2992,36.012772455921144,22.506835515901567,-13.505936940019577,9486,1300839,Caapiranga
AM,98353,56.16877693515518,49.87980437125252,-6.288972563902661,45948,1301852,Iranduba
AM,98370,71.98602213162492,40.044125758411475,-31.941896373213446,7342,1301951,Itamarati
AM,98396,66.60612115157569,47.575890893092826,-19.030230258482867,15303,1302553,Manaquiri
AM,98418,49.1462673371277,52.497310588596896,3.351043251469193,28339,1303536,Presidente Figueiredo
AM,98434,56.79253169848126,55.59103542073207,-1.201496277749193,23243,1303569,Rio Preto da Eva
AM,98450,78.52706299911269,34.88737558931378,-43.63968740979891,7748,1303957,São Sebastião do Uatumã
AM,98477,55.80625204701772,31.563335289132276,-24.242916757885446,40225,1304062,Tabatinga
AM,98493,58.802555340959735,32.6607654256704,-26.141789915289337,9798,1304260,Uarini
AM,98515,60.64594759293114,54.01294498381877,-6.633002609112367,11653,1304237,Tonantins
AP,6009,39.31972789115646,56.5858151673319,17.26608727617544,4022,1600550,Pracuúba
AP,6017,39.78408636545382,51.160902743951944,11.376816378498127,7523,1600105,Amapá
AP,6025,45.85624509033779,29.86053461730035,-15.995710473037438,15533,1600535,Porto Grande
AP,6033,41.505303923219394,38.771903990575765,-2.7333999326436285,8903,1600204,Calçoene
AP,6041,39.673635900050996,42.33374809899074,2.6601121989397427,8881,1600253,Itaubal
AP,6050,33.496731330252764,39.22837527897261,5.731643948719842,321005,1600303,Macapá
AP,6068,34.87269096355467,36.193081883916356,1.3203909203616888,6299,1600212,Cutias
AP,6076,32.361877596577166,38.71417838359987,6.352300787022706,22212,1600402,Mazagão
AP,6084,59.64744465701011,36.965259833476885,-22.682184823533227,9907,1600154,Pedra Branca do Amapari
AP,6092,42.70862800565771,25.807024817864125,-16.901603187793583,24204,1600501,Oiapoque
AP,6106,40.041350792556855,32.018716577540104,-8.022634215016751,4111,1600055,Serra do Navio
AP,6114,29.890350877192983,36.663954434499594,6.773603557306611,7861,1600238,Ferreira Gomes
AP,6122,23.924659364146407,43.43294826720241,19.508288903056005,10404,1600808,Vitória do Jari
AP,6130,25.947995666305527,60.67513822873217,34.72714256242665,28159,1600279,Laranjal do Jari
AP,6157,27.952845159827703,40.39135348968635,12.43850832985865,85898,1600600,Santana
AP,6173,45.11308562197092,46.426611044022394,1.3135254220514767,11437,1600709,Tartarugalzinho
BA,30007,48.71424721869346,61.20004095702925,12.485793738335794,81121,2919553,Luís Eduardo Magalhães
BA,30058,53.34527676388842,45.45578463111263,-7.889492132775793,83368,2910727,Eunápolis
BA,30660,23.58874002709619,34.64698721850274,11.058247191406547,8643,2917334,Iuiu
BA,30678,71.43473260494537,51.25418060200669,-20.180552002938676,10158,2917359,Jaborandi
BA,30694,55.96930073905628,20.801364023870416,-35.16793671518586,4647,2918555,Jussari
BA,30716,15.009608576919186,18.454404945904173,3.4447963689849868,12502,2901155,América Dourada
BA,30732,45.18072289156626,16.432318992654775,-28.748403898911487,6559,2902252,Arataca
BA,30759,53.309807739109274,64.24543198736747,10.935624248258193,11523,2903235,Barro Alto
BA,30775,40.610502876229354,30.215703192407247,-10.394799683822107,14895,2903276,Barrocas
BA,30791,64.07550902646113,38.77366255144033,-25.301846475020803,15728,2904753,Buritirama
BA,30813,27.565278757939307,34.53890297611104,6.973624218171732,9756,2906857,Capela do Alto Alegre
BA,30830,30.5420391535589,31.967080845570436,1.4250416920115363,24871,2906873,Capim Grosso
BA,30856,26.673277144273673,17.41355997682055,-9.259717167453122,13077,2906824,Canudos
BA,30872,31.700525115366254,27.772293517604474,-3.92823159776178,53132,2910057,Dias d'Ávila
BA,30899,23.604934127716707,13.656609799142785,-9.948324328573921,15318,2910750,Fátima
BA,30910,44.28621659634318,69.77497442891237,25.488757832569192,15281,2910859,Filadélfia
BA,30937,27.181514138035876,42.74438372799028,15.562869589954406,4375,2911253,Gavião
BA,30953,13.165379926859,16.861471861471863,3.6960919346128627,6431,2911659,Guajeru
BA,30970,14.602248162559446,8.628595248020009,-5.9736529145394375,12729,2911857,Heliópolis
BA,30996,50.010397171969224,50.27853348879388,0.2681363168246591,19862,2918357,João Dourado
BA,33014,50.32920216886135,69.36213991769547,19.032937748834122,6761,2900108,Abaíra
BA,33030,43.27817568123817,18.30451286377056,-24.973662817467606,14734,2900207,Abaré
BA,33057,29.071863032214463,19.36529221142027,-9.706570820794191,12017,2900306,Acajutiba
BA,33065,13.355291117722057,12.132543886984523,-1.222747230737534,12402,2900355,Adustina
BA,33073,16.090287844274176,15.040442305723355,-1.0498455385508212,13416,2900405,Água Fria
BA,33090,35.39325842696629,16.543937162493865,-18.849321264472426,8440,2900504,Érico Cardoso
BA,33111,42.144476838354386,48.958667093880166,6.81419025552578,4318,2900603,Aiquara
BA,33138,35.01504338961136,34.446643782415876,-0.5683996071954809,114281,2900702,Alagoinhas
BA,33154,27.81714285714286,33.8604381256347,6.043295268491843,19170,2900801,Alcobaça
BA,33170,25.31920673729965,18.998923573735198,-6.320283163564451,4923,2900900,Almadina
BA,33197,44.80884921405007,44.98069498069498,0.17184576664490692,28383,2901007,Amargosa
BA,33219,31.1369777593016,34.27422200268153,3.137244243379932,19625,2901106,Amélia Rodrigues
BA,33235,27.8088355604036,22.60225669957687,-5.206578860826731,18703,2901205,Anagé
BA,33251,17.764390896921018,22.74465373176604,4.980262834845021,9793,2901304,Andaraí
BA,33260,34.42142496210207,21.639405903365294,-12.782019058736779,13506,2901353,Andorinha
BA,33278,48.46552411319251,22.67751330722105,-25.788010805971457,12831,2901403,Angical
BA,33294,53.131170662905504,42.83865959373787,-10.292511069167631,10304,2901502,Anguera
BA,33316,67.830662520928,17.40139211136891,-50.429270409559095,10593,2901601,Antas
BA,33332,33.19811424185944,20.198961937716263,-12.99915230414318,12130,2901700,Antônio Cardoso
BA,33359,37.63210292540971,34.78326765686572,-2.8488352685439935,8672,2901809,Antônio Gonçalves
BA,33375,46.56216943936917,17.799079033925384,-28.763090405443787,14195,2901908,Aporá
BA,33383,50.4982953055337,51.64522681110359,1.1469315055698885,10800,2902054,Araçás
BA,33391,51.96127358019763,19.45733306435344,-32.50394051584419,12568,2902005,Aracatu
BA,33405,62.12283329766745,27.086811352253758,-35.036021945413694,6358,2901957,Apuarema
BA,33413,25.112321307011573,18.498302602675896,-6.6140187043356775,40272,2902104,Araci
BA,33430,56.67513406717471,29.177341303729005,-27.497792763445705,9785,2902203,Aramari
BA,33456,22.066467160182707,24.89201727723564,2.8255501170529342,8424,2902302,Aratuípe
BA,33472,52.118877270225646,64.32714617169374,12.208268901468095,9612,2902401,Aurelino Leal
BA,33499,53.97220493673512,43.582804205266996,-10.389400731468122,12451,2902500,Baianópolis
BA,33510,40.73188672305995,46.39472971753452,5.662842994474566,15480,2902609,Baixa Grande
BA,33529,8.238841978287093,12.439111322323868,4.200269344036775,10902,2902658,Banzaê
BA,33537,49.94170641229465,37.21647292316416,-12.725233489130488,37116,2902708,Barra
BA,33553,56.62658187999748,84.66833160748006,28.041749727482575,21065,2902807,Barra da Estiva
BA,33570,32.352120535714285,18.51503317178751,-13.837087363926774,28911,2902906,Barra do Choça
BA,33596,40.60207164436772,47.79597669561394,7.193905051246219,12114,2903003,Barra do Mendes
BA,33618,13.596348223019238,24.572166612851145,10.975818389831907,4427,2903102,Barra do Rocha
BA,33634,47.7046946612164,47.97784399480944,0.2731493335930395,108785,2903201,Barreiras
BA,33650,66.5600730927364,19.413572948687634,-47.14650014404877,5763,2903300,Barro Preto
BA,33677,51.12293677279697,63.51581738965713,12.392880616860161,14778,2903409,Belmonte
BA,33693,34.57694870086609,35.97116200169635,1.394213300830259,15726,2903508,Belo Campo
BA,33715,45.9908122781374,25.892948521133967,-20.09786375700343,13259,2903607,Biritinga
BA,33731,47.8246243552366,40.89478417266187,-6.929840182574729,13066,2903706,Boa Nova
BA,33758,9.529096123600704,10.334088335220837,0.8049922116201333,14089,2903805,Boa Vista do Tupim
BA,33774,26.257260040188278,26.70973671406174,0.4524766738734627,48942,2903904,Bom Jesus da Lapa
BA,33782,35.96228674049686,28.02707076651464,-7.935215973982217,9372,2903953,Bom Jesus da Serra
BA,33790,19.721066797161733,33.10130515848353,13.380238361321794,10944,2904001,Boninal
BA,33804,19.34616625443596,32.44482354195543,13.098657287519469,12270,2904050,Bonito
BA,33812,27.074200357200844,11.26051806632569,-15.813682290875155,16616,2904100,Boquira
BA,33839,33.36218087408049,22.379439792087783,-10.982741081992703,9465,2904209,Botuporã
BA,33855,48.75201788153483,64.10350748099093,15.351489599456094,10919,2904308,Brejões
BA,33871,69.54079947142385,60.07326007326007,-9.46753939816378,8414,2904407,Brejolândia
BA,33898,32.706243032329986,30.671311804904192,-2.034931227425794,9505,2904506,Brotas de Macaúbas
BA,33910,40.495612567870104,46.9492020241339,6.453589456263799,53459,2904605,Brumado
BA,33936,66.91929974380871,59.755067567567565,-7.164232176241143,13021,2904704,Buerarema
BA,33952,33.02489535139899,28.175149014213662,-4.849746337185326,5851,2904803,Caatiba
BA,33960,35.4905032308596,61.112701593663516,25.622198362803914,14433,2904852,Cabaceiras do Paraguaçu
BA,33979,39.715132297135725,17.837642938085917,-21.877489359049807,26040,2904902,Cachoeira
BA,33995,36.715466009566605,39.74459584789898,3.0291298383323735,18021,2905008,Caculé
BA,34010,27.842493847415916,18.3109962861295,-9.531497561286415,8149,2905107,Caém
BA,34029,22.834645669291337,23.364038760617298,0.5293930913259608,11192,2905156,Caetanos
BA,34037,31.855929831109453,25.150994977430223,-6.70493485367923,42181,2905206,Caetité
BA,34053,41.048689138576776,45.775036818851255,4.726347680274479,14513,2905305,Cafarnaum
BA,34070,44.84526295804063,37.23886567694906,-7.606397281091567,15480,2905404,Cairu
BA,34096,56.85678073510773,19.288174512055107,-37.568606223052626,10361,2905503,Caldeirão Grande
BA,34118,49.70882484694639,44.43754848719938,-5.271276359747013,17301,2905602,Camacan
BA,34134,38.58926072639427,27.729633734360604,-10.859626992033668,210507,2905701,Camaçari
BA,34150,37.73553535801374,34.51454087474239,-3.2209944832713546,24576,2905800,Camamu
BA,34177,71.59166481933053,27.58860319666435,-44.00306162266618,23548,2905909,Campo Alegre de Lourdes
BA,34193,47.1580516225188,52.6551319258291,5.497080303310305,57975,2906006,Campo Formoso
BA,34215,43.07692307692308,39.94139194139194,-3.1355311355311386,8772,2906105,Canápolis
BA,34231,42.37930358659437,52.8983171061964,10.519013519602034,20020,2906204,Canarana
BA,34258,39.1083166619034,38.14701289688277,-0.9613037650206309,25424,2906303,Canavieiras
BA,34274,32.01711089174071,19.898709361215488,-12.118401530525219,7799,2906402,Candeal
BA,34290,41.476204403961056,21.997005143340786,-19.47919926062027,64825,2906501,Candeias
BA,34312,38.39962121212121,34.10699779505629,-4.292623417064924,11498,2906600,Candiba
BA,34339,49.417310462223384,40.11113264844608,-9.306177813777303,20876,2906709,Cândido Sales
BA,34355,50.101464619728254,39.95642895251645,-10.145035667211808,28890,2906808,Cansanção
BA,34363,58.266625615763544,69.40660006055101,11.13997444478747,8699,2906899,Caraíbas
BA,34371,59.95166580355602,30.772615276311157,-29.17905052724486,16260,2906907,Caravelas
BA,34398,52.23155929038282,66.22504198544505,13.993482695062227,8041,2907004,Cardeal da Silva
BA,34410,35.02785515320334,37.09797200799772,2.070116854794378,22328,2907103,Carinhanha
BA,34436,9.382872965795865,22.260266102902314,12.877393137106449,57196,2907202,Casa Nova
BA,34452,44.87816418263544,27.914879393905633,-16.963284788729805,22931,2907301,Castro Alves
BA,34479,55.92848180677541,25.96875,-29.95973180677541,4177,2907400,Catolândia
BA,34495,21.012140492111925,38.2367877577276,17.224647265615673,41268,2907509,Catu
BA,34509,35.44993424760474,17.60147601476015,-17.84845823284459,7298,2907558,Caturama
BA,34517,37.12786259541985,39.56759818731118,2.4397355918913277,13497,2907608,Central
BA,34533,69.45199599370439,14.243738631593676,-55.208257362110714,9080,2907707,Chorrochó
BA,34550,49.02942068547164,29.381130549094955,-19.648290136376687,26259,2907806,Cícero Dantas
BA,34576,15.703954165492627,43.99333567169414,28.289381506201515,15276,2907905,Cipó
BA,34592,57.93583432354439,35.36425002191637,-22.57158430162802,15399,2908002,Coaraci
BA,34614,77.73584905660377,20.26815826272929,-57.46769079387448,16367,2908101,Cocos
BA,34630,15.703224836503045,55.54328099108341,39.84005615458036,17483,2908200,Conceição da Feira
BA,34657,17.836879432624112,30.677472227281005,12.840592794656892,14213,2908309,Conceição do Almeida
BA,34673,43.59258901862395,46.06526365571057,2.4726746370866195,54575,2908408,Conceição do Coité
BA,34690,28.303442589156877,48.709130781499205,20.40568819234233,29454,2908507,Conceição do Jacuípe
BA,34711,51.278910584336046,48.21821381434228,-3.0606967699937684,19013,2908606,Conde
BA,34738,43.23592568387639,38.76500857632933,-4.470917107547059,15144,2908705,Condeúba
BA,34754,48.60986547085202,48.11046511627907,-0.4994003545729484,4520,2908804,Contendas do Sincorá
BA,34770,59.18932527693857,25.85745409274821,-33.33187118419036,22538,2908903,Coração de Maria
BA,34797,32.95388770982057,33.62848893166506,0.6746012218444903,7148,2909000,Cordeiros
BA,34819,56.32342046777437,57.240166996264556,0.9167465284901866,12810,2909109,Coribe
BA,34835,56.10384827840177,17.073603835567788,-39.03024444283398,15063,2909208,Coronel João Sá
BA,34851,44.36951455347845,59.65713175659268,15.28761720311423,28078,2909307,Correntina
BA,34878,45.27357651245551,15.526286415894631,-29.74729009656088,11726,2909406,Cotegipe
BA,34894,46.48541114058355,61.830026650873556,15.344615510290005,4632,2909505,Cravolândia
BA,34916,20.593135621459513,15.761091592450363,-4.83204402900915,16672,2909604,Crisópolis
BA,34932,51.12513144058885,45.876506661027705,-5.248624779561148,12379,2909703,Cristópolis
BA,34959,32.55626361216423,39.195021845624254,6.638758233460024,49209,2909802,Cruz das Almas
BA,34975,19.733294819949933,43.15062348613977,23.41732866618984,27546,2909901,Curaçá
BA,34991,56.77376614773104,30.948207171314742,-25.825558976416296,8515,2910008,Dário Meira
BA,35017,28.139562671764846,20.410304231262383,-7.729258440502463,10634,2910107,Dom Basílio
BA,35033,34.41043083900227,51.14727854855923,16.73684770955696,4864,2910206,Dom Macedo Costa
BA,35050,35.174047749225444,27.06487061325771,-8.109177135967734,7650,2910305,Elísio Medrado
BA,35076,23.690709358766924,30.905252045394562,7.214542686627638,15576,2910404,Encruzilhada
BA,35092,47.557003257328994,43.78880492852674,-3.7681983288022565,31160,2910503,Entre Rios
BA,35114,29.730724729146946,35.64227811265849,5.911553383511542,26984,2910602,Esplanada
BA,35130,13.166543888479628,16.017021276595745,2.8504773881161167,45601,2910701,Euclides da Cunha
BA,35149,22.478527607361965,30.128840436075322,7.650312828713357,5181,2910776,Feira da Mata
BA,35157,36.36335608625144,42.91142475967233,6.548068673420886,435075,2910800,Feira de Santana
BA,35173,21.055465805061928,38.647594278283485,17.592128473221557,5527,2910909,Firmino Alves
BA,35190,72.12366953877344,9.608480082065311,-62.51518945670813,7825,2911006,Floresta Azul
BA,35211,42.11190855927698,43.95270911045078,1.8408005511737997,20785,2911105,Formosa do Rio Preto
BA,35238,66.7792602600912,40.71408647140865,-26.065173788682557,23508,2911204,Gandu
BA,35254,18.544010589013897,26.22504537205082,7.681034783036921,9718,2911303,Gentio do Ouro
BA,35270,54.93777599357688,6.190231362467866,-48.74754463110901,13024,2911402,Glória
BA,35297,55.85801974913264,16.58374792703151,-39.27427182210113,5380,2911501,Gongogi
BA,35319,50.096310564528075,39.175257731958766,-10.921052832569309,19120,2911600,Governador Mangabeira
BA,35335,30.172967293810924,32.57186858316222,2.398901289351297,67489,2911709,Guanambi
BA,35351,49.076402740438816,33.97265139406855,-15.103751346370267,15720,2911808,Guaratinga
BA,35378,34.19431611367773,40.118830598879214,5.924514485201485,20513,2911907,Iaçu
BA,35394,47.87392209336902,46.85511321592423,-1.0188088774447905,8476,2912004,Ibiassucê
BA,35416,60.59437062437491,52.44581577363034,-8.148554850744567,17862,2912103,Ibicaraí
BA,35432,58.87089715536105,49.267665952890795,-9.603231202470255,15956,2912202,Ibicoara
BA,35459,35.82672769900636,38.08500477554919,2.258277076542825,11456,2912301,Ibicuí
BA,35475,25.733171957918255,47.792351745797156,22.0591797878789,13655,2912400,Ibipeba
BA,35491,45.972213940731024,35.37452159650082,-10.597692344230204,22964,2928406,Santa Rita de Cássia
BA,35513,25.883597883597883,25.59437667976018,-0.2892212038377018,13075,2912509,Ibipitanga
BA,35530,5.8611656843483955,15.461588121368624,9.600422437020228,4187,2912608,Ibiquera
BA,35556,33.63741117726138,38.13971218907843,4.502301011817053,14359,2912707,Ibirapitanga
BA,35572,58.900069396252604,69.76063371792664,10.860564321674033,7516,2912806,Ibirapuã
BA,35599,27.013554875382596,34.561682573347476,7.54812769796488,16014,2912905,Ibirataia
BA,35610,36.273960318349964,19.182248254111286,-17.091712064238678,12093,2913002,Ibitiara
BA,35637,26.808266360505165,30.092519993727457,3.284253633222292,15648,2913101,Ibititá
BA,35653,33.52161100196464,23.572867696440564,-9.948743305524072,21431,2913200,Ibotirama
BA,35670,32.543747332479725,25.94142259414226,-6.602324738337465,6009,2913309,Ichu
BA,35696,63.69798727708833,17.834183107958324,-45.863804169130006,12265,2913408,Igaporã
BA,35700,50.22727272727273,44.612917334888465,-5.614355392384262,9050,2913457,Igrapiúna
BA,35718,27.564774599370974,31.94883005424662,4.3840554548756465,17709,2913507,Iguaí
BA,35734,44.85156567710452,42.35716707637535,-2.49439860072917,129692,2913606,Ilhéus
BA,35750,23.5172899075191,36.402525972703195,12.885236065184095,27722,2913705,Inhambupe
BA,35777,31.231339907717363,17.551239595453325,-13.680100312264038,15029,2913804,Ipecaetá
BA,35793,34.977130977130976,44.023689102148445,9.04655812501747,32734,2913903,Ipiaú
BA,35815,34.95646658594246,30.82349424600209,-4.132972339940366,47871,2914000,Ipirá
BA,35831,46.333333333333336,68.1786167065784,21.84528337324506,8952,2914109,Ipupiara
BA,35858,82.21501621351958,49.040888440181725,-33.17412777333785,5507,2914208,Irajuba
BA,35874,61.19128031931225,21.48047229791099,-39.71080802140126,8556,2914307,Iramaia
BA,35890,35.91500069900741,19.93468593663146,-15.980314762375947,19044,2914406,Iraquara
BA,35912,32.55955006616674,29.333619027212343,-3.2259310389544,25618,2914505,Irará
BA,35939,26.22955090132333,32.761448214961526,6.531897313638197,51243,2914604,Irecê
BA,35947,31.781800270902597,67.94362842397777,36.16182815307518,22120,2914653,Itabela
BA,35955,47.35687650800614,28.808894460037607,-18.54798204796853,48749,2914703,Itaberaba
BA,35971,46.87179029160899,38.60713304078325,-8.264657250825735,141246,2914802,Itabuna
BA,35998,41.64704150721224,29.849137931034484,-11.79790357617776,19616,2914901,Itacaré
BA,36013,40.07902210149401,43.123456790123456,3.044434688629444,11361,2915007,Itaeté
BA,36030,46.805993690851736,52.13987473903967,5.3338810481879335,10639,2915106,Itagi
BA,36056,27.40748874492149,43.4097272632998,16.00223851837831,13131,2915205,Itagibá
BA,36072,20.704256741698238,32.608695652173914,11.904438910475676,6636,2915304,Itagimirim
BA,36080,49.98788466198207,9.885572726200307,-40.10231193578176,10842,2915353,Itaguaçu da Bahia
BA,36099,40.72999758278946,30.949769686334722,-9.780227896454736,6225,2915403,Itaju do Colônia
BA,36110,32.056612825843594,25.26544603294039,-6.791166792903205,16067,2915502,Itajuípe
BA,36137,42.80370604822466,32.83934387044728,-9.964362177777382,45997,2915601,Itamaraju
BA,36153,65.4728715419258,29.234911375364597,-36.2379601665612,6100,2915700,Itamari
BA,36170,15.018110894399554,22.33787629174779,7.319765397348236,17830,2915809,Itambé
BA,36196,52.27727171739613,17.224043715846996,-35.05322800154914,6668,2915908,Itanagra
BA,36218,37.07995365005794,37.0281844437805,-0.05176920627743442,14916,2916005,Itanhém
BA,36234,50.92099582673766,36.14987968374012,-14.771116142997542,20044,2916104,Itaparica
BA,36250,46.67294413057125,35.67232375979112,-11.000620370780133,8428,2916203,Itapé
BA,36277,44.13664174031271,44.62384669978708,0.4872049594743686,8383,2916302,Itapebi
BA,36293,35.59976496264585,39.98622550004305,4.386460537397198,48314,2916401,Itapetinga
BA,36315,22.45841035120148,29.069832246558548,6.6114218953570685,23460,2916500,Itapicuru
BA,36331,67.87360105332455,22.298040942108738,-45.57556011121581,5934,2916609,Itapitanga
BA,36358,64.79369686916857,27.762747138397504,-37.03094973077107,6754,2916708,Itaquara
BA,36374,34.54580446497306,21.295034079844207,-13.250770385128853,13931,2916807,Itarantim
BA,36382,79.8179535467671,77.984998986418,-1.8329545603490942,12954,2916856,Itatim
BA,36390,43.35664335664335,60.51779935275081,17.161155996107453,8937,2916906,Itiruçu
BA,36412,39.90931847163841,27.23769730733519,-12.671621164303218,27758,2917003,Itiúba
BA,36439,50.4497812990014,21.82492831843481,-28.62485298056659,16355,2917102,Itororó
BA,36455,35.092677250436374,45.17265074729428,10.079973496857903,15599,2917201,Ituaçu
BA,36471,30.06743663281916,37.14552093854402,7.0780843057248575,17839,2917300,Ituberá
BA,36498,31.128901264647872,33.094250812507006,1.9653495478591338,11808,2917409,Jacaraci
BA,36510,28.32808820616651,37.36700650807401,9.038918301907504,61664,2917508,Jacobina
BA,36536,61.229914220128066,40.532591414944356,-20.69732280518371,35855,2917607,Jaguaquara
BA,36552,23.300568450971102,18.27764072662032,-5.022927724350783,23288,2917706,Jaguarari
BA,36579,29.7374826147427,17.655232305688234,-12.082250309054466,15393,2917805,Jaguaripe
BA,36595,50.97820900270399,30.634638196915777,-20.343570805788215,9071,2917904,Jandaíra
BA,36617,40.444110925401645,46.80127881541309,6.357167890011446,118900,2918001,Jequié
BA,36633,45.80023208069267,18.384131591678763,-27.41610048901391,29069,2918100,Jeremoabo
BA,36650,37.10263929618768,71.14678899082568,34.044149694638,11479,2918209,Jiquiriçá
BA,36676,61.47584877369605,70.54965646470956,9.073807691013506,12992,2918308,Jitaúna
BA,36692,28.621158022301568,32.46453686960016,3.8433788472985917,165349,2918407,Juazeiro
BA,36706,81.64954775410088,46.00969305331179,-35.63985470078909,8448,2918456,Jucuruçu
BA,36714,36.22341444721211,51.928324540658544,15.704910093446436,14126,2918506,Jussara
BA,36730,84.77872593768605,38.24457593688363,-46.53415000080242,6499,2918605,Jussiape
BA,36757,31.192939744370054,49.4273127753304,18.234373030960345,4471,2918704,Lafaiete Coutinho
BA,36765,59.08869395711501,43.81173736199884,-15.276956595116175,10624,2918753,Lagoa Real
BA,36773,54.636770138033825,48.1086323957323,-6.528137742301524,20749,2918803,Laje
BA,36790,30.71816535908268,41.966893865628045,11.248728506545365,4258,2918902,Lajedão
BA,36811,22.79120086548864,12.93166789125643,-9.859532974232211,3619,2919009,Lajedinho
BA,36820,55.10204081632653,51.60706201901313,-3.4949787973134008,6287,2919058,Lajedo do Tabocal
BA,36838,14.556521739130435,16.64745595257698,2.0909342134465447,8523,2919108,Lamarão
BA,36854,35.87280144333745,51.12609857949085,15.2532971361534,163386,2919207,Lauro de Freitas
BA,36870,17.26259770497256,15.23945166458964,-2.0231460403829207,7895,2919306,Lençóis
BA,36897,25.036428666048483,71.81292431481016,46.77649564876168,10121,2919405,Licínio de Almeida
BA,36919,52.41657938051773,39.88621765461553,-12.530361725902203,34703,2919504,Livramento de Nossa Senhora
BA,36935,20.92027083045461,16.226306720275705,-4.693964110178904,10033,2919603,Macajuba
BA,36951,62.704565030146426,36.20650443484194,-26.498060595304487,12841,2919702,Macarani
BA,36978,43.026315789473685,44.315196998123824,1.2888812086501389,32962,2919801,Macaúbas
BA,36994,20.245051837888784,8.376660889659156,-11.868390948229628,6566,2919900,Macururé
BA,37010,43.90671576363317,24.192634560906516,-19.714081202726657,7260,2920007,Maiquinique
BA,37036,32.30174081237911,31.50986875062619,-0.7918720617529189,13825,2920106,Mairi
BA,37052,29.180487804878048,26.77034428794992,-2.4101435169281267,13151,2920205,Malhada
BA,37079,30.527334300919208,67.04987046632124,36.52253616540203,7896,2920304,Malhada de Pedras
BA,37095,21.83627869185456,49.13784609321115,27.301567401356593,13181,2920403,Manoel Vitorino
BA,37117,42.070808283233134,31.698509618541134,-10.372298664692,21718,2920502,Maracás
BA,37133,19.65894346617238,33.51454598883338,13.855602522661002,34902,2920601,Maragogipe
BA,37150,47.24344224574321,52.09647179137549,4.853029545632282,16480,2920700,Maraú
BA,37176,54.976135761004066,15.310921442257447,-39.66521431874662,7767,2920809,Marcionílio Souza
BA,37192,24.458470807631617,26.010362694300518,1.5518918866689013,9177,2920908,Mascote
BA,37214,15.289311545673721,37.264882356906895,21.975570811233176,43097,2921005,Mata de São João
BA,37222,39.355704697986575,35.683433189354886,-3.672271508631688,9556,2921054,Matina
BA,37230,21.49025069637883,30.62910244118298,9.13885174480415,18662,2921104,Medeiros Neto
BA,37257,38.16896024464832,49.067039850726374,10.898079606078056,19993,2921203,Miguel Calmon
BA,37273,57.0826061663758,35.656231186032514,-21.426374980343283,8823,2921302,Milagres
BA,37290,34.02294141745186,72.41874295088691,38.39580153343505,12693,2921401,Mirangaba
BA,37303,37.194822218581024,37.06612219255536,-0.12870002602566188,8301,2921450,Mirante
BA,37311,55.644585235566325,45.509055687094495,-10.13552954847183,41807,2921500,Monte Santo
BA,37338,21.515403830141548,18.36414370422044,-3.151260125921109,7603,2921609,Morpará
BA,37354,12.49054129042022,43.323488263640606,30.832946973220388,26151,2921708,Morro do Chapéu
BA,37370,34.35565154787617,29.377977024376577,-4.977674523499594,9596,2921807,Mortugaba
BA,37397,55.825761624799576,58.54488353834075,2.719121913541173,9863,2921906,Mucugê
BA,37419,51.154223968565816,57.36858573216521,6.214361763599392,27873,2922003,Mucuri
BA,37427,36.115107913669064,16.999770273374683,-19.11533764029438,10988,2922052,Mulungu do Morro
BA,37435,40.52316757432372,27.860742098030233,-12.662425476293489,14920,2922102,Mundo Novo
BA,37451,24.652055671092626,35.86395384148193,11.211898170389304,8206,2922201,Muniz Ferreira
BA,37460,42.44092373791622,22.15781846923989,-20.283105268676334,9683,2922250,Muquém do São Francisco
BA,37478,44.59143490031996,35.045090180360724,-9.546344719959237,23640,2922300,Muritiba
BA,37494,47.03545461359718,45.788550956627795,-1.246903656969387,17909,2922409,Mutuípe
BA,37516,38.39619839619839,36.92694912207107,-1.4692492741273213,22054,2922508,Nazaré
BA,37532,48.81118881118881,24.956393398631423,-23.85479541255739,10011,2922607,Nilo Peçanha
BA,37559,43.76612209802236,18.9718482252142,-24.79427387280816,12377,2922706,Nova Canaã
BA,37567,53.77310496862812,52.663105067184716,-1.1099999014434019,7957,2922730,Nova Fátima
BA,37575,74.94754511120436,60.589282183112516,-14.358262928091847,6607,2922805,Nova Itarana
BA,37583,27.291325695581016,13.253261544833299,-14.038064150747717,6421,2922854,Nova Redenção
BA,37591,19.48678861788618,13.036218854353969,-6.4505697635322115,21207,2922904,Nova Soure
BA,37613,56.444026340545626,62.48661670235546,6.042590361809836,30988,2923001,Nova Viçosa
BA,37621,59.277530235518775,8.917819365337673,-50.359710870181104,8227,2923050,Novo Triunfo
BA,37630,14.276880796976984,10.256762323218453,-4.020118473758531,19691,2923100,Olindina
BA,37656,23.38454228698131,15.438436382994905,-7.946105903986407,16617,2923209,Oliveira dos Brejinhos
BA,37672,14.71312251467525,19.499439671273812,4.786317156598562,7224,2923308,Ouriçangas
BA,37680,51.69421106084388,43.05928049569962,-8.63493056514426,14353,2923357,Ourolândia
BA,37699,17.786618444846294,29.818127385674725,12.03150894082843,17255,2923407,Palmas de Monte Alto
BA,37710,26.655764513491416,11.536532352449424,-15.119232161041992,7857,2923506,Palmeiras
BA,37737,53.48509739497771,43.969632934178605,-9.515464460799102,16911,2923605,Paramirim
BA,37753,24.416897732833142,25.03733200597312,0.6204342731399777,24226,2923704,Paratinga
BA,37770,32.01688446860183,16.9660793204385,-15.050805148163331,23523,2923803,Paripiranga
BA,37796,44.88752556237219,20.305084745762713,-24.582440816609477,7547,2923902,Pau Brasil
BA,37818,40.26140989929291,14.82392172053152,-25.437488178761388,83608,2924009,Paulo Afonso
BA,37834,21.32788559754852,27.83038287361054,6.502497276062019,6573,2924108,Pedrão
BA,37850,50.99921114909282,24.00250941028858,-26.99670173880424,10163,2924207,Pedro Alexandre
BA,37877,77.30190979276716,62.93841926620333,-14.36349052656383,17469,2924306,Piatã
BA,37893,34.54671280276817,35.1853478566409,0.6386350538727328,28531,2924405,Pilão Arcado
BA,37915,49.34060485870104,33.86575208231259,-15.474852776388452,12749,2924504,Pindaí
BA,37931,68.31756478815302,58.546571136131014,-9.770993652022007,16173,2924603,Pindobaçu
BA,37940,17.331372909391657,40.706051873198845,23.374678963807188,7100,2924678,Piraí do Norte
BA,37958,30.733733271804336,33.00031715826197,2.266583886457635,8923,2924702,Piripá
BA,37974,54.468398747005715,39.43012977242806,-15.038268974577655,14292,2924801,Piritiba
BA,37990,66.2618595825427,57.54863813229572,-8.713221450246976,6975,2924900,Planaltino
BA,38016,37.58950679247808,14.191809636495103,-23.397697155982982,20252,2925006,Planalto
BA,38032,19.44168231871248,22.463768115942027,3.022085797229547,37373,2925105,Poções
BA,38059,27.575679172056923,26.2159681859896,-1.3597109860673235,29227,2925204,Pojuca
BA,38067,20.021206863312127,46.969183880799186,26.94797701748706,15183,2925253,Ponto Novo
BA,38075,48.2174112071519,50.95064699434273,2.7332357871908357,115459,2925303,Porto Seguro
BA,38091,60.47371073408365,24.201622648023477,-36.27208808606018,7860,2925402,Potiraguá
BA,38113,36.8160939589511,47.06388933742397,10.247795378472873,25813,2925501,Prado
BA,38130,34.83515318562493,28.737644151565075,-6.097509034059858,11979,2925600,Presidente Dutra
BA,38156,22.44611656676444,27.28863758750673,4.842521020742289,10674,2925709,Presidente Jânio Quadros
BA,38164,62.152884202783056,49.23638576209309,-12.916498440689963,21689,2925758,Presidente Tancredo Neves
BA,38172,27.74303955769104,21.94214610993522,-5.800893447755822,20515,2925808,Queimadas
BA,38199,34.245248759230115,57.94853509241101,23.70328633318089,21197,2925907,Quijingue
BA,38210,22.154884893842024,18.137314894137806,-4.017569999704218,32208,2926004,Remanso
BA,38237,29.228728830850848,18.96739669011991,-10.26133214073094,12901,2926103,Retirolândia
BA,38253,34.60266018499764,38.08538519897924,3.4827250139816,19206,2926202,Riachão das Neves
BA,38270,30.72695363014964,40.86996760758908,10.143013977439441,27707,2926301,Riachão do Jacuípe
BA,38296,48.97654093836247,58.05092186128183,9.07438092291936,23736,2926400,Riacho de Santana
BA,38318,54.69017094017094,9.065905003702529,-45.624265936468404,12452,2926509,Ribeira do Amparo
BA,38334,8.247854301863095,18.605128205128207,10.357273903265112,45062,2926608,Ribeira do Pombal
BA,38342,12.206192251580482,15.155829773769973,2.949637522189491,8797,2926657,Ribeirão do Largo
BA,38350,46.639511201629325,56.482064191315295,9.84255298968597,12117,2926707,Rio de Contas
BA,38377,20.92718388749851,31.25586854460094,10.328684657102428,10690,2926806,Rio do Antônio
BA,38393,63.77387318563789,10.917913465426608,-52.85595972021128,11178,2926905,Rio do Pires
BA,38415,49.92383853769992,28.947249264206476,-20.976589273493445,29270,2927002,Rio Real
BA,38431,37.294058911632554,9.279731993299832,-28.01432691833272,7602,2927101,Rodelas
BA,38458,25.038158976165317,21.016111960484533,-4.0220470156807835,23977,2927200,Ruy Barbosa
BA,38474,25.0,23.20397833229731,-1.7960216677026892,16000,2927309,Salinas da Margarida
BA,38490,34.268770407160744,35.70693752597475,1.4381671188140075,1952394,2927408,Salvador
BA,38512,23.884497288822107,21.94674012855831,-1.9377571602637964,20161,2927507,Santa Bárbara
BA,38539,15.700078221030283,6.605587603212307,-9.094490617817977,11938,2927606,Santa Brígida
BA,38555,54.021499805724645,40.807254623044095,-13.21424518268055,25525,2927705,Santa Cruz Cabrália
BA,38571,17.307692307692307,17.955477445811365,0.6477851381190582,4922,2927804,Santa Cruz da Vitória
BA,38598,21.90103723856487,18.91293235644914,-2.9881048821157314,8217,2927903,Santa Inês
BA,38610,35.40984999787533,16.687987455123178,-18.72186254275215,32100,2928000,Santaluz
BA,38636,55.450584530434405,58.962141557653986,3.511557027219581,30270,2928109,Santa Maria da Vitória
BA,38652,67.17692453665633,38.463008984897726,-28.713915551758603,21022,2928208,Santana
BA,38679,39.59495157029645,62.183431106023754,22.588479535727302,9599,2928307,Santanópolis
BA,38695,57.796508127633956,50.90523338048091,-6.891274747153048,9439,2928505,Santa Terezinha
BA,38717,42.73002062205147,33.14698823391676,-9.583032388134711,47773,2928604,Santo Amaro
BA,38733,32.126942723617,58.80133260810443,26.674389884487432,77886,2928703,Santo Antônio de Jesus
BA,38750,31.17741709808311,39.624845403325544,8.447428305242433,39754,2928802,Santo Estêvão
BA,38776,63.30124208110939,42.375660411732554,-20.92558166937684,28593,2928901,São Desidério
BA,38792,44.507936507936506,43.96789896066307,-0.5400375472734353,10118,2929008,São Félix
BA,38806,46.144141302633656,11.2822906940554,-34.86185060857826,7986,2928950,São Domingos
BA,38814,43.44754235356682,46.283513768800404,2.835971415233587,17802,2929107,São Felipe
BA,38822,53.890160183066364,53.84932920536636,-0.04083097770000421,12579,2929057,São Félix do Coribe
BA,38830,38.63299884849482,22.64311194156616,-15.98988690692866,33764,2929206,São Francisco do Conde
BA,38857,40.34874479921462,44.41258094357077,4.063836144356145,30041,2929305,São Gonçalo dos Campos
BA,38865,54.055335968379445,55.646658415841586,1.5913224474621401,8830,2929370,São José do Jacuípe
BA,38873,47.28713403169487,39.46132596685083,-7.82580806484404,9030,2929404,São Miguel das Matas
BA,38890,36.724270353302614,31.89863234111022,-4.825638012192396,34045,2929503,São Sebastião do Passé
BA,38911,49.36926113447181,51.11736608665984,1.7481049521880294,16207,2929602,Sapeaçu
BA,38938,15.32912533814247,14.71886394166187,-0.6102613964806007,14469,2929701,Sátiro Dias
BA,38946,42.007076230299134,22.798251093066835,-19.2088251372323,13374,2929750,Saubara
BA,38954,29.230540258967107,64.42428035043805,35.19374009147094,9154,2929800,Saúde
BA,38970,39.22103887115998,27.823512420566146,-11.397526450593837,35799,2929909,Seabra
BA,38997,27.246429217139756,19.460500963391137,-7.785928253748619,7218,2930006,Sebastião Laranjeiras
BA,39012,42.78126755528318,45.71986383660393,2.9385962813207485,53706,2930105,Senhor do Bonfim
BA,39039,12.994973101684453,26.928577437536806,13.933604335852353,30121,2930204,Sento Sé
BA,39047,16.62963154358948,22.547105340232353,5.917473796642874,26065,2930154,Serra do Ramalho
BA,39055,37.71095152603232,32.768665411849064,-4.942286114183254,15281,2930303,Serra Dourada
BA,39071,45.63495115760326,25.856344643290956,-19.778606514312305,17262,2930402,Serra Preta
BA,39098,42.21922384991005,23.58292662042983,-18.63629722948022,63689,2930501,Serrinha
BA,39110,28.846619820692997,25.456498388829218,-3.390121431863779,11033,2930600,Serrolândia
BA,39136,49.065977434881525,35.0481079585626,-14.017869476318921,90003,2930709,Simões Filho
BA,39144,30.14342533445824,32.62979683972912,2.4863715052708777,11257,2930758,Sítio do Mato
BA,39152,47.14062068330417,31.233403534474864,-15.907217148829307,14232,2930808,Souto Soares
BA,39179,49.0079615822065,46.905377137935275,-2.1025844442712227,11241,2930907,Tabocas do Brejo Velho
BA,39195,30.35091465584739,26.79014974096941,-3.5607649148779785,17984,2931004,Tanhaçu
BA,39217,35.82559681697613,30.804224207961006,-5.021372609015124,7716,2931103,Tanquinho
BA,39233,62.772629411214076,21.661918328584996,-41.11071108262908,14359,2931202,Taperoá
BA,39250,84.40298507462687,55.459985041136875,-28.943000033489994,11283,2931301,Tapiramutá
BA,39276,21.893939393939394,23.32250047792009,1.4285610839806964,6868,2931400,Teodoro Sampaio
BA,39292,34.47376495857625,26.096788783355947,-8.3769761752203,18692,2931509,Teofilândia
BA,39314,74.72020306911273,42.16938034438327,-32.55082272472946,11256,2931608,Teolândia
BA,39330,38.97009521255197,39.79043876882777,0.8203435562758017,10480,2931707,Terra Nova
BA,39357,18.013692540232952,15.956195130781067,-2.0574974094518854,15421,2931806,Tremedal
BA,39373,10.380050586938193,13.422140850405631,3.042090263467438,41771,2931905,Tucano
BA,39390,45.744419916605345,27.23873954068008,-18.505680375925266,22077,2932002,Uauá
BA,39411,39.56481246295826,44.31915257133094,4.754340108372681,15896,2932101,Ubaíra
BA,39438,49.990465293668954,32.735736925515056,-17.2547283681539,14270,2932200,Ubaitaba
BA,39454,45.39788536449638,48.257679963319575,2.8597945988231928,11980,2932309,Ubatã
BA,39470,18.028493609888958,19.35518082511401,1.3266872152250535,12012,2932408,Uibaí
BA,39489,51.369473803841345,58.94500561167228,7.575531807830934,11651,2932457,Umburanas
BA,39497,65.42143956231834,38.02123142250531,-27.40020813981303,16864,2932507,Una
BA,39519,22.07103551775888,31.751687921980494,9.680652404221615,13766,2932606,Urandi
BA,39535,53.0550424824529,45.04826328190317,-8.00677920054973,18222,2932705,Uruçuca
BA,39551,62.093097232531015,29.782996121186706,-32.31010111134431,13057,2932804,Utinga
BA,39578,41.029936004810374,20.17488544162778,-20.855050563182594,66654,2932903,Valença
BA,39594,40.40733729355702,40.57432215883597,0.1669848652789483,20173,2933000,Valente
BA,39616,28.568691320176278,54.08089563019141,25.51220431001513,7284,2933109,Várzea do Poço
BA,39624,50.46568276257344,62.538699690402474,12.073016927829038,9468,2933174,Varzedo
BA,39632,39.64061311882179,37.3195952983187,-2.321017820503087,36715,2933208,Vera Cruz
BA,39640,47.62378206402863,51.26569252932702,3.6419104652983876,6713,2933257,Vereda
BA,39659,37.15622661623461,38.51690788897419,1.3606812727395763,265101,2933307,Vitória da Conquista
BA,39675,13.69996113486203,56.43642072213501,42.73645958727298,6804,2933406,Wagner
BA,39691,69.86854608805828,66.25188238091464,-3.616663707143644,16675,2933505,Wenceslau Guimarães
BA,39713,38.21809814793859,42.69251522392662,4.474417075988029,35383,2933604,Xique-Xique
BA,39730,26.72913877733155,31.991872213128634,5.2627334357970845,22036,2919157,Lapão
BA,39748,26.571032684000325,24.755189972581277,-1.815842711419048,17110,2919926,Madre de Deus
BA,39756,69.02522445489525,49.38792739552554,-19.637297059369715,6722,2919959,Maetinga
BA,39772,71.57148812005002,59.82067806108154,-11.750810058968483,10491,2920452,Mansidão
BA,39799,46.87582042530848,12.811037201281104,-34.06478322402738,10580,2922656,Nordestina
BA,39810,37.35316305636383,44.24097388409115,6.887810827727314,12191,2924058,Pé de Serra
BA,39837,36.539060068471834,22.851219901132197,-13.687840167339637,8931,2924652,Pintadas
BA,39845,52.14536570468774,53.08604895629974,0.9406832516120005,8784,2925931,Quixabeira
BA,39853,41.34622481363938,49.7626177781024,8.416392964463022,19049,2925956,Rafael Jambeiro
BA,39870,50.88047374162381,27.31488406881077,-23.56558967281304,9034,2928059,Santa Luzia
BA,39896,41.27207376152524,23.33583208395802,-17.93624167756722,16440,2929255,São Gabriel
BA,39900,65.8154534684744,62.41089613034623,-3.4045573381281713,9929,2930766,Sítio do Quinto
BA,39918,74.45268681020445,54.75853529099593,-19.694151519208525,14688,2931053,Tanque Novo
BA,39926,62.87858482980434,38.779317697228144,-24.099267132576195,5258,2929354,São José da Vitória
BA,39934,42.88791415367745,50.75267076723859,7.864756613561141,104779,2931350,Teixeira de Freitas
BA,39942,40.89152635937069,46.66014533258804,5.76861897321735,9200,2923035,Novo Horizonte
BA,39950,41.3420748168145,27.419948472580053,-13.92212634423445,10874,2933158,Várzea Nova
BA,39969,67.62626262626263,38.45795481015607,-29.168307816106562,5509,2922755,Nova Ibiá
BA,39977,27.701350675337668,27.289860535243122,-0.4114901400945463,10927,2933059,Várzea da Roça
BA,39985,28.95631877292431,20.624790057104466,-8.331528715819843,20417,2930774,Sobradinho
BA,39993,56.92271218587008,26.695226438188495,-30.227485747681587,10701,2933455,Wanderley
CE,13005,17.680287579781382,26.65091481885375,8.970627239072368,21575,2307254,Jijoca de Jericoacoara
CE,13013,19.9645390070922,27.96289934730333,7.998360340211132,7775,2300101,Abaiara
CE,13021,39.78369681801931,18.548249359521776,-21.235447458497532,14764,2307635,Madalena
CE,13030,30.41334422811417,20.25016633399867,-10.163177894115499,49196,2300200,Acaraú
CE,13048,78.140589569161,66.12661674608577,-12.013972823075221,8610,2310951,Pires Ferreira
CE,13056,24.028074038395378,26.448806084155294,2.420732045759916,38570,2300309,Acopiara
CE,13064,79.00032811987313,58.089921244143156,-20.910406875729976,12853,2304657,Graça
CE,13072,58.54064992262826,45.41079408731523,-13.12985583531303,11438,2300408,Aiuaba
CE,13080,34.57599712540424,50.42853833680797,15.852541211403725,15652,2313559,Tururu
CE,13099,22.975960210002764,46.40217814080125,23.426217930798483,10265,2300507,Alcântaras
CE,13102,84.69183359013867,65.45866364665912,-19.233169943479552,16987,2311264,Quiterianópolis
CE,13110,27.23371049551307,23.70153621068032,-3.532174284832749,6948,2300606,Altaneira
CE,13129,42.6762229489945,32.299213573595885,-10.377009375398615,19585,2301950,Barreira
CE,13137,28.096957194430118,57.29242251477143,29.195465320341313,12106,2300705,Alto Santo
CE,13145,40.27226926787437,55.84441161989168,15.572142352017309,12546,2300150,Acarape
CE,13153,12.768620905487168,11.569767441860465,-1.198853463626703,7089,2300804,Antonina do Norte
CE,13161,33.40389809475144,37.97885948966539,4.574961394913949,18301,2303956,Chorozinho
CE,13170,32.0772345063843,34.38488924050633,2.307654734122032,12696,2300903,Apuiarés
CE,13188,46.583321821614405,38.676236044657095,-7.9070857769573095,62775,2305233,Horizonte
CE,13196,54.84145649176871,36.27572348709116,-18.565733004677547,69630,2301000,Aquiraz
CE,13200,13.36405529953917,50.87400681044268,37.509951510903505,5603,2304277,Ereré
CE,13218,38.782808177585856,26.740922645149972,-12.041885532435884,57415,2301109,Aracati
CE,13226,64.77643936300531,41.65421760262588,-23.122221760379432,59875,2304285,Eusébio
CE,13234,60.895050716142514,65.2799845924214,4.384933876278886,24942,2301208,Aracoiaba
CE,13242,59.71281665412591,58.78413486519254,-0.9286817889333676,20883,2304954,Guaiúba
CE,13250,31.509159193684372,19.448958487221155,-12.060200706463217,17494,2301307,Araripe
CE,13269,62.627524463876746,35.2881902458686,-27.339334218008148,5831,2311231,Potiretama
CE,13277,20.87994034302759,39.03353468027494,18.15359433724735,12289,2301406,Aratuba
CE,13285,56.788972497835786,35.485190161827425,-21.30378233600836,21261,2310852,Pindoretama
CE,13293,56.53874813710879,55.889057750759875,-0.6496903863489152,6937,2301505,Arneiroz
CE,13307,53.771490526098404,37.29011194029851,-16.481378585799895,25191,2309458,Ocara
CE,13315,19.875864014670615,13.02401591587324,-6.851848098797374,18914,2301604,Assaré
CE,13323,61.41184178199983,64.11508814775242,2.703246365752584,15973,2313351,Tejuçuoca
CE,13331,53.228423101881894,10.6635700066357,-42.56485309524619,20290,2301703,Aurora
CE,13340,16.832071036824235,17.837025910627112,1.0049548738028768,10348,2305654,Ipaporanga
CE,13358,22.22222222222222,59.3193599278792,37.097137705656976,5463,2301802,Baixio
CE,13366,32.85560730920817,7.361186471332972,-25.494420837875197,7393,2313252,Tarrafas
CE,13374,30.916969826663813,19.28302977739231,-11.633940049271501,53415,2301901,Barbalha
CE,13382,21.439762513399852,50.842014568810214,29.40225205541036,15673,2301851,Banabuiú
CE,13390,13.996194887914633,12.835845347313237,-1.1603495406013966,17004,2302008,Barro
CE,13404,7.557085900688655,8.04312483956533,0.4860389388766748,15206,2302057,Barroquinha
CE,13412,23.137403495476722,21.947635586428,-1.1897679090487223,28552,2302107,Baturité
CE,13420,26.304075671164277,31.325917401866768,5.021841730702491,9705,2301257,Ararendá
CE,13439,52.778979550633096,37.92571279100183,-14.853266759631268,46979,2302206,Beberibe
CE,13447,35.45228700862195,67.90622473726758,32.45393772864563,9312,2303659,Catunda
CE,13455,15.011279407025459,26.93751116935724,11.926231762331781,21552,2302305,Bela Cruz
CE,13463,63.68001746153006,20.713336287106777,-42.966681174423286,11642,2303931,Choró
CE,13471,82.92744320684665,59.97333575735539,-22.954107449491254,42594,2302404,Boa Viagem
CE,13480,61.94472277889111,33.58652254357776,-28.358200235313355,38234,2306256,Itaitinga
CE,13498,23.332596359348514,23.13042231304223,-0.20217404630628266,36960,2302503,Brejo Santo
CE,13501,61.60800774943494,55.3358555214505,-6.272152227984442,17196,2304459,Fortim
CE,13510,22.762791533187627,29.46813232721481,6.705340794027183,50991,2302602,Camocim
CE,13536,20.27395438526498,43.46007849192563,23.18612410666065,20554,2302701,Campos Sales
CE,13552,45.89830063069376,42.46703743048178,-3.43126320021198,60219,2302800,Canindé
CE,13579,23.35427033200098,43.425777370310946,20.071507038309967,16205,2302909,Capistrano
CE,13595,46.415454679006906,39.297920820279124,-7.117533858727782,17474,2303006,Caridade
CE,13617,38.67056116126748,33.642316523513905,-5.028244637753573,15389,2303105,Cariré
CE,13633,29.595327053623112,21.731068009823083,-7.864259043800029,24953,2303204,Caririaçu
CE,13650,59.660297239915074,57.29013254786451,-2.3701646920505652,15846,2303303,Cariús
CE,13676,54.809419277589306,33.8263843949339,-20.983034882655403,14574,2303402,Carnaubal
CE,13692,46.13220488734916,41.78177377242483,-4.3504311149243335,60464,2303501,Cascavel
CE,13714,23.3343248066627,26.76774833498654,3.4334235283238392,9892,2303600,Catarina
CE,13730,49.85169537902502,53.48254415957307,3.6308487805480496,249377,2303709,Caucaia
CE,13757,25.210723112998288,52.32986492600013,27.11914181300184,20346,2303808,Cedro
CE,13773,31.538173185055605,17.54298529778221,-13.995187887273396,10966,2303907,Chaval
CE,13811,37.42953020134228,26.387797852841057,-11.041732348501224,19699,2304004,Coreaú
CE,13838,53.59386527756042,41.3657705571945,-12.228094720365917,60097,2304103,Crateús
CE,13854,35.33622559652928,27.812182873201323,-7.524042723327959,95929,2304202,Crato
CE,13870,19.97587818483341,19.693277913143184,-0.2826002716902245,17579,2304301,Farias Brito
CE,13897,41.30660803582954,46.330820855709334,5.024212819879793,1791701,2304400,Fortaleza
CE,13919,15.551755356603964,23.131639722863742,7.579884366259778,13849,2304509,Frecheirinha
CE,13935,13.86774902756638,18.89336639801612,5.025617370449741,8272,2304608,General Sampaio
CE,13951,18.917652936951566,19.212433257055682,0.2947803201041168,44060,2304707,Granja
CE,13978,50.08099976857209,17.40777666999003,-32.673223098582056,6328,2304806,Granjeiro
CE,13994,26.34190347316193,37.856560717196416,11.514657244034485,9842,2304905,Groaíras
CE,14010,58.33439287984743,39.41226641854695,-18.92212646130048,34683,2305001,Guaraciaba do Norte
CE,14036,16.934801016088063,25.193414005157706,8.258612989069643,6646,2305100,Guaramiranga
CE,14052,34.82013159019055,78.60015467904098,43.780023088850434,16000,2305209,Hidrolândia
CE,14060,32.15371042054701,21.10339853961958,-11.050311880927428,13532,2305266,Ibaretama
CE,14079,27.961221663386546,48.6098956580276,20.64867399464105,20153,2305308,Ibiapina
CE,14095,36.88834154351396,31.33709096602474,-5.5512505774892205,51300,2305407,Icó
CE,14117,21.42426639544958,36.89762223946941,15.473355844019835,71277,2305506,Iguatu
CE,14133,46.51547655531719,25.74280408542247,-20.772672469894722,21207,2305605,Independência
CE,14150,48.690807799442894,25.13793567487552,-23.552872124567372,9458,2305704,Ipaumirim
CE,14176,24.788198103266595,38.423161236677,13.634963133410402,33130,2305803,Ipu
CE,14192,29.161408242308195,37.32864827346868,8.167240031160485,30943,2305902,Ipueiras
CE,14214,10.203189862355254,51.34344528710726,41.140255424752006,12096,2306009,Iracema
CE,14230,73.0098452883263,65.66526342645746,-7.344581861868846,19467,2306108,Irauçuba
CE,14257,34.46644471701419,19.64015469984866,-14.82629001716553,7211,2306207,Itaiçaba
CE,14273,65.23620510150963,63.64240296099459,-1.593802140515038,39662,2306306,Itapajé
CE,14290,28.28786403935703,26.596078887660713,-1.6917851516963154,103157,2306405,Itapipoca
CE,14311,49.507508477313095,43.188316204311874,-6.319192273001221,16385,2306504,Itapiúna
CE,14338,78.3845767935211,64.33081246097274,-14.053764332548369,19602,2306603,Itatira
CE,14354,45.33434394475324,66.68850847735277,21.354164532599526,15538,2306702,Jaguaretama
CE,14370,47.0254110612855,54.891304347826086,7.865893286540583,8991,2306801,Jaguaribara
CE,14397,45.03988737681839,64.23617286146185,19.19628548464346,29385,2306900,Jaguaribe
CE,14419,40.24648384213745,35.117231761527066,-5.129252080610385,28913,2307007,Jaguaruana
CE,14435,60.61431285623812,21.817195878773273,-38.79711697746485,22592,2307106,Jardim
CE,14451,29.56384448391553,20.561282932416955,-9.002561551498577,7090,2307205,Jati
CE,14478,32.98254091196555,20.117611638171255,-12.864929273794296,199690,2307304,Juazeiro do Norte
CE,14494,40.52697616060226,51.00177184135205,10.474795680749793,20188,2307403,Jucás
CE,14516,14.44207453973956,22.010928961748633,7.568854422009073,24131,2307502,Lavras da Mangabeira
CE,14532,22.05607476635514,37.89224875702991,15.83617399067477,46938,2307601,Limoeiro do Norte
CE,14559,63.810163493987744,47.231412788409685,-16.57875070557806,83541,2307700,Maranguape
CE,14575,60.767030529449535,15.422678264492943,-45.34435226495659,23434,2307809,Marco
CE,14591,64.26168224299066,43.914795624640185,-20.346886618350474,10729,2307908,Martinópole
CE,14613,71.26733867493753,58.910109699313395,-12.357228975624139,31825,2308005,Massapê
CE,14630,28.895737803502968,33.35297379731041,4.457235993807444,36549,2308104,Mauriti
CE,14656,66.05254893750654,49.96143463170073,-16.09111430580581,13277,2308203,Meruoca
CE,14672,35.796314992428066,9.025291275930662,-26.771023716497403,22635,2308302,Milagres
CE,14680,70.68260120585703,62.670327435428106,-8.01227377042892,12141,2308377,Miraíma
CE,14699,33.49873731779717,12.43933588761175,-21.059401430185424,30981,2308401,Missão Velha
CE,14710,19.223416457793448,20.070011668611436,0.8465952108179877,32517,2308500,Mombaça
CE,14737,31.417004048582996,56.83982683982684,25.422822791243846,14946,2308609,Monsenhor Tabosa
CE,14753,32.437448777900975,49.297562061672046,16.86011328377107,56910,2308708,Morada Nova
CE,14770,19.340159271899886,28.562320688555946,9.22216141665606,8262,2308807,Moraújo
CE,14796,79.14434578410508,46.310547759167044,-32.83379802493804,19053,2308906,Morrinhos
CE,14818,69.41580756013745,59.74012365084355,-9.675683909293902,12736,2309003,Mucambo
CE,14834,78.05802595130486,53.16488668924199,-24.893139262062867,9751,2309102,Mulungu
CE,14850,20.865580448065174,19.775637843740693,-1.0899426043244809,12789,2309201,Nova Olinda
CE,14877,84.84797106363739,87.75510204081633,2.9071309771789373,24864,2309300,Nova Russas
CE,14893,74.96865858754701,15.438780260707635,-59.52987832683938,23217,2309409,Novo Oriente
CE,14915,37.95866407069043,27.42055795912278,-10.53810611156765,17681,2309508,Orós
CE,14931,34.24722287875207,54.88217783534438,20.63495495659231,54458,2309607,Pacajus
CE,14958,57.74768597874529,39.985527585299536,-17.762158393445752,57816,2309706,Pacatuba
CE,14974,18.02501645819618,24.520028442758946,6.495011984562765,10776,2309805,Pacoti
CE,14990,64.7313691507799,31.791907514450866,-32.93946163632903,6659,2309904,Pacujá
CE,15016,19.758119309688816,33.32919100285821,13.571071693169394,9841,2310001,Palhano
CE,15032,60.57362426238507,24.478371501272264,-36.0952527611128,9908,2310100,Palmácia
CE,15059,46.703479199534996,37.27459572652887,-9.428883473006124,33714,2310209,Paracuru
CE,15075,82.36406148947813,73.98455521010932,-8.379506279368812,27267,2310308,Parambu
CE,15091,48.6378902848613,18.977217644207464,-29.660672640653836,10188,2310407,Paramoti
CE,15113,43.47399411187439,34.031433880458344,-9.442560231416046,34612,2310506,Pedra Branca
CE,15130,14.656683128883225,20.21387197386009,5.557188844976865,8692,2310605,Penaforte
CE,15156,45.48494983277592,48.67678125600153,3.191831423225615,32383,2310704,Pentecoste
CE,15172,14.546300604932528,57.87249678486129,43.326196179928765,14486,2310803,Pereiro
CE,15199,50.868432479374725,32.024499617193484,-18.84393286218124,12098,2310902,Piquet Carneiro
CE,15210,45.19819100824687,11.64461247637051,-33.55357853187636,10071,2311009,Poranga
CE,15237,11.577011494252874,18.44114807337839,6.864136579125516,14641,2311108,Porteiras
CE,15253,54.15186876374091,14.15929203539823,-39.99257672834268,8102,2311207,Potengi
CE,15270,38.91418563922942,46.38905899163095,7.474873352401524,61599,2311306,Quixadá
CE,15296,26.11138143053037,28.20090142725983,2.089519996729461,60112,2311405,Quixeramobim
CE,15318,34.58926145706727,50.628909665702565,16.039648208635292,18875,2311504,Quixeré
CE,15334,24.227714033539275,60.27108759045253,36.04337355691325,24247,2311603,Redenção
CE,15350,62.15928624048457,58.20565471489496,-3.953631525589607,15853,2311702,Reriutaba
CE,15377,37.55395039917705,39.55038726241074,1.99643686323369,58535,2311801,Russas
CE,15393,23.724242097313628,21.082769390942218,-2.6414727063714096,12621,2311900,Saboeiro
CE,15415,31.502861158518222,36.30588691688488,4.803025758366658,25778,2312007,Santana do Acaraú
CE,15431,26.586781501591464,16.301083098206973,-10.28569840338449,13898,2312106,Santana do Cariri
CE,15440,10.66543438077634,17.34935680433311,6.683922423556769,14837,2311959,Salitre
CE,15458,18.32333450966553,37.826302351282344,19.502967841616815,33618,2312205,Santa Quitéria
CE,15474,38.41411066885195,44.01403356481482,5.5999228959628695,37547,2312304,São Benedito
CE,15490,60.60835223930762,58.135993299322315,-2.4723589399853054,51355,2312403,São Gonçalo do Amarante
CE,15512,13.195038494439691,16.68528032164396,3.490241827204267,5965,2312502,São João do Jaguaribe
CE,15539,59.4600777854038,27.324343506032648,-32.13573427937115,12630,2312601,São Luís do Curu
CE,15555,38.06683342954268,54.80497108404085,16.738137654498168,20301,2312700,Senador Pompeu
CE,15571,78.87846815162173,61.33879781420765,-17.53967033741408,7038,2312809,Senador Sá
CE,15598,37.952954986681114,53.394526893711934,15.44157190703082,152837,2312908,Sobral
CE,15610,43.56748224151539,57.63178949239933,14.064307250883935,14291,2313005,Solonópole
CE,15636,51.22625756627009,32.95620254437572,-18.270055021894372,26003,2313104,Tabuleiro do Norte
CE,15652,36.90061290710251,47.50678323786554,10.606170330763028,21343,2313203,Tamboril
CE,15679,22.214192802428098,29.750506480170955,7.536313677742857,47266,2313302,Tauá
CE,15695,35.449772652697696,54.095116501755506,18.64534384905781,59585,2313401,Tianguá
CE,15717,73.99057409806245,53.31463602293316,-20.675938075129295,49869,2313500,Trairi
CE,15733,42.68474887943915,60.27158281861474,17.58683393917559,27962,2313609,Ubajara
CE,15750,59.520833333333336,17.898225775004875,-41.62260755832846,6521,2313708,Umari
CE,15776,69.29307282415631,76.45179216449013,7.158719340333818,18709,2313807,Uruburetama
CE,15792,59.27171518033167,23.096905353512536,-36.17480982681913,11317,2313906,Uruoca
CE,15814,29.62838968865082,36.72564604385509,7.097256355204273,32551,2314003,Várzea Alegre
CE,15830,25.53792904528411,38.49307629649742,12.955147251213312,48287,2314102,Viçosa do Ceará
CE,15857,55.951729565641045,46.72468343379174,-9.227046131849306,179379,2307650,Maracanaú
CE,15873,52.9352811933855,20.05887151115367,-32.87640968223183,36348,2300754,Amontada
CE,15881,15.768181390535329,25.834517045454547,10.066335654919218,15338,2304236,Croatá
CE,15890,40.25249739535454,42.497011843963925,2.2445144486093866,23785,2304251,Cruz
CE,15911,32.7826773726471,61.888241853549744,29.105564480902643,19740,2304350,Forquilha
CE,15920,41.773858921161825,41.36029411764706,-0.41356480351476677,12514,2305332,Ibicuitinga
CE,15938,23.19617927994122,16.193961573650505,-7.002217706290715,17718,2305357,Icapuí
CE,15954,34.89469110770886,28.655735255668024,-6.238955852040835,34502,2306553,Itarema
CE,15970,47.90485717461376,62.126173324601616,14.221316149987857,11291,2308351,Milhã
CE,15989,11.398624303963315,34.00566761126854,22.607043307305226,7474,2304269,Deputado Irapuan Pinheiro
CE,15997,35.23960434072794,36.410741641885195,1.171137301157259,27583,2310258,Paraipaba
CE,98531,16.09038000684697,21.975656206011426,5.885276199164455,14956,2311355,Quixelô
CE,98558,38.590912894318464,73.10274026691937,34.511827372600905,16067,2313757,Umirim
CE,98574,18.461905899211846,28.52701127089001,10.065105371678165,15991,2313955,Varjota
DF,97012,50.04872743327572,48.26766048423894,-1.7810669490367843,2243988,5300108,Brasília
ES,56006,37.06492637215529,45.573875460220904,8.508949088065613,8443,3204658,São Domingos do Norte
ES,56014,53.795758864433076,61.985156648348536,8.18939778391546,26253,3200102,Afonso Cláudio
ES,56022,47.8765463588828,47.81516825715721,-0.06137810172558744,11111,3200169,Água Doce do Norte
ES,56030,62.82713498622589,63.30352827452876,0.47639328830286587,23553,3200201,Alegre
ES,56049,48.77013359970034,47.77988614800759,-0.9902474516927455,11392,3202652,Irupi
ES,56057,52.65278710543989,72.05292267649929,19.4001355710594,12984,3200300,Alfredo Chaves
ES,56065,30.71269487750557,33.04730012557555,2.334605248069984,6545,3200359,Alto Rio Novo
ES,56073,41.591137965760325,49.64888769766819,8.057749731907862,24797,3200409,Anchieta
ES,56081,46.21820044391327,60.28519914768071,14.066998703767439,7761,3205150,Vila Pavão
ES,56090,58.88129803586678,46.93258183394754,-11.94871620191924,6320,3200508,Apiacá
ES,56103,55.70022860550641,64.77553034040454,9.075301734898133,14378,3203346,Marechal Floriano
ES,56111,69.50932964754665,56.87276245766812,-12.636567189878534,75116,3200607,Aracruz
ES,56120,79.59934937077306,54.48264971773716,-25.116699653035894,33341,3203320,Marataízes
ES,56138,77.57198668788887,77.25375626043406,-0.31823042745480734,9255,3200706,Atílio Vivácqua
ES,56146,53.42428000551192,59.80711763107851,6.382837625566594,10987,3201159,Brejetuba
ES,56154,34.05189620758483,54.069701441707345,20.017805234122513,24892,3200805,Baixo Guandu
ES,56162,52.002743484224965,59.17592462382225,7.173181139597283,9890,3204955,São Roque do Canaã
ES,56170,49.673119912269605,45.12348790322581,-4.549632009043798,34548,3200904,Barra de São Francisco
ES,56189,44.05043341213554,29.752824858757062,-14.297608553378478,20980,3205010,Sooretama
ES,56197,29.240963855421686,53.27279160278335,24.031827747361664,11266,3201001,Boa Esperança
ES,56200,24.331210191082803,24.198988195615513,-0.1322219954672903,6490,3204252,Ponto Belo
ES,56219,52.60014054813774,42.434103481939474,-10.166037066198264,8487,3201100,Bom Jesus do Norte
ES,56227,43.24352331606217,55.17029134181371,11.926768025751535,12919,3205176,Vila Valério
ES,56235,74.83816386087321,79.6198908597518,4.781726998878597,134025,3201209,Cachoeiro de Itapemirim
ES,56251,52.41719401679235,63.34370562191964,10.926511605127288,274127,3201308,Cariacica
ES,56278,70.7231780668625,81.73085804008497,11.007679973222466,30029,3201407,Castelo
ES,56294,39.2688784132349,61.205848427221994,21.936970013987093,87108,3201506,Colatina
ES,56308,41.23915360024357,54.810676598386095,13.571522998142527,9107,3202256,Governador Lindenberg
ES,56316,44.284157209719815,38.62586258625863,-5.658294623461188,25964,3201605,Conceição da Barra
ES,56332,67.80374510088546,57.87384208204676,-9.929903018838708,9986,3201704,Conceição do Castelo
ES,56359,39.280359820089956,56.3468333786355,17.066473558545546,4889,3201803,Divino de São Lourenço
ES,56375,50.76613092170001,63.151370679380214,12.385239757680203,29142,3201902,Domingos Martins
ES,56391,54.29064251832686,77.49502102235007,23.20437850402321,6285,3202009,Dores do Rio Preto
ES,56413,39.437118956472425,45.48226370194095,6.0451447454685265,19064,3202108,Ecoporanga
ES,56430,53.171747775042604,47.13782264977617,-6.033925125266435,14736,3202207,Fundão
ES,56456,48.407073996041625,61.39244620685172,12.985372210810098,22346,3202306,Guaçuí
ES,56472,53.80903683005171,66.53235025148605,12.72331342143434,101524,3202405,Guarapari
ES,56499,81.75335570469798,55.91980096590078,-25.833554738797204,9933,3202504,Ibiraçu
ES,56502,43.11660007264802,47.4433315761729,4.326731503524883,7470,3202553,Ibitirama
ES,56510,66.95466919162031,64.38701923076923,-2.567649960851085,11401,3202603,Iconha
ES,56537,55.88235294117647,60.99962135554714,5.11726841437067,11740,3202702,Itaguaçu
ES,56553,82.80896794515472,62.33756699214448,-20.47140095301024,36630,3202801,Itapemirim
ES,56570,44.154548046763615,48.61479516651931,4.460247119755692,9584,3202900,Itarana
ES,56596,49.44415380591159,56.772411935071055,7.328258129159465,21278,3203007,Iúna
ES,56618,59.22316771891298,72.40339819128528,13.180230472372294,10071,3203106,Jerônimo Monteiro
ES,56626,61.744676251216084,66.8629671574179,5.118290906201814,12793,3203130,João Neiva
ES,56634,60.439289544070704,51.23836354728074,-9.200925996789962,122326,3203205,Linhares
ES,56650,40.35588155392556,71.93863319386332,31.58275163993776,10402,3203304,Mantenópolis
ES,56677,59.0828343969998,79.77088763890794,20.688053241908136,19743,3203403,Mimoso do Sul
ES,56693,36.88493565480697,35.957586562822556,-0.9273490919844107,15420,3203502,Montanha
ES,56715,25.332310838445807,21.24079915878023,-4.091511679665576,5140,3203601,Mucurici
ES,56731,49.125840537944285,46.58467360454115,-2.541166933403133,14757,3203700,Muniz Freire
ES,56758,61.60851567120047,63.9035788955848,2.2950632243843287,11077,3203809,Muqui
ES,56774,33.761182419292105,53.948283052968165,20.18710063367606,41191,3203908,Nova Venécia
ES,56790,52.52063150340868,62.3203190206807,9.79968751727202,15876,3204005,Pancas
ES,56812,44.62877547983931,35.73642266824085,-8.892352811598464,18818,3204104,Pinheiros
ES,56839,57.856854023453295,68.27624049541429,10.41938647196099,17326,3204203,Piúma
ES,56855,86.70508119434258,79.4805994662287,-7.2244817281138864,13255,3204302,Presidente Kennedy
ES,56871,82.33655819407798,66.93125655234387,-15.405301641734113,8808,3204401,Rio Novo do Sul
ES,56898,51.29547590280575,66.66666666666667,15.371190763860923,10107,3204500,Santa Leopoldina
ES,56910,51.94870325261499,58.15061963775024,6.201916385135249,20734,3204609,Santa Teresa
ES,56936,54.44627192982456,57.127715951245364,2.681444021420802,26248,3204708,São Gabriel da Palha
ES,56952,37.014835905889406,42.94117647058823,5.926340564698826,9759,3204807,São José do Calçado
ES,56979,55.410799246415685,46.80453178325983,-8.606267463155852,92268,3204906,São Mateus
ES,56995,42.69467137058178,47.55837129840547,4.8636999278236885,361189,3205002,Serra
ES,57010,22.742408429004524,34.829774672832826,12.087366243828303,54374,3205101,Viana
ES,57037,47.915262657265096,56.52880500167643,8.613542344411336,346813,3205200,Vila Velha
ES,57053,46.93800458149097,52.90232165640289,5.964317074911918,265883,3205309,Vitória
ES,57070,44.44985394352483,73.02096177558569,28.57110783206086,10864,3203353,Marilândia
ES,57096,60.74759700961196,68.06474313863477,7.3171461290228095,19595,3202454,Ibatiba
ES,57118,54.410153396639885,60.35404757514291,5.943894178503022,15534,3204351,Rio Bananal
ES,57134,46.7599634925464,54.32947976878613,7.569516276239732,24297,3203056,Jaguaré
ES,57150,43.91267189806542,38.58489805786123,-5.327773840204188,18937,3204054,Pedro Canário
ES,57916,48.82032667876588,37.29255246193938,-11.5277742168265,9495,3203163,Laranja da Terra
ES,57932,50.431733508656585,86.37285794449001,35.94112443583342,31314,3204559,Santa Maria de Jetibá
ES,57959,67.29699666295885,65.036986650795,-2.2600100121638462,16001,3205036,Vargem Alta
ES,57975,78.06621519939804,70.90032154340837,-7.165893655989677,20196,3205069,Venda Nova do Imigrante
ES,57991,47.39480480024305,47.257321242753086,-0.13748355748996488,8897,3200136,Águia Branca
GO,92010,53.311773865133546,59.32090545938748,6.009131594253937,12586,5200100,Abadiânia
GO,92029,53.72802960222017,67.72451046590142,13.99648086368125,7873,5203559,Bonfinópolis
GO,92037,72.00878155872667,76.62737057919016,4.618589020463489,2635,5200209,Água Limpa
GO,92053,55.81747547244354,52.733564013840834,-3.0839114586027065,21966,5200308,Alexânia
GO,92061,25.329476052716167,58.19698427975617,32.867508227040005,4498,5204953,Campos Verdes
GO,92096,24.804804804804803,22.52415458937198,-2.2806502154328214,2168,5200506,Aloândia
GO,92100,40.14097570024114,22.461319580295218,-17.679656119945925,7360,5205455,Cezarina
GO,92118,30.295471987720646,42.423671315491895,12.128199327771249,7680,5200605,Alto Paraíso de Goiás
GO,92126,51.52215799614643,50.60461707585196,-0.9175409202944707,3848,5205521,Colinas do Sul
GO,92150,57.70065075921909,58.716904276985744,1.016253517766657,6777,5200803,Alvorada do Norte
GO,92169,24.340425531914892,74.48728465955702,50.14685912764213,3067,5213855,Morro Agudo de Goiás
GO,92177,29.919608528486542,24.121460252473558,-5.798148276012984,3862,5200902,Amorinópolis
GO,92207,39.47814300237208,37.035819914558004,-2.4423230878140743,4159,5207352,Edealina
GO,92215,46.1088367252771,52.392915651096814,6.284078925819713,287739,5201108,Anápolis
GO,92223,42.5945489118952,49.043514820264875,6.448965908369672,6624,5207535,Faina
GO,92231,39.84375,44.103547459252155,4.259797459252155,1738,5201207,Anhanguera
GO,92258,35.55612550226554,38.49361249112846,2.937486988862922,15168,5201306,Anicuns
GO,92266,31.412894375857338,15.660184237461618,-15.75271013839572,4011,5209150,Gouvelândia
GO,92274,64.90380280189197,51.09531137871101,-13.80849142318096,340941,5201405,Aparecida de Goiânia
GO,92282,23.661830915457728,11.643330876934414,-12.018500038523314,5166,5210562,Itaguari
GO,92290,40.7442748091603,50.90909090909091,10.164816099930604,3455,5201504,Aporé
GO,92312,40.29438822447102,59.254843517138596,18.960455292667575,4172,5201603,Araçu
GO,92320,27.744310575635875,72.95554801493044,45.211237439294564,3955,5212956,Matrinchã
GO,92339,48.90288500609508,47.098214285714285,-1.8046707203807983,13907,5201702,Aragarças
GO,92347,68.21060965954078,75.83173996175908,7.621130302218305,3345,5213053,Mimoso de Goiás
GO,92355,42.340363210310485,25.723262207095168,-16.617101003215318,10215,5201801,Aragoiânia
GO,92363,27.13653873591097,32.89455642396819,5.758017688057219,9826,5213756,Montividiu
GO,92444,68.74110953058322,52.13815789473684,-16.602951635846374,4131,5215256,Novo Planalto
GO,92460,31.181619256017505,28.959449120122418,-2.2221701358950874,3576,5215652,Palestina de Goiás
GO,92495,71.29883843717,71.86242960579244,0.5635911686224375,7391,5202502,Aruanã
GO,92517,24.831932773109244,54.317434210526315,29.48550143741707,3295,5202601,Aurilândia
GO,92550,37.93978962640551,26.694411414982163,-11.24537821142335,4465,5202809,Avelinópolis
GO,92568,58.84308510638298,38.802514058881904,-20.040571047501075,4208,5219258,Santa Fé de Goiás
GO,92614,21.557719054242003,53.56701030927835,32.009291255036345,3328,5203104,Baliza
GO,92622,44.589774078478,65.31388712745719,20.72411304897919,2198,5220058,São João da Paraúna
GO,92630,52.36495941785614,68.15968841285297,15.79472899499683,10022,5203203,Barro Alto
GO,92649,63.552188552188554,66.22605880766118,2.6738702554726217,5107,5220157,São Luiz do Norte
GO,92657,63.582358235823584,55.78231292517007,-7.800045310653516,24221,5203302,Bela Vista de Goiás
GO,92665,43.19134078212291,49.77698483496878,6.585644052845872,4211,5220264,São Miguel do Passa Quatro
GO,92673,36.0313315926893,43.506839580742586,7.4755079880532875,7601,5203401,Bom Jardim de Goiás
GO,92703,64.16962151234617,55.1970898682092,-8.972531644136971,95243,5220454,Senador Canedo
GO,92711,55.764796310530365,63.82754994742376,8.062753636893397,3891,5203609,Brazabrantes
GO,92720,45.38857677902622,47.02994599901817,1.641369219991951,5580,5220686,Simolândia
GO,92754,39.67435549525102,49.173445289950145,9.499089794699124,5182,5203807,Britânia
GO,92762,19.849246231155778,50.7168458781362,30.86759964698042,3252,5221080,Teresina de Goiás
GO,92770,38.89643463497453,66.3954722320481,27.499037597073574,8690,5203906,Buriti Alegre
GO,92789,49.57759004001779,54.38039037675897,4.8028003367411785,3059,5221452,Trombas
GO,92797,18.998499624906227,39.34306569343066,20.344566068524433,7447,5204003,Cabeceiras
GO,92800,55.00159795461809,53.57254290171607,-1.4290550529020223,4210,5221551,Turvelândia
GO,92819,25.790754257907544,37.2579395817196,11.467185323812053,7721,5204102,Cachoeira Alta
GO,92827,32.7762619372442,35.44973544973545,2.673473512491249,4413,5218789,Rio Quente
GO,92835,42.51412429378531,60.99476439790576,18.480640104120454,2065,5204201,Cachoeira de Goiás
GO,92851,45.19107463452167,54.63877839086359,9.447703756341923,10792,5204300,Caçu
GO,92860,27.455121436114045,42.90492116579073,15.449799729676688,3062,5209457,Guarinos
GO,92878,28.52279760676707,41.32668950482716,12.803891898060087,13207,5204409,Caiapônia
GO,92886,61.842781298167495,64.18251571300301,2.339734414835519,17515,5205513,Cocalzinho de Goiás
GO,92894,71.65454386118657,67.47013651877133,-4.184407342415241,68134,5204508,Caldas Novas
GO,92908,57.12494776431258,47.86150712830957,-9.263440636003011,7976,5219738,Santo Antônio de Goiás
GO,92916,19.25357516567841,27.925801011804385,8.672225846125976,4041,5204607,Campestre de Goiás
GO,92924,55.6008839027707,51.89892570736874,-3.701958195401957,9497,5205471,Chapadão do Céu
GO,92932,38.99239827097928,40.13768332834481,1.1452850573655269,9168,5204706,Campinorte
GO,92940,25.515055467511885,28.939051918735892,3.4239964512240064,6397,5200555,Alto Horizonte
GO,92959,46.736626567699,55.93887473952304,9.202248171824039,5810,5204805,Campo Alegre de Goiás
GO,92967,46.168509340449866,24.615384615384617,-21.55312472506525,3999,5205059,Castelândia
GO,92975,66.1975848626034,61.672608151074286,-4.524976711529121,14898,5204904,Campos Belos
GO,92983,58.93137768465165,77.43746809596733,18.506090411315682,2726,5212055,Jesúpolis
GO,92991,63.91752577319588,56.326219512195124,-7.591306261000753,7228,5205000,Carmo do Rio Verde
GO,93009,23.11604253351826,37.384744341994974,14.268701808476713,3439,5201454,Aparecida do Rio Doce
GO,93017,47.492443640144,70.08699704831443,22.594553408170427,75390,5205109,Catalão
GO,93025,41.20246173268108,52.8018141672137,11.59935243453262,49712,5205497,Cidade Ocidental
GO,93033,44.0650406504065,51.567594682718834,7.502554032312332,5460,5205208,Caturaí
GO,93041,36.35198633062794,39.135296310100635,2.7833099794726976,3597,5218391,Professor Jamil
GO,93050,14.683124539425203,16.443137975381223,1.7600134359560204,7950,5205307,Cavalcante
GO,93068,41.928540680154974,61.42857142857143,19.500030748416457,3152,5216452,Perolândia
GO,93076,51.90314095621228,51.412835249042146,-0.4903057071701369,16938,5205406,Ceres
GO,93084,55.3921568627451,71.90123456790124,16.509077705156145,2680,5214879,Nova Iguaçu de Goiás
GO,93092,30.52924791086351,66.27777777777777,35.74852986691426,5110,5208301,Divinópolis de Goiás
GO,93106,61.79389312977099,56.60165041260315,-5.192242717167844,3494,5203939,Buriti de Goiás
GO,93122,40.57913526378421,38.27629911280101,-2.3028361509831967,4292,5204557,Caldazinha
GO,93149,57.87979176526266,77.32053040695016,19.440738641687496,2781,5209291,Guaraíta
GO,93157,56.25795502757743,64.55178059762586,8.293825570048433,3112,5205703,Córrego do Ouro
GO,93165,47.15795487003713,14.910025706940875,-32.24792916309626,4809,5209937,Inaciolândia
GO,93173,60.31544597534445,74.99117543240381,14.675729457059354,7930,5205802,Corumbá de Goiás
GO,93181,70.39737513671163,68.03218727139722,-2.365187865314411,3716,5213772,Montividiu do Norte
GO,93190,75.36867277799921,73.95562662402558,-1.4130461539736245,7145,5205901,Corumbaíba
GO,93203,62.01550387596899,64.88476312419975,2.8692592482307617,4303,5219712,Santo Antônio da Barra
GO,93220,35.599756444083624,34.81322120086055,-0.7865352432230708,6829,5221197,Terezópolis de Goiás
GO,93246,33.54216867469879,63.968907178783724,30.42673850408493,3080,5221577,Uirapuru
GO,93254,35.31828367499377,68.95682912154031,33.63854544654654,38955,5206206,Cristalina
GO,93262,26.869918699186993,51.91472562179234,25.04480692260535,3507,5203962,Buritinópolis
GO,93270,24.26520847573479,52.40532241555783,28.140113939823042,4023,5206305,Cristianópolis
GO,93289,21.382289416846653,26.5379113018598,5.155621885013147,4021,5222203,Vila Boa
GO,93297,26.51474241278756,28.14201451905626,1.627272106268702,13016,5206404,Crixás
GO,93300,27.487326221503437,45.25465820468507,17.767331983181634,99106,5221858,Valparaíso de Goiás
GO,93319,34.94821249582359,48.493589743589745,13.545377247766154,3970,5206503,Cromínia
GO,93327,50.15669555888083,66.4178166553553,16.26112109647447,58614,5215231,Novo Gama
GO,93335,23.295454545454547,33.42217484008529,10.126720294630744,2613,5206602,Cumari
GO,93343,72.39642166218725,46.718290458285246,-25.678131203902005,124985,5200258,Águas Lindas de Goiás
GO,93351,20.06578947368421,10.842541436464089,-9.22324803722012,4024,5206701,Damianópolis
GO,93360,68.72090445577477,64.119051993386,-4.601852462388777,15631,5200050,Abadia de Goiás
GO,93378,35.444891980959355,60.8649415101028,25.420049529143448,3634,5206800,Damolândia
GO,93386,22.428748451053284,22.441314553990612,0.012566102937327628,2969,5200829,Amaralina
GO,93394,32.80829811755667,42.6370476531709,9.828749535614236,4145,5206909,Davinópolis
GO,93408,71.49070778964017,55.107425555974366,-16.383282233665803,3730,5203575,Bonópolis
GO,93424,36.6234756097561,23.068391866913124,-13.555083742842974,3963,5218052,Porteirão
GO,93432,52.43967828418231,63.30036439354503,10.860686109362724,2503,5207105,Diorama
GO,93440,51.121281464530895,60.24305555555556,9.121774091024662,3048,5219456,Santa Rita do Novo Destino
GO,93483,60.8648056923919,74.74476088124665,13.879955188854751,2457,5220280,São Patrício
GO,93491,33.20409858764885,35.48060220034742,2.276503612698569,9541,5207402,Edéia
GO,93505,17.229219143576827,34.9647266313933,17.73550748781647,6026,5222302,Vila Propício
GO,93513,18.06972789115646,47.412705090450146,29.342977199293685,3214,5207501,Estrela do Norte
GO,93530,37.414965986394556,71.06695055594984,33.65198456955529,5536,5207600,Fazenda Nova
GO,93548,17.4512987012987,45.660377358490564,28.209078657191863,3148,5210158,Ipiranga de Goiás
GO,93564,43.04897314375987,61.983762795623015,18.93478965186314,3713,5208152,Gameleira de Goiás
GO,93572,32.738735968014765,31.730057717922154,-1.0086782500926113,8767,5207808,Firminópolis
GO,93580,31.43719026071967,30.203916818090047,-1.2332734426296241,6772,5204854,Campo Limpo de Goiás
GO,93599,14.798379316997877,56.27720120522263,41.47882188822476,8526,5207907,Flores de Goiás
GO,93602,21.390845070422536,21.6260162601626,0.2351711897400648,1783,5212253,Lagoa Santa
GO,93610,48.866980301014,48.256863657515126,-0.610116643498877,77709,5208004,Formosa
GO,93637,38.27089337175793,40.727489564698864,2.4565961929409355,4705,5208103,Formoso
GO,93670,47.03934801986502,56.139470713658596,9.10012269379358,10753,5208400,Goianápolis
GO,93696,26.235854675402024,39.74654377880184,13.51068910339982,4561,5208509,Goiandira
GO,93718,34.33663949720122,60.035898049539306,25.699258552338087,59434,5208608,Goianésia
GO,93734,56.290276660110166,54.115024305443775,-2.175252354666391,1015618,5208707,Goiânia
GO,93750,68.87273221444588,53.49330872173512,-15.379423492710757,47569,5208806,Goianira
GO,93777,41.4695945945946,48.8892191098893,7.4196245152947,19214,5208905,Goiás
GO,93793,67.43521730259131,37.752175632911396,-29.683041669679916,27861,5209101,Goiatuba
GO,93815,55.06072874493927,46.34146341463415,-8.71926533030512,14861,5209200,Guapó
GO,93831,22.856315179606025,34.47212946313897,11.615814283532945,4796,5209408,Guarani de Goiás
GO,93874,70.19325253848673,58.34663262049154,-11.846619917995191,4192,5209606,Heitoraí
GO,93890,40.17869805701319,74.08797653958945,33.909278482576255,23574,5209705,Hidrolândia
GO,93912,59.95921142080218,68.01369863013699,8.054487209334809,3869,5209804,Hidrolina
GO,93939,53.69049593630785,63.03489657350387,9.344400637196024,8526,5209903,Iaciara
GO,93955,72.54973233758508,74.83720930232558,2.287476964740492,40854,5210000,Inhumas
GO,93971,46.24760339632977,45.15140967629655,-1.0961937200332201,20500,5210109,Ipameri
GO,93998,53.37483787289235,41.41024303744654,-11.964594835445808,26609,5210208,Iporá
GO,94013,36.79245283018868,21.160877513711153,-15.631575316477527,2989,5210307,Israelândia
GO,94030,41.99744482135777,38.0716397148322,-3.9258051065255657,33230,5210406,Itaberaí
GO,94072,32.48022335970219,28.54745925215724,-3.9327641075449478,5268,5210604,Itaguaru
GO,94110,19.328331546981065,29.671123960968558,10.342792413987492,3667,5210802,Itajá
GO,94137,34.16820458739784,43.784479588083855,9.616275000686016,15696,5210901,Itapaci
GO,94153,65.45454545454545,70.65560821484992,5.201062760304467,6866,5211008,Itapirapuã
GO,94196,40.682711783629216,63.74504385437943,23.062332070750216,21490,5211206,Itapuranga
GO,94218,55.88235294117647,40.30249110320285,-15.579861837973624,4683,5211305,Itarumã
GO,94234,59.937727036844834,64.02745229327084,4.089725256426007,7690,5211404,Itauçu
GO,94250,56.443769581179005,37.878284003990686,-18.56548557718832,74872,5211503,Itumbiara
GO,94277,61.99813258636788,69.24095322153575,7.242820635167867,3148,5211602,Ivolândia
GO,94293,32.10746531600969,61.52013858813339,29.412673272123705,5992,5211701,Jandaia
GO,94315,52.224805580052916,69.8691573403555,17.644351760302584,33457,5211800,Jaraguá
GO,94331,54.8088933300025,66.60194936361319,11.79305603361069,73590,5211909,Jataí
GO,94358,59.94358251057828,67.8449744463373,7.9013919357590225,3160,5212006,Jaupaci
GO,94374,43.80301602262017,27.489674162459846,-16.313341860160325,5772,5212105,Joviânia
GO,94390,50.461366390157515,57.855890764830704,7.394524374673189,14815,5212204,Jussara
GO,94439,64.38769354514378,62.52088360868758,-1.8668099364561925,7348,5212303,Leopoldo de Bulhões
GO,94455,29.440796920987097,29.19549556464435,-0.24530135634274686,136469,5212501,Luziânia
GO,94471,33.556405353728486,25.799172621286196,-7.75723273244229,3493,5212600,Mairipotaba
GO,94498,32.26584777363457,50.806776926179914,18.540929152545345,6519,5212709,Mambaí
GO,94510,22.51854189679659,23.393158459886486,0.8746165630898943,9163,5212808,Mara Rosa
GO,94536,18.02773497688752,54.588457899716175,36.56072292282866,3001,5212907,Marzagão
GO,94552,29.593773728170085,33.38500290641348,3.7912291782433982,7170,5216304,Paranaiguara
GO,94579,72.90852228303362,61.94419441944194,-10.964327863591677,7553,5213004,Maurilândia
GO,94595,45.839188611229915,61.09511779566418,15.255929184434265,51738,5213103,Mineiros
GO,94650,61.486103233125355,62.209944751381215,0.7238415182558597,2507,5213400,Moiporá
GO,94676,64.38651040420952,65.104036099273,0.7175256950634861,5622,5213509,Monte Alegre de Goiás
GO,94714,62.764511745292175,64.19543482361819,1.4309230783260105,7109,5213707,Montes Claros de Goiás
GO,94730,38.74921679197995,51.55465245562244,12.805435663642491,37179,5213806,Morrinhos
GO,94757,19.640883977900554,45.17898383371824,25.538099855817688,4636,5213905,Mossâmedes
GO,94773,34.490468345493056,46.13803940529433,11.647571059801272,12317,5214002,Mozarlândia
GO,94790,69.39252336448598,67.04830053667263,-2.344222827813354,3622,5214101,Mutunópolis
GO,94854,51.973328527662645,43.27679664276972,-8.696531884892927,7694,5214408,Nazário
GO,94870,63.403385872737886,60.36592404478818,-3.0374618279497057,25856,5214507,Nerópolis
GO,94897,50.50575514475061,71.08780069595038,20.58204555119977,28255,5214606,Niquelândia
GO,94919,66.6832174776564,74.87550928021729,8.192291802560888,2769,5214705,Nova América
GO,94935,64.52395391146149,77.77142857142857,13.247474659967082,2328,5214804,Nova Aurora
GO,94951,50.37629350893697,86.03010348071496,35.65380997177799,3006,5214903,Nova Roma
GO,94978,44.44810001645008,60.53179561108441,16.083695594634335,8553,5215009,Nova Veneza
GO,95010,36.087439792515745,43.71564675705387,7.628206964538123,3599,5215207,Novo Brasil
GO,95036,31.36416184971098,54.63602400090569,23.27186215119471,12088,5215306,Orizona
GO,95052,49.84358706986444,51.54385964912281,1.7002725792583675,3766,5215405,Ouro Verde de Goiás
GO,95079,25.94368811881188,49.171645844649646,23.227957725837765,10501,5215504,Ouvidor
GO,95095,44.575656256669276,56.56662336774458,11.990967111075307,20372,5215603,Padre Bernardo
GO,95117,33.96819410396631,51.10225282357915,17.134058719612838,23454,5215702,Palmeiras de Goiás
GO,95133,25.396825396825395,34.55674760022586,9.159922203400466,2406,5215801,Palmelo
GO,95150,58.43113032736257,63.64447086801427,5.2133405406517,4428,5215900,Palminópolis
GO,95176,74.44039562727745,56.10184372256365,-18.338551904713803,3038,5216007,Panamá
GO,95230,47.98546373834729,55.92834370730226,7.942879968954969,9273,5216403,Paraúna
GO,95311,62.37623762376238,60.71301880099326,-1.6632188227691174,7530,5216809,Petrolina de Goiás
GO,95354,49.98212370396854,38.28743870237646,-11.694685001592077,3938,5216908,Pilar de Goiás
GO,95397,22.262719428741445,50.814579071000985,28.55185964225954,18846,5217104,Piracanjuba
GO,95419,33.361498380509786,66.33749636944525,32.97599798893546,9094,5217203,Piranhas
GO,95435,46.01151315789474,65.45342802512974,19.441914867235,20744,5217302,Pirenópolis
GO,95451,48.364704311840875,46.83332216339387,-1.5313821484470012,22069,5217401,Pires do Rio
GO,95494,68.33165920920464,44.817244611059046,-23.5144145981456,14363,5217708,Pontalina
GO,95559,65.5813953488372,37.15483459400346,-28.426560754833744,30958,5218003,Porangatu
GO,95575,44.171779141104295,62.665016501650165,18.49323736054587,3416,5218102,Portelândia
GO,95613,56.847338037203336,58.62050711979249,1.7731690825891562,25334,5218300,Posse
GO,95630,45.71241990122852,45.76201448321264,0.049594581984116815,35296,5218508,Quirinópolis
GO,95656,48.280950272982146,59.94507082971957,11.664120556737423,9232,5218607,Rialma
GO,95672,75.71714476317545,62.32876712328767,-13.388377639887786,3946,5218706,Rianápolis
GO,95710,19.087989975329915,33.41103269797278,14.323042722642864,152805,5218805,Rio Verde
GO,95737,33.567600808222785,56.42156421564216,22.85396340741937,15626,5218904,Rubiataba
GO,95753,25.452550740537575,31.24548736462094,5.792936624083364,7135,5219001,Sanclerlândia
GO,95770,27.760699929061243,28.663892741562645,0.9031928125014019,5600,5219100,Santa Bárbara de Goiás
GO,95796,26.069410815173526,37.15384615384615,11.084435338672627,3504,5219209,Santa Cruz de Goiás
GO,95818,73.91639463184622,61.79838034068696,-12.118014291159255,30173,5219308,Santa Helena de Goiás
GO,95834,34.3313373253493,65.3225806451613,30.991243319811993,4460,5219407,Santa Rita do Araguaia
GO,95850,37.7937076861808,31.85745140388769,-5.936256282293112,3527,5219506,Santa Rosa de Goiás
GO,95877,38.10962451445835,61.17692013756209,23.06729562310374,3838,5219605,Santa Tereza de Goiás
GO,95893,39.09319899244333,33.2220367278798,-5.87116226456353,8523,5219704,Santa Terezinha de Goiás
GO,95915,69.28516819571865,78.0703478089998,8.785179613281144,7282,5219803,São Domingos
GO,95931,24.432905165345723,41.25731738355816,16.824412218212437,5392,5219902,São Francisco de Goiás
GO,95958,37.78252315370219,53.81723066862841,16.034707514926218,66561,5217609,Planaltina
GO,95974,60.35055350553505,59.941620879120876,-0.4089326264141775,7763,5220009,São João d'Aliança
GO,95990,23.74310915104741,24.020844761382335,0.27773561033492555,24563,5220108,São Luís de Montes Belos
GO,96016,61.23599673566288,62.242456979705224,1.0064602440423442,18388,5220207,São Miguel do Araguaia
GO,96059,36.532125205930804,24.923495409724584,-11.60862979620622,13329,5220405,São Simão
GO,96075,49.85324000903138,48.241317898486194,-1.611922110545187,6621,5220504,Serranópolis
GO,96091,41.403629483099685,61.42693315858453,20.023303675484847,16325,5220603,Silvânia
GO,96113,26.706642066420663,54.99783643444396,28.291194368023298,3498,5220702,Sítio d'Abadia
GO,96172,50.750382848392036,41.04185486299308,-9.708527985398959,4447,5221007,Taquaral de Goiás
GO,96237,23.57484369253402,42.30069166363305,18.725847971099032,3894,5221304,Três Ranchos
GO,96253,44.32611311672684,36.19327390599676,-8.132839210730076,95913,5221403,Trindade
GO,96318,48.84097035040431,53.65853658536585,4.817566234961539,4582,5221502,Turvânia
GO,96334,22.793142640651638,36.48756265517403,13.694420014522393,30439,5221601,Uruaçu
GO,96350,28.167786905650985,35.36433722954489,7.196550323893902,10812,5221700,Uruana
GO,96377,63.68909512761021,43.616287094547964,-20.072808033062245,3949,5221809,Urutaí
GO,96393,21.49500516706855,24.95451788963008,3.4595127225615308,4454,5221908,Varjão
GO,96415,30.087298659781137,47.01180961469641,16.924510954915274,11287,5222005,Vianópolis
GO,96458,43.28517924023542,41.970834411942356,-1.3143448282930663,15968,5200134,Acreúna
GO,96474,22.599567767829576,46.74457429048414,24.145006522654562,22408,5213087,Minaçu
GO,96512,53.833780160857906,60.21840873634945,6.384628575491547,5366,5214051,Mundo Novo
GO,96539,36.885245901639344,68.57895507097908,31.693709169339733,9335,5214838,Nova Crixás
GO,96555,31.886828522271077,43.375820780224025,11.488992257952948,6881,5214861,Nova Glória
GO,96571,45.56117290192113,56.199738170936975,10.638565269015842,7110,5222054,Vicentinópolis
GO,96610,35.63501849568434,59.11318553092182,23.478167035237476,5599,5200852,Americano do Brasil
GO,96695,44.03148229121119,52.83187821804343,8.800395926832238,6011,5202155,Araguapaz
GO,96717,59.74075486084636,77.52932551319648,17.788570652350124,3626,5202353,Arenópolis
GO,96733,61.971830985915496,25.790706755173762,-36.18112423074173,7232,5204250,Cachoeira Dourada
GO,96750,17.33540234981157,50.0,32.664597650188426,5670,5207253,Doverlândia
GO,96776,56.86306780776827,53.13808839157342,-3.7249794161948486,46703,5219753,Santo Antônio do Descoberto
GO,96814,36.71624033313504,40.26204752387297,3.545807190737932,12731,5209952,Indiara
GO,96873,77.2609819121447,65.46352583586626,-11.797456076278436,3775,5204656,Campinaçu
GO,96890,42.200891326705516,52.15225898256848,9.951367655862967,3820,5219357,Santa Isabel
GO,96911,35.24150268336315,49.64912280701754,14.40762012365439,2963,5200159,Adelândia
GO,96938,25.15373352855051,49.097278361627595,23.943544833077084,5099,5200175,Água Fria de Goiás
MA,7005,38.3682870650988,39.725862690874116,1.3575756257753184,11520,2100154,Água Doce do Maranhão
MA,7013,92.1834385443743,63.01277740416947,-29.170661140204828,7467,2100105,Afonso Cunha
MA,7021,75.249500998004,73.44042645151995,-1.809074546484041,18074,2100436,Alto Alegre do Maranhão
MA,7030,47.598784194528875,26.575302733666884,-21.02348146086199,17613,2100204,Alcântara
MA,7048,88.34622514862878,65.62022964093715,-22.72599550769162,20251,2100477,Alto Alegre do Pindaré
MA,7056,69.14315491699546,61.21436504998149,-7.928789867013968,18501,2100303,Aldeias Altas
MA,7064,49.906450024618415,74.1308696066292,24.22441958201079,13470,2100832,Apicum-Açu
MA,7072,73.55351378197169,73.48571428571428,-0.06779949625740755,5758,2100402,Altamira do Maranhão
MA,7080,65.75052854122622,65.4494382022472,-0.30109033897902293,4953,2100550,Amapá do Maranhão
MA,7099,43.3327971690526,13.428197579326136,-29.90459958972646,8142,2100501,Alto Parnaíba
MA,7102,77.1433530024297,80.86092715231788,3.717574149888179,8006,2100873,Araguanã
MA,7110,21.98290433186845,38.74347904299334,16.760574711124892,28107,2100600,Amarante do Maranhão
MA,7129,42.7364570632294,37.87586428686284,-4.860592776366559,16056,2101251,Bacabeira
MA,7137,35.936119605844375,37.26176341935887,1.3256438135144961,20568,2100709,Anajatuba
MA,7145,37.952591820786665,35.19610356318893,-2.756488257597738,5647,2101350,Bacurituba
MA,7153,32.642717410634894,21.316280309086064,-11.32643710154883,14136,2100808,Anapurus
MA,7161,33.50008337502084,15.96338814768849,-17.536695227332352,8091,2101731,Belágua
MA,7170,44.748331823049675,34.87168787815564,-9.876643944894035,32649,2100907,Araioses
MA,7188,85.17864420595028,45.46264477535955,-39.71599943059073,10096,2101772,Bela Vista do Maranhão
MA,7196,61.28309689276894,51.980056163677,-9.30304072909194,24000,2101004,Arari
MA,7200,82.17747949291574,11.967891024081732,-70.209588468834,5014,2101939,Bernardo do Mearim
MA,7218,42.10268349466977,22.813852813852815,-19.288830680816954,11529,2101103,Axixá
MA,7226,52.229007633587784,50.354609929078016,-1.874397704509768,9000,2102374,Cachoeira Grande
MA,7234,42.0707957843287,35.66959603630972,-6.401199748018982,71834,2101202,Bacabal
MA,7242,35.030777839955235,45.43835759924583,10.407579759290599,12220,2103752,Davinópolis
MA,7250,37.52315943442223,72.30973619282597,34.78657675840373,13892,2101301,Bacuri
MA,7269,61.97026991785109,47.122996075301,-14.847273842550088,19650,2102036,Bom Jesus das Selvas
MA,7277,47.92716920704584,28.567247182789405,-19.359922024256438,71207,2101400,Balsas
MA,7285,81.0084985835694,16.681474900044424,-64.32702368352498,11468,2102077,Bom Lugar
MA,7293,53.9453717754173,5.914297836232499,-48.0310739391848,16129,2101509,Barão de Grajaú
MA,7307,87.10708577517315,59.46034341782502,-27.646742357348124,8475,2102150,Brejo de Areia
MA,7315,31.375559544147222,41.17466300651452,9.799103462367299,63831,2101608,Barra do Corda
MA,7323,44.481675392670155,68.20222525863751,23.720549865967357,6550,2101970,Boa Vista do Gurupi
MA,7331,41.45949647108396,13.965210052513129,-27.49428641857083,52533,2101707,Barreirinhas
MA,7340,55.820498546421724,36.681209099407916,-19.13928944701381,42731,2102325,Buriticupu
MA,7358,39.688715953307394,70.3956343792633,30.706918425955905,4638,2101806,Benedito Leite
MA,7366,20.01123595505618,44.51974760458051,24.50851164952433,10835,2102358,Buritirana
MA,7374,24.238625470098075,35.39875045938993,11.160124989291855,18606,2101905,Bequimão
MA,7382,7.60139672307279,43.409420767911335,35.80802404483855,9948,2102556,Campestre do Maranhão
MA,7390,30.277062194416697,19.05668888777505,-11.220373306641648,25935,2102101,Brejo
MA,7404,31.358276313873926,45.205682154483576,13.84740584060965,8688,2102754,Capinzal do Norte
MA,7412,44.39642052718086,26.2972941314279,-18.099126395752958,22990,2102200,Buriti
MA,7420,56.08270260291675,18.628326486872655,-37.45437611604409,7808,2103125,Central do Maranhão
MA,7439,44.99804151978065,22.613882863340564,-22.384158656440086,17753,2102309,Buriti Bravo
MA,7447,68.51092896174863,69.11921843993284,0.6082894781842043,7966,2103158,Centro do Guilherme
MA,7455,54.90440565253533,31.440988727420887,-23.463416925114444,10224,2102408,Cajapió
MA,7463,48.622677770659834,68.30314074391681,19.68046297325698,11932,2103174,Centro Novo do Maranhão
MA,7471,71.02496714848883,59.163987138263664,-11.860980010225163,16136,2102507,Cajari
MA,7480,41.461988304093566,36.191044776119405,-5.270943527974161,10660,2103257,Cidelândia
MA,7498,58.32981864192324,48.380711061841794,-9.949107580081446,14853,2102606,Cândido Mendes
MA,7501,66.53171390013495,43.377049180327866,-23.15466471980708,11878,2103554,Conceição do Lago-Açu
MA,7510,35.89591372316217,28.36649699213327,-7.5294167310288955,14177,2102705,Cantanhede
MA,7528,27.1889400921659,57.626451485927966,30.437511393762065,6389,2104073,Feira Nova do Maranhão
MA,7536,38.74295748884173,46.74377486371004,8.000817374868305,18310,2102804,Carolina
MA,7544,24.161973719495844,19.739696312364426,-4.422277407131418,9487,2104081,Fernando Falcão
MA,7552,34.64178464178464,49.051736159531444,14.409951517746805,19091,2102903,Carutapera
MA,7560,46.03858400449522,15.453207514500908,-30.58537648999431,14076,2104099,Formosa da Serra Negra
MA,7579,63.51411119212977,68.86378643524196,5.349675243112195,113310,2103000,Caxias
MA,7595,62.693978895096215,41.081390359033044,-21.61258853606317,9329,2103109,Cedral
MA,7609,23.70742897476619,55.380621388493424,31.673192413727232,15378,2104552,Governador Edison Lobão
MA,7617,40.970778538226156,43.92903466924616,2.9582561310200006,60241,2103208,Chapadinha
MA,7625,22.718730423888076,11.901865369018653,-10.816865054869423,6417,2104628,Governador Luiz Rocha
MA,7633,31.305159687846814,36.081808761827105,4.776649073980291,82433,2103307,Codó
MA,7641,63.14040916244099,41.94887118193891,-21.191537980502076,7695,2104651,Governador Newton Bello
MA,7650,60.64447096588337,55.262098397616555,-5.382372568266817,33366,2103406,Coelho Neto
MA,7668,45.13384843518302,73.81093495332642,28.677086518143405,17555,2104677,Governador Nunes Freire
MA,7676,27.567465381161682,24.303844544651575,-3.263620836510107,28425,2103505,Colinas
MA,7684,78.88980359872986,69.07839111003744,-9.811412488692412,10867,2105153,Igarapé do Meio
MA,7692,39.492084632381875,26.46124042739958,-13.030844204982294,46883,2103604,Coroatá
MA,7706,81.68763502350997,43.1605471562275,-38.52708786728247,11234,2105351,Itaipava do Grajaú
MA,7714,38.048579237790726,42.16717624501218,4.118597007221453,26321,2103703,Cururupu
MA,7722,61.55744248494085,60.67106312051598,-0.8863793644248688,17555,2105427,Itinga do Maranhão
MA,7730,21.274082822765187,17.76785070970531,-3.506232113059877,17802,2103802,Dom Pedro
MA,7749,85.26621490803485,58.522417861680886,-26.74379704635397,7205,2105450,Jatobá
MA,7757,72.257096069869,40.2464604090194,-32.010635660849594,9654,2103901,Duque Bacelar
MA,7765,68.53943620469502,15.727290335076505,-52.81214586961852,13237,2105476,Jenipapo dos Vieiras
MA,7773,62.826548509184896,51.45982182235159,-11.366726686833303,14790,2104008,Esperantinópolis
MA,7781,80.10958904109589,55.03855357617655,-25.07103546491934,5092,2105658,Junco do Maranhão
MA,7790,34.6793930494371,58.27598273649831,23.596589687061204,10569,2104107,Fortaleza dos Nogueiras
MA,7803,52.85367334547662,17.11502108477534,-35.738652260701286,8271,2105948,Lago dos Rodrigues
MA,7811,58.99936400254399,7.355226354501191,-51.6441376480428,13021,2104206,Fortuna
MA,7820,74.76361265079882,29.34103685196752,-45.4225757988313,8284,2105922,Lagoa do Mato
MA,7838,70.33002763778248,42.667551426675516,-27.662476211106963,7328,2104305,Godofredo Viana
MA,7846,25.724785626786442,18.22589098532495,-7.498894641461494,9997,2105963,Lagoa Grande do Maranhão
MA,7854,47.778473091364205,34.91328340559716,-12.865189685767042,13628,2104404,Gonçalves Dias
MA,7862,19.943422913719942,67.05796038151138,47.114537467791436,6682,2105989,Lajeado Novo
MA,7870,80.88574250905499,53.3525826114854,-27.53315989756959,8077,2104503,Governador Archer
MA,7889,61.69995355318161,77.50112359550562,15.80117004232401,15698,2106326,Maracaçumé
MA,7897,64.65227817745803,59.619116933527415,-5.033161243930614,10692,2104602,Governador Eugênio Barros
MA,7900,20.98739495798319,52.99295774647887,32.00556278849568,6771,2106359,Marajá do Sena
MA,7919,70.9435534263695,25.846774193548388,-45.09677923282112,6273,2104701,Graça Aranha
MA,7927,74.26802743851431,83.12815656565657,8.860129127142258,8133,2106375,Maranhãozinho
MA,7935,38.2365972529907,30.233973656660094,-8.002623596330604,52271,2104800,Grajaú
MA,7943,34.326602626935895,26.136363636363637,-8.190238990572258,7654,2106631,Matões do Norte
MA,7951,35.50883340633669,27.49106504646176,-8.017768359874932,9819,2104909,Guimarães
MA,7960,25.724020442930154,11.763584366062917,-13.960436076867238,6649,2106672,Milagres do Maranhão
MA,7978,46.061084187986026,23.72946753389924,-22.331616654086787,23439,2105005,Humberto de Campos
MA,7986,65.35234899328859,61.5512927439533,-3.8010562493352893,4514,2107258,Nova Colinas
MA,7994,26.074514644821008,48.07458022141003,22.000065576589023,23105,2105104,Icatu
MA,8001,74.22522246087757,67.46401985111663,-6.761202609760943,13507,2107357,Nova Olinda do Maranhão
MA,8010,70.7480961624608,17.801347283932923,-52.94674887852787,8484,2105203,Igarapé Grande
MA,8028,78.328173374613,54.52008251425798,-23.808090860355023,11175,2107456,Olinda Nova do Maranhão
MA,8036,23.04774748198407,62.39746158984636,39.34971410786228,194847,2105302,Imperatriz
MA,8044,42.73481638418079,28.40909090909091,-14.325725475089879,15080,2108058,Paulino Neves
MA,8052,19.90370427894696,20.434465429196724,0.5307611502497629,17210,2111409,São Luís Gonzaga do Maranhão
MA,8060,68.46653919694073,34.57450761798588,-33.89203157895485,18241,2108256,Pedro do Rosário
MA,8079,55.17721445559487,55.20167480809491,0.024460352500035754,47849,2105401,Itapecuru Mirim
MA,8087,53.145036928820716,39.28955866523143,-13.855478263589283,16364,2108454,Peritoró
MA,8095,14.536837053035757,38.684452621895126,24.14761556885937,21876,2105500,João Lisboa
MA,8109,70.15892931827688,41.75974916715658,-28.399180151120298,7200,2109056,Porto Rico do Maranhão
MA,8117,45.918587120396296,37.86569495054659,-8.052892169849706,12529,2105609,Joselândia
MA,8125,64.6241627387745,48.15637494446913,-16.467787794305373,5728,2109239,Presidente Médici
MA,8133,58.351780651675796,19.4457099468489,-38.906070704826895,34283,2105708,Lago da Pedra
MA,8141,26.572576876343582,48.82504212113151,22.252465244787928,15655,2109270,Presidente Sarney
MA,8150,53.24736593804057,13.346903169526025,-39.90046276851455,8447,2105807,Lago do Junco
MA,8168,67.17482773339837,42.498068503734224,-24.67675922966415,24288,2109452,Raposa
MA,8176,72.48453272549658,53.94568006843456,-18.538852657062016,12196,2105906,Lago Verde
MA,8184,15.225526885956274,77.18762718762719,61.962100301670915,6276,2109551,Ribamar Fiquene
MA,8192,83.85454545454546,25.09420631182289,-58.76033914272257,11183,2106003,Lima Campos
MA,8206,10.380993150684931,11.955168119551681,1.5741749688667497,6119,2109759,Santa Filomena do Maranhão
MA,8214,49.50525664811379,64.25007337833871,14.744816730224919,8569,2106102,Loreto
MA,8222,66.77294848128881,58.36060209424084,-8.412346387047968,8164,2110237,Santana do Maranhão
MA,8230,63.97571396447043,63.23529411764706,-0.7404198468233716,6072,2106201,Luís Domingues
MA,8249,20.8046106904735,39.41494918795707,18.61033849748357,13330,2110278,Santo Amaro do Maranhão
MA,8257,22.913569760033976,41.28125335336409,18.367683593330117,12194,2106300,Magalhães de Almeida
MA,8265,33.79469434832757,15.45371219065078,-18.340982157676788,6762,2110658,São Domingos do Azeitão
MA,8273,33.58823040478763,28.025677156724598,-5.562553248063033,16271,2106409,Mata Roma
MA,8281,29.527367224297546,33.42339478703115,3.896027562733604,8123,2110856,São Francisco do Brejão
MA,8290,74.7938040635687,37.95180722891566,-36.84199683465304,20053,2106508,Matinha
MA,8303,78.48377420234524,65.95862068965518,-12.525153512690068,10140,2111029,São João do Carú
MA,8311,61.463339017206636,13.206803056445649,-48.256535960760985,27282,2106607,Matões
MA,8320,8.867585380467347,43.25352112676056,34.385935746293214,8599,2111052,São João do Paraíso
MA,8338,56.993147924224104,13.59514294497387,-43.39800497925023,16372,2106706,Mirador
MA,8346,76.72413793103448,24.20705882352941,-52.51707910750507,14327,2111078,São João do Soter
MA,8354,53.89393215480172,26.376975169300227,-27.51695698550149,12015,2106805,Mirinzal
MA,8362,58.7282300526529,22.110453648915186,-36.61777640373771,6388,2111250,São José dos Basílios
MA,8370,64.80887463245122,57.44301540812428,-7.36585922432694,21263,2106904,Monção
MA,8389,64.77014755959138,80.60152539933803,15.83137783974665,9692,2111532,São Pedro da Água Branca
MA,8397,39.180300219261255,71.19811796336751,32.01781774410625,7512,2107001,Montes Altos
MA,8400,6.481481481481482,79.30672268907563,72.82524120759415,4688,2111573,São Pedro dos Crentes
MA,8419,36.18173258003767,41.57221206581353,5.390479485775863,16701,2107100,Morros
MA,8427,74.50322580645161,61.7974617974618,-12.70576400898981,5160,2111631,São Raimundo do Doca Bezerra
MA,8435,35.755112409500825,31.172991621488418,-4.582120788012407,10518,2107209,Nina Rodrigues
MA,8443,71.08229988726043,65.81050228310502,-5.2717976041554095,4547,2111672,São Roberto
MA,8451,48.512,10.028028651510432,-38.48397134848957,4134,2107308,Nova Iorque
MA,8460,85.99853961299745,54.309467254835425,-31.689072358162022,7469,2111722,Satubinha
MA,8478,78.58259031160952,59.08438061041293,-19.498209701196593,14386,2107407,Olho d'Água das Cunhãs
MA,8486,43.30683108875547,59.79149959903769,16.48466851028222,8450,2111748,Senador Alexandre Costa
MA,8494,31.287850191199883,31.77638381471014,0.4885336235102571,90286,2107506,Paço do Lumiar
MA,8508,49.85479186834463,35.062370062370064,-14.792421805974563,12262,2111763,Senador La Rocque
MA,8516,54.778982485404505,56.71446128635805,1.9354788009535469,17179,2107605,Palmeirândia
MA,8524,67.08898944193062,55.10418228151701,-11.98480716041361,9228,2111789,Serrano do Maranhão
MA,8532,53.70557443291395,39.60276016411787,-14.102814268796081,14960,2107704,Paraibano
MA,8540,91.71122994652407,13.638936049801924,-78.07229389672214,4707,2111953,Sucupira do Riachão
MA,8559,21.790379101624723,24.517079846307702,2.7267007446829794,26242,2107803,Parnarama
MA,8567,73.43725883624016,24.30167597765363,-49.13558285858653,16878,2112233,Trizidela do Vale
MA,8575,90.0047192071732,52.426744080558834,-37.57797512661436,14687,2107902,Passagem Franca
MA,8583,89.71184151283205,62.622353744593674,-27.089487768238378,6051,2112274,Tufilândia
MA,8591,28.703053703053705,32.28230822391154,3.5792545208578375,15148,2108009,Pastos Bons
MA,8605,75.8909853249476,48.527596543819435,-27.363388781128158,15977,2112456,Turilândia
MA,8613,58.413814588989275,30.198675496688743,-28.215139092300532,28033,2108207,Pedreiras
MA,8621,55.61370123691722,65.08206875193558,9.468367515018357,8903,2112852,Vila Nova dos Martírios
MA,8630,70.04985568092364,70.84436910689692,0.7945134259732782,26012,2108306,Penalva
MA,8656,43.20795400095831,41.963661774982526,-1.2442922259757836,11291,2108405,Peri Mirim
MA,8672,63.05879877984643,38.123795245234525,-24.9350035346119,25951,2108504,Pindaré-Mirim
MA,8699,26.838177970820805,37.57916041000196,10.740982439181156,62810,2108603,Pinheiro
MA,8710,83.90371030793499,68.80796976983855,-15.095740538096436,18787,2108702,Pio XII
MA,8737,68.43641868512111,28.486034126725357,-39.950384558395754,12903,2108801,Pirapemas
MA,8753,58.8372301352683,18.68811881188119,-40.14911132338711,14763,2108900,Poção de Pedras
MA,8770,21.174518433013493,54.19690538135013,33.02238694833663,18859,2109007,Porto Franco
MA,8796,61.58373914884607,42.84109398001085,-18.742645168835224,32778,2109106,Presidente Dutra
MA,8818,56.29278567667193,58.497200156270345,2.2044144795984124,10013,2109205,Presidente Juscelino
MA,8834,62.25316455696203,21.189405297351325,-41.063759259610705,10343,2109304,Presidente Vargas
MA,8850,33.98852398974484,56.2451426668147,22.25661867706986,11110,2109403,Primeira Cruz
MA,8877,39.833175952156125,11.49130974549969,-28.341866206656434,16914,2109502,Riachão
MA,8893,41.696440386396716,34.70625333527386,-6.990187051122859,131220,2111201,São José de Ribamar
MA,8915,46.77633765370555,41.84197848080938,-4.934359172896173,32344,2109601,Rosário
MA,8931,80.79006772009029,20.402033271719038,-60.38803444837126,5411,2109700,Sambaíba
MA,8958,27.581691565978215,55.18033540087296,27.598643834894748,24651,2109809,Santa Helena
MA,8974,55.66202090592334,63.88773017102675,8.225709265103411,45122,2110005,Santa Luzia
MA,8990,19.101267443349123,20.703271906731853,1.6020044633827304,21173,2110104,Santa Quitéria do Maranhão
MA,9016,28.198154961872767,42.816639781004056,14.61848481913129,28000,2110203,Santa Rita
MA,9032,28.30817830817831,14.088580399933896,-14.219597908244413,15375,2110302,Santo Antônio dos Lopes
MA,9059,19.61509370535339,23.294263758441357,3.679170053087965,16310,2110401,São Benedito do Rio Preto
MA,9075,57.24168383868119,27.963849016480594,-29.277834822200596,29321,2110500,São Bento
MA,9091,63.03019301748654,32.54051389487954,-30.489679122607,21807,2110609,São Bernardo
MA,9113,67.57100466299279,48.82765623557648,-18.743348427416315,28536,2110708,São Domingos do Maranhão
MA,9130,35.20504731861199,53.68355610817532,18.478508789563328,4224,2110807,São Félix de Balsas
MA,9156,76.17193134285303,78.58189276296514,2.4099614201121113,9158,2110906,São Francisco do Maranhão
MA,9172,41.586718377900254,45.86855740387237,4.281839025972118,20103,2111003,São João Batista
MA,9199,56.24277849520832,36.505591897024686,-19.737186598183634,19531,2111102,São João dos Patos
MA,9210,34.970118425135894,33.55221925387054,-1.4178991712653541,760134,2111300,São Luís
MA,9237,55.39832285115304,43.71921749136939,-11.679105359783648,30141,2111508,São Mateus do Maranhão
MA,9253,18.99297824970029,17.223902558652824,-1.7690756910474654,15697,2111607,São Raimundo das Mangabeiras
MA,9270,51.89786059351277,19.349300369130397,-32.54856022438237,16729,2111706,São Vicente Ferrer
MA,9296,36.886529759832925,57.245386192754616,20.35885643292169,13984,2111805,Sítio Novo
MA,9318,63.60811010803611,48.420279206465835,-15.187830901570273,8257,2111904,Sucupira do Norte
MA,9334,42.97625521116549,64.4797634448346,21.503508233669116,6853,2112001,Tasso Fragoso
MA,9350,59.45945945945946,62.135079163604786,2.6756197041453262,21254,2112100,Timbiras
MA,9377,54.627384550658206,31.769588347183937,-22.85779620347427,124658,2112209,Timon
MA,9393,59.3046357615894,14.844584862705013,-44.46005089888439,28443,2112308,Tuntum
MA,9415,40.40357076436675,60.91753774680604,20.513966982439293,28166,2112407,Turiaçu
MA,9431,55.67682683348862,43.26813139272581,-12.408695440762806,43215,2112506,Tutóia
MA,9458,22.954388573249084,21.088296734090793,-1.8660918391582904,25802,2112605,Urbano Santos
MA,9474,35.52949858554385,37.699229310414395,2.169730724870547,32648,2112704,Vargem Grande
MA,9490,59.36242858591664,38.758616140628604,-20.603812445288035,39769,2112803,Viana
MA,9512,50.7416081186573,40.45368620037807,-10.287921918279224,24682,2112902,Vitória do Mearim
MA,9539,65.06226859643218,15.610872675250357,-49.45139592118182,22896,2113009,Vitorino Freire
MA,9555,52.10294412177048,45.02007833027614,-7.082865791494335,26887,2102002,Bom Jardim
MA,9571,69.68713687487667,51.53685529338066,-18.15028158149601,63445,2109908,Santa Inês
MA,9598,73.5144312393888,12.81312525010004,-60.701305989288755,16850,2108108,Paulo Ramos
MA,9610,54.275257468720746,60.881236846902084,6.605979378181338,77999,2100055,Açailândia
MA,9636,23.562897644826432,49.524122087298984,25.961224442472552,24146,2104057,Estreito
MA,9652,62.72465572239944,64.50807521260826,1.7834194902088214,17080,2110039,Santa Luzia do Paruá
MA,9679,71.879526798648,64.73044109638774,-7.149085702260265,20824,2100956,Arame
MA,9695,58.83834281072299,36.846177653977094,-21.992165156745898,16991,2106755,Miranda do Norte
MA,9717,71.92013420072828,74.2495158166559,2.329381615927616,33010,2114007,Zé Doca
MG,40002,63.51663585951941,68.62790163180878,5.1112657722893715,6138,3101631,Alfredo Vasconcelos
MG,40010,56.448299475005705,72.25971608098673,15.81141660598103,5719,3100104,Abadia dos Dourados
MG,40029,64.74668908976246,65.34345203346955,0.5967629437070912,7002,3103751,Araporã
MG,40037,54.937298190283094,65.63469894475482,10.697400754471722,17445,3100203,Abaeté
MG,40045,49.00669900669901,69.15400820490076,20.147309198201754,12434,3108552,Brasilândia de Minas
MG,40053,16.85316282256223,36.207887777394504,19.354724954832275,12103,3100302,Abre Campo
MG,40061,56.654545454545456,82.50779355732594,25.853248102780483,4057,3112653,Capitão Andrade
MG,40070,23.02763315979175,23.252032520325205,0.22439936053345377,3518,3100401,Acaiaca
MG,40088,58.402061855670105,59.05403072673917,0.6519688710690659,7995,3114550,Carneirinho
MG,40096,29.42084942084942,54.49658879470746,25.075739373858042,8225,3100500,Açucena
MG,40100,6.505479213776309,69.47749612002069,62.97201690624438,8492,3115458,Catuji
MG,40118,21.813725490196077,65.6415557565577,43.827830266361616,11835,3100609,Água Boa
MG,40126,54.93224932249323,76.61801156706142,21.68576224456819,5228,3122355,Divisa Alegre
MG,40134,55.20898315658141,45.284002084418965,-9.924981072162446,2699,3100708,Água Comprida
MG,40142,71.33099141295862,78.69050010042177,7.359508687463148,7088,3122454,Divisópolis
MG,40150,67.15328467153284,78.53789403085177,11.38460935931893,4331,3100807,Aguanil
MG,40169,29.00122799836267,39.99163354946664,10.990405551103972,6585,3123528,Durandé
MG,40177,26.200474712433813,69.99334664005323,43.792871927619416,14490,3100906,Águas Formosas
MG,40185,55.132991133924406,71.85030218503022,16.71731105110581,5891,3123858,Entre Folhas
MG,40193,11.579563753476798,51.805900192996965,40.22633643952017,10867,3101003,Águas Vermelhas
MG,40207,24.235143360563832,30.116913484021826,5.8817701234579935,8563,3125952,Fervedouro
MG,40215,48.766219155478886,62.921434605637046,14.15521545015816,19142,3101102,Aimorés
MG,40223,7.8654970760233915,76.6015037593985,68.73600668337511,5005,3126752,Franciscópolis
MG,40231,34.300574869969886,70.17334130304842,35.87276643307853,4838,3101201,Aiuruoca
MG,40240,26.91437802907916,39.33966671857966,12.425288689500498,8823,3130051,Icaraí de Minas
MG,40258,73.80446333687567,82.07696362677912,8.272500289903448,2619,3101300,Alagoa
MG,40266,36.05463455322698,77.38978162340338,41.3351470701764,13852,3131158,Ipaba
MG,40274,29.531109107303877,44.44019870080245,14.909089593498571,3575,3101409,Albertina
MG,40282,38.47506393861892,60.61893203883495,22.143868100216025,27127,3135050,Jaíba
MG,40290,31.382042253521128,51.79612459052801,20.41408233700688,27003,3101508,Além Paraíba
MG,40304,41.145490454246215,34.18021680216802,-6.965273652078196,4243,3135076,Jampruca
MG,40312,56.3299585826047,69.2870025249489,12.957043942344207,61026,3101607,Alfenas
MG,40320,48.77806723731547,41.08599394080634,-7.692073296509129,25040,3136652,Juatuba
MG,40339,24.41941639130637,45.54413428894757,21.124717897641197,31119,3101706,Almenara
MG,40347,39.16935195130684,57.48311411304657,18.31376216173973,7610,3137536,Lagoa Grande
MG,40355,18.47971466785555,68.3456561922366,49.86594152438106,6064,3101805,Alpercata
MG,40363,48.59872611464968,73.4040383438711,24.805312229221414,6632,3138625,Limeira do Oeste
MG,40371,50.84062446388746,53.97873435088321,3.1381098869957498,16046,3101904,Alpinópolis
MG,40380,34.26308539944903,70.5029368575624,36.23985145811337,8567,3138658,Lontra
MG,40398,52.123720322369856,63.845813026140895,11.72209270377104,12246,3102001,Alterosa
MG,40401,27.929303949378138,17.033079926032464,-10.896224023345674,6126,3139250,Mamonas
MG,40410,21.770334928229666,77.00402352212937,55.23368859389971,10053,3102100,Alto Rio Doce
MG,40428,60.506475932727625,85.05726556907659,24.550789636348966,7529,3140555,Mata Verde
MG,40436,17.271105826397147,47.356188262638,30.085082436240853,4518,3102209,Alvarenga
MG,40444,7.0597362296353765,24.980665119876257,17.92092889024088,7349,3140852,Matias Cardoso
MG,40452,43.99202434673103,51.2372802960222,7.24525594929117,13098,3102308,Alvinópolis
MG,40460,21.06270943034945,53.912839737582004,32.850130307232554,5966,3143450,Montezuma
MG,40479,57.162393162393165,79.37768950678583,22.215296344392662,4946,3102407,Alvorada de Minas
MG,40487,30.60796645702306,63.016304347826086,32.408337890803026,5485,3144359,Naque
MG,40495,29.814020028612305,34.18114143920595,4.367121410593647,4531,3102506,Amparo do Serra
MG,40509,24.588759424263195,56.53333333333333,31.944573909070137,9100,3145356,Novo Oriente de Minas
MG,40517,56.912874237108944,74.38514388131037,17.472269644201425,30175,3102605,Andradas
MG,40525,8.87330754352031,60.26711185308848,51.39380430956817,6338,3146750,Palmópolis
MG,40533,58.57461024498886,52.394067796610166,-6.180542448378695,6972,3102704,Cachoeira de Pajeú
MG,40541,4.904530138524897,35.09353078721746,30.189000648692563,8112,3149150,Pedras de Maria da Cruz
MG,40550,34.389810426540286,64.946034725481,30.556224298940712,9885,3102803,Andrelândia
MG,40568,27.87502769776202,62.19568213137345,34.32065443361143,6318,3149952,Periquito
MG,40576,52.11940298507463,70.52726453357369,18.407861548499056,9889,3102902,Antônio Carlos
MG,40584,12.209761491075659,77.09150326797386,64.88174177689821,9455,3152170,Ponto dos Volantes
MG,40592,51.69543773119605,77.38020176544767,25.684764034251614,9101,3103009,Antônio Dias
MG,40606,18.696275071633238,55.052023121387286,36.35574804975405,6011,3154457,Riachinho
MG,40614,68.4894053315106,65.27590847913862,-3.213496852371975,1915,3103108,Antônio Prado de Minas
MG,40622,29.232415084247126,33.27196212519726,4.039547040950136,5195,3156452,Rosário da Limeira
MG,40630,12.520325203252032,51.541425818882466,39.02110061563043,2834,3103207,Araçaí
MG,40649,43.08480364257257,67.3615247170935,24.276721074520935,6925,3157252,Santa Bárbara do Leste
MG,40657,8.717688798783579,24.039900249376558,15.32221145059298,2839,3103306,Aracitaba
MG,40665,56.493355094427606,82.19618653801976,25.702831443592153,5935,3159357,Santa Rita de Minas
MG,40673,13.757225433526012,50.134209805532734,36.376984372006724,28294,3103405,Araçuaí
MG,40681,41.928224564728175,71.07956067506028,29.151336110332103,25815,3158953,Santana do Paraíso
MG,40690,81.44069881889764,79.80172319432066,-1.638975624576986,90272,3103504,Araguari
MG,40703,10.834962301033231,67.15002788622421,56.31506558519098,5131,3162252,São João da Lagoa
MG,40711,38.61434108527132,62.61591020009761,24.00156911482629,2872,3103603,Arantina
MG,40720,24.77089697306304,44.23463238248293,19.46373540941989,9811,3162559,São João do Manhuaçu
MG,40738,48.2311320754717,39.23416198877305,-8.996970086698646,6500,3103702,Araponga
MG,40746,21.364501223158467,43.496538081107815,22.13203685794935,5241,3162575,São João do Manteninha
MG,40754,51.59100551548579,41.47117296222664,-10.119832553259151,3487,3103801,Arapuá
MG,40762,18.122195374525372,53.285198555956676,35.16300318143131,4046,3162658,São João do Pacuí
MG,40770,40.59183673469388,54.03883495145631,13.446998216762431,6636,3103900,Araújos
MG,40789,50.141097116112604,68.17778989706183,18.036692780949224,19738,3162955,São José da Lapa
MG,40797,27.493504427594253,54.646926043758775,27.153421616164522,81839,3104007,Araxá
MG,40800,66.01063538183213,65.80126719208778,-0.20936818974435312,26228,3165537,Sarzedo
MG,40819,50.037792894935755,73.06238185255198,23.024588957616224,7681,3104106,Arceburgo
MG,40827,57.13198934956257,75.7091490211746,18.577159671612023,3765,3165560,Sem-Peixe
MG,40835,45.70205630571,72.73951770584401,27.037461400134006,33540,3104205,Arcos
MG,40843,54.46685878962536,65.57522123893806,11.108362449312693,6008,3165578,Senador Amaral
MG,40851,45.22742549854358,65.19102486355366,19.963599365010083,11769,3104304,Areado
MG,40860,31.13819030334457,75.68576947842885,44.54757917508428,10135,3170057,Ubaporanga
MG,40878,22.70663033605813,72.66031195840554,49.95368162234742,3035,3104403,Argirita
MG,40886,54.94505494505494,70.20725388601036,15.262198940955422,7985,3170529,Urucuia
MG,40894,24.826279216677197,70.31539888682745,45.48911967015026,14445,3104502,Arinos
MG,40908,21.521113243761995,58.938189279302385,37.41707603554039,5430,3170578,Vargem Alegre
MG,40916,37.98842257597685,54.71603702777083,16.727614451793983,10808,3104601,Astolfo Dutra
MG,40924,61.555457357490056,72.13822894168466,10.582771584194603,3576,3136579,Josenópolis
MG,40932,15.504791912826573,73.24996601875765,57.74517410593107,11033,3104700,Ataléia
MG,40940,18.294943076515754,58.41320553780618,40.11826246129043,5569,3136959,Juvenília
MG,40959,36.21179815209666,63.86379430159833,27.65199614950167,4467,3104809,Augusto de Lima
MG,40967,24.78093235191027,76.6008174386921,51.81988508678184,4360,3138351,Leme do Prado
MG,40975,58.859488254300935,73.03003533568905,14.170547081388115,15621,3104908,Baependi
MG,40983,20.388809862494075,61.80365296803653,41.41484310554246,5860,3138674,Luisburgo
MG,40991,25.82857142857143,30.336024028533885,4.5074525999624555,7093,3105004,Baldim
MG,41009,18.531545394592218,54.948364888123926,36.416819493531705,6783,3138682,Luislândia
MG,41017,26.836766062096526,50.23060118132535,23.39383511922882,19001,3105103,Bambuí
MG,41025,63.35817524841915,70.1271676300578,6.768992381638647,12178,3140159,Mário Campos
MG,41033,75.25518094648933,77.43305029392553,2.1778693474362,4576,3105202,Bandeira
MG,41041,16.295288314339174,30.905114401076716,14.609826086737542,8196,3140530,Martins Soares
MG,41050,56.8146618482189,57.16547901821061,0.3508171699917142,5237,3105301,Bandeira do Sul
MG,41068,36.08762490392006,62.943194815097215,26.855569911177156,4128,3142254,Miravânia
MG,41076,39.42427293727418,55.52440733743677,16.100134400162588,24130,3105400,Barão de Cocais
MG,41084,8.644189383070302,85.87512794268167,77.23093855961137,4603,3143153,Monte Formoso
MG,41092,29.22629153528984,43.8821752265861,14.65588369129626,5613,3105509,Barão do Monte Alto
MG,41106,27.976190476190474,63.46153846153846,35.485347985347985,3571,3144375,Natalândia
MG,41114,43.06355386460199,60.0272663214975,16.963712456895507,99361,3105608,Barbacena
MG,41122,35.76737272389446,67.61181434599156,31.8444416220971,8801,3144656,Ninheira
MG,41130,31.442139465133717,51.17872807017544,19.73658860504172,5500,3105707,Barra Longa
MG,41149,26.455646737006642,82.89682539682539,56.441178659818746,3553,3144672,Nova Belém
MG,41157,65.970908230842,67.39236492255154,1.4214566917095368,24921,3169356,Três Marias
MG,41165,36.46384479717813,48.42059714409346,11.95675234691533,6102,3145059,Nova Porteirinha
MG,41173,53.037120359955004,70.47281528221973,17.435694922264723,17476,3105905,Barroso
MG,41181,25.604142692750287,68.92230576441102,43.318163071660734,4973,3145372,Novorizonte
MG,41190,50.80981799966605,58.27181208053691,7.461994080870859,8231,3106002,Bela Vista de Minas
MG,41203,22.678571428571427,45.94523433385993,23.266662905288502,5281,3145455,Olhos-d'Água
MG,41211,31.75197669579692,59.901193906957594,28.149217211160675,3228,3106101,Belmiro Braga
MG,41220,27.607942010715412,27.388535031847134,-0.2194069788682782,4326,3145851,Oratórios
MG,41238,49.03488307406518,55.09405789245927,6.059174818394091,1962881,3106200,Belo Horizonte
MG,41246,20.367313248039622,45.775357935067554,25.40804468702793,6816,3145877,Orizânia
MG,41254,41.16524801878486,65.34175597984243,24.176507961057574,20696,3106309,Belo Oriente
MG,41262,41.29746835443038,52.48796147672552,11.190493122295145,5095,3146255,Padre Carvalho
MG,41270,54.263565891472865,74.72918350848828,20.46561761701541,8588,3106408,Belo Vale
MG,41289,43.757978044421755,55.613903475868966,11.855925431447211,5550,3146552,Pai Pedro
MG,41297,32.7966398319916,55.1828724353256,22.386232603334,8995,3106507,Berilo
MG,41300,7.455905932656334,73.40461075843635,65.94870482578001,5226,3147956,Patis
MG,41319,9.420751113940165,46.13598673300166,36.715235619061495,4066,3106606,Bertópolis
MG,41327,15.677966101694915,27.780057447681575,12.10209134598666,6260,3148756,Pedra Bonita
MG,41335,54.75425575126472,56.92066839789837,2.1664126466336455,301331,3106705,Betim
MG,41343,67.16577540106952,79.02936962750717,11.863594226437641,7808,3150158,Piedade de Caratinga
MG,41351,81.67428772423496,82.83212790255044,1.1578401783154817,3816,3106804,Bias Fortes
MG,41360,58.04218852999341,72.09876543209876,14.056576902105348,4149,3150539,Pingo-d'Água
MG,41378,41.95133939542885,61.70029527559055,19.748955880161695,11577,3106903,Bicas
MG,41386,51.77640928469919,70.94893914665423,19.172529861955034,6546,3150570,Pintópolis
MG,41394,57.26405090137858,42.49336870026525,-14.770682201113331,2682,3107000,Biquinhas
MG,41408,69.5904173106646,68.40277777777777,-1.187639532886834,3901,3152131,Ponto Chique
MG,41416,30.763023401775307,56.30589102977782,25.54286762800251,32514,3107109,Boa Esperança
MG,41424,27.003444316877154,46.759148529060035,19.75570421218288,5853,3154150,Reduto
MG,41432,79.9939740885809,81.15348250866688,1.1595084200859844,4428,3107208,Bocaina de Minas
MG,41440,48.15251572327044,50.84301236418134,2.690496640910901,3595,3157278,Santa Bárbara do Monte Verde
MG,41459,28.728128439670552,41.52506905499288,12.796940615322331,35646,3107307,Bocaiúva
MG,41467,51.45306293121472,64.10090556274257,12.647842631527851,6469,3157336,Santa Cruz de Minas
MG,41475,39.11426639621366,71.03358766616849,31.91932126995483,39052,3107406,Bom Despacho
MG,41483,69.19945725915875,79.47686116700201,10.277403907843265,4496,3157377,Santa Cruz de Salinas
MG,41491,50.338231863774205,72.15946843853821,21.821236574764008,6321,3107505,Bom Jardim de Minas
MG,41505,5.620848237097598,39.376770538243626,33.75592230114603,5344,3157658,Santa Helena de Minas
MG,41513,71.21879588839941,67.65664614270192,-3.5621497456974964,3674,3107604,Bom Jesus da Penha
MG,41521,52.212001752080596,58.83503586176918,6.623034109688582,6670,3160454,Santo Antônio do Retiro
MG,41530,37.24039829302987,51.93886215680725,14.698463863777377,5181,3107703,Bom Jesus do Amparo
MG,41548,34.86424765287998,63.23725055432372,28.37300290144374,5911,3160959,São Domingos das Dores
MG,41556,26.123843102688408,41.110603290676416,14.986760187988008,12061,3107802,Bom Jesus do Galho
MG,41564,52.244897959183675,78.62509391435012,26.380195955166442,3798,3161056,São Félix de Minas
MG,41572,64.02907870823431,71.37714971337155,7.348071005137243,10209,3107901,Bom Repouso
MG,41580,25.4259501965924,86.71808054841473,61.29213035182234,3221,3161650,São Geraldo do Baixio
MG,41599,48.3953181045875,53.18846466287571,4.793146558288207,15102,3108008,Bom Sucesso
MG,41602,22.81303602058319,36.91965526827912,14.106619247695932,9981,3162450,São João das Missões
MG,41610,29.35910478128179,43.91974057559789,14.560635794316102,7317,3108107,Bonfim
MG,41629,55.91296121097446,62.05284918209599,6.1398879711215315,25074,3162922,São Joaquim de Bicas
MG,41637,27.809633027522935,71.54704032027452,43.737407292751584,5044,3108206,Bonfinópolis de Minas
MG,41645,62.92275574112735,47.564234326824256,-15.358521414303091,6753,3162948,São José da Barra
MG,41653,79.65013973708726,75.10898899730122,-4.541150739786033,13454,3108305,Borda da Mata
MG,41661,35.056179775280896,44.43228454172367,9.376104766442772,4563,3102050,Alto Caparaó
MG,41670,40.67630749157334,59.47652393525428,18.800216443680938,12776,3108404,Botelhos
MG,41688,50.24994566398609,39.80952380952381,-10.44042185446228,6879,3102852,Angelândia
MG,41696,72.68862911795962,69.67567567567568,-3.012953442283944,5656,3108503,Botumirim
MG,41700,57.55813953488372,59.78506787330317,2.226928338419448,5172,3104452,Aricanduva
MG,41718,35.20613306170589,56.292325056433405,21.086191994727514,27089,3108602,Brasília de Minas
MG,41726,8.634473936680525,53.72813746548021,45.09366352879968,4307,3106655,Berizal
MG,41734,48.64086984330029,64.88574187318957,16.244872029889287,4684,3108701,Brás Pires
MG,41742,22.094463116929063,54.54859910065721,32.45413598372815,8624,3108255,Bonito de Minas
MG,41750,33.2421340629275,68.49364791288566,35.251513849958165,4386,3108800,Braúnas
MG,41769,66.37903483541068,76.83397683397683,10.454941998566156,4365,3109253,Bugre
MG,41777,57.33490566037736,64.98969572069342,7.65479006031606,12541,3108909,Brazópolis
MG,41785,37.16250636780438,54.13907284768212,16.97656647987774,5891,3109451,Cabeceira Grande
MG,41793,50.56742751916406,62.807754826943665,12.240327307779602,35365,3109006,Brumadinho
MG,41807,45.535396655994305,38.87240356083086,-6.6629930951634435,4494,3111150,Campo Azul
MG,41815,72.73628552544614,76.8974145120934,4.16112898664727,8694,3109105,Bueno Brandão
MG,41823,61.60572337042925,77.96474358974359,16.35902021931434,3858,3112059,Cantagalo
MG,41831,22.082334132693845,42.49207606973059,20.409741937036742,8547,3109204,Buenópolis
MG,41840,46.41638225255973,50.90857467348098,4.492192420921249,5156,3115359,Catas Altas
MG,41858,35.36958740341158,70.41780821917808,35.048220815766506,20576,3109303,Buritis
MG,41866,53.86473429951691,50.160303118624306,-3.7044311808926054,4594,3115474,Catuti
MG,41874,71.01001177856301,23.055982130392294,-47.95402964817072,20491,3109402,Buritizeiro
MG,41882,40.56399132321041,70.05826983415508,29.494278510944675,9582,3116159,Chapada Gaúcha
MG,41890,55.4358336786849,69.48609695734459,14.050263278659685,9573,3109501,Cabo Verde
MG,41904,13.925212204634091,22.650439486139284,8.725227281505193,6340,3117836,Cônego Marinho
MG,41912,32.29323308270677,40.81709145427286,8.523858371566092,3473,3109600,Cachoeira da Prata
MG,41920,56.126871552403465,61.36363636363637,5.236764811232902,7057,3117876,Confins
MG,41939,74.46955084045192,71.49672846237732,-2.9728223780745964,10111,3109709,Cachoeira de Minas
MG,41947,56.74830640958833,55.05923000987167,-1.6890763997166616,5391,3119955,Córrego Fundo
MG,41955,75.08196721311475,54.79026411185914,-20.291703101255614,2798,3109808,Cachoeira Dourada
MG,41963,32.33618233618234,54.82041587901701,22.484233542834673,4714,3120151,Crisólita
MG,41971,12.403918613413715,52.5244556642474,40.12053705083368,8761,3109907,Caetanópolis
MG,41980,16.519590540063536,91.96934355214928,75.44975301208575,3950,3120839,Cuparaque
MG,41998,37.28949141124958,58.24044055602434,20.95094914477476,34347,3110004,Caeté
MG,42005,13.946910356832028,65.83195364238411,51.88504328555208,6816,3120870,Curral de Dentro
MG,42013,16.495487083722377,69.72136222910217,53.22587514537979,4437,3110103,Caiana
MG,42021,69.1822429906542,50.01008674601574,-19.172156244638465,7483,3121258,Delta
MG,42030,27.1873165002936,71.27355796687607,44.086241466582464,4769,3110202,Cajuri
MG,42048,28.608630952380953,85.64880112834979,57.04017017596884,3777,3122470,Dom Bosco
MG,42056,32.37591332829428,56.16257587754025,23.786662549245968,10804,3110301,Caldas
MG,42064,46.435763189689894,13.810444874274662,-32.62531831541523,3669,3126950,Frei Lagonegro
MG,42072,63.93162393162393,74.57627118644068,10.644647254816746,3110,3110400,Camacho
MG,42080,6.035021888680426,17.510347023241007,11.475325134560581,5143,3127073,Fruta de Leite
MG,42099,55.83777481678881,66.48365156109153,10.645876744302726,18995,3110509,Camanducaia
MG,42102,65.81880537296371,81.8083378451543,15.98953247219059,4725,3127339,Gameleiras
MG,42110,61.9519659370634,66.93070625041602,4.978740313352624,22533,3110608,Cambuí
MG,42129,41.00099436526351,66.34146341463415,25.34046904937064,4010,3127354,Glaucilândia
MG,42137,29.162547662759497,49.50662966389146,20.344082001131962,10156,3110707,Cambuquira
MG,42145,11.751662971175167,89.25583443416997,77.5041714629948,3104,3127370,Goiabeira
MG,42153,6.73758865248227,59.86754966887417,53.1299610163919,3378,3110806,Campanário
MG,42161,29.8828125,61.678146524733876,31.795334024733876,4491,3127388,Goianá
MG,42170,49.722479185938944,66.8775364048699,17.155057218930956,12728,3110905,Campanha
MG,42188,24.300287732147527,51.325111519286274,27.024823787138747,5315,3128253,Guaraciama
MG,42196,68.83268158748648,76.33951794693948,7.506836359453004,16476,3111002,Campestre
MG,42200,35.343087790111,36.60990712074303,1.266819330632032,5859,3129657,Ibiracatu
MG,42218,46.62343010088532,66.72485694888954,20.101426848004216,14503,3111101,Campina Verde
MG,42226,31.121226641111644,62.957713205764236,31.836486564652592,5724,3130556,Imbé de Minas
MG,42234,69.36364649504068,78.81916251014964,9.455516015108955,39354,3111200,Campo Belo
MG,42242,16.43770724774988,54.16191562143672,37.724208373686835,6438,3130655,Indaiabira
MG,42250,37.67263776835772,46.106641210964135,8.434003442606418,10449,3111309,Campo do Meio
MG,42269,45.86756077116513,58.822278911564624,12.954718140399493,8549,3135357,Japonvar
MG,42277,49.334221038615176,55.313754489752796,5.97953345113762,6473,3111408,Campo Florido
MG,42285,7.011777595179403,59.861687413554634,52.84990981837523,6076,3135456,Jenipapo de Minas
MG,42293,51.97563874034462,54.16535184600821,2.1897131056635857,10084,3111507,Campos Altos
MG,42307,5.4209919261822375,85.04531722054381,79.62432529436157,3806,3136520,José Gonçalves de Minas
MG,42315,35.70410587037665,52.152548588192154,16.448442717815503,20480,3111606,Campos Gerais
MG,42323,44.04979860856829,43.81739755571531,-0.2324010528529783,4368,3136553,José Raydan
MG,42331,54.58190148911798,50.65655091917129,-3.925350569946694,4403,3111705,Canaã
MG,42340,46.766169154228855,58.685028876055085,11.91885972182623,3044,3164431,São Sebastião da Vargem Alegre
MG,42358,48.035347956446266,61.58709033438696,13.551742377940691,8773,3111804,Canápolis
MG,42366,14.085252846174212,73.63525091799265,59.549998071818436,5604,3164472,São Sebastião do Anta
MG,42374,29.837636412030875,62.96497420581048,33.1273377937796,4983,3111903,Cana Verde
MG,42382,14.845566257057456,29.87565445026178,15.030088193204325,4136,3166956,Serranópolis de Minas
MG,42390,62.42501595405233,70.94139004149378,8.516374087441449,11511,3112000,Candeias
MG,42404,25.66448049706593,70.22900763358778,44.56452713652185,9306,3165552,Setubinha
MG,42412,15.107270560190702,80.28832009414533,65.18104953395463,4639,3112109,Caparaó
MG,42420,39.48681397006415,63.1723192874272,23.685505317363052,4088,3168051,Taparuba
MG,42439,56.79199514857489,67.21813725490196,10.42614210632707,4746,3112208,Capela Nova
MG,42447,41.05219552609776,72.66121707538602,31.609021549288258,3158,3170438,União de Minas
MG,42455,18.240322263706034,62.61620809465678,44.37588583095074,31071,3112307,Capelinha
MG,42463,24.050632911392405,73.26283987915407,49.21220696776167,3686,3170479,Uruana de Minas
MG,42471,40.613405886717786,52.648389672611124,12.034983785893338,5621,3112406,Capetinga
MG,42480,12.822966507177034,43.52720450281426,30.70423799563722,4199,3170651,Vargem Grande do Rio Pardo
MG,42498,36.53105642055918,49.11774141803016,12.586684997470975,8469,3112505,Capim Branco
MG,42501,54.04061334438458,75.5610459131151,21.520432568730513,6717,3170750,Varjão de Minas
MG,42510,48.83229667879357,49.75805499822967,0.925758319436099,11606,3112604,Capinópolis
MG,42528,9.84974958263773,29.097985347985347,19.248235765347616,6974,3171030,Verdelândia
MG,42536,15.813270035040127,49.47395765683855,33.660687621798424,13076,3112703,Capitão Enéas
MG,42544,53.549807374793616,59.28665785997358,5.736850485179964,5268,3171071,Veredinha
MG,42552,59.81390449438202,68.34791559444159,8.534011100059566,8244,3112802,Capitólio
MG,42560,49.52646239554318,50.83168875105723,1.3052263555140513,5097,3171154,Vermelho Novo
MG,42579,18.644348690752402,43.66599462365591,25.02164593290351,7830,3112901,Caputira
MG,42587,82.33799237611181,81.64324984728161,-0.6947425288302043,4159,3169059,Tocos do Moji
MG,42595,6.216494845360825,64.72436157276044,58.507866727399616,15521,3113008,Caraí
MG,42617,57.09584533113945,82.39095315024232,25.295107819102874,3454,3113107,Caranaíba
MG,42633,39.31598947676118,62.903575297941494,23.587585821180312,20681,3113206,Carandaí
MG,42650,36.44431882419446,58.70112736867354,22.256808544479078,23079,3113305,Carangola
MG,42676,52.851360467731055,70.57144183455576,17.7200813668247,60396,3113404,Caratinga
MG,42692,13.067249863313286,51.29326047358834,38.226010610275054,8158,3113503,Carbonita
MG,42714,74.84358706986444,76.15030674846626,1.306719678601823,5368,3113602,Careaçu
MG,42730,57.69583562649055,85.43725877812294,27.74142315163239,16293,3113701,Carlos Chagas
MG,42757,8.838526912181303,16.820401519262074,7.981874607080771,2715,3113800,Carmésia
MG,42773,45.912518853695325,61.85135587546033,15.938837021765003,9450,3113909,Carmo da Cachoeira
MG,42790,33.1858407079646,48.20154577883472,15.01570507087012,9616,3114006,Carmo da Mata
MG,42811,55.523495465787306,50.345921014701645,-5.177574451085661,9819,3114105,Carmo de Minas
MG,42838,37.040831260061466,64.5142733875027,27.47344212744123,19084,3114204,Carmo do Cajuru
MG,42854,49.73576042278332,75.62899230869509,25.893231885911767,22242,3114303,Carmo do Paranaíba
MG,42870,62.61489562752341,47.10307851954341,-15.51181710798,15908,3114402,Carmo do Rio Claro
MG,42897,54.82617984074577,45.54686044345072,-9.279319397295055,13900,3114501,Carmópolis de Minas
MG,42919,59.662921348314605,65.16155758077879,5.498636232464186,3441,3114600,Carrancas
MG,42935,57.05204608661104,66.5972511453561,9.545205058745054,3407,3114709,Carvalhópolis
MG,42951,27.484214024592887,86.79756262694652,59.31334860235363,3994,3114808,Carvalhos
MG,42978,41.21951219512195,70.80194949047409,29.582437295352136,3027,3114907,Casa Grande
MG,42994,83.77329192546584,90.52556310332498,6.752271177859143,3773,3115003,Cascalho Rico
MG,43010,38.513513513513516,52.550266954447345,14.036753440933829,13923,3115102,Cássia
MG,43036,55.258650222679,84.06853809697411,28.809887874295107,3677,3115201,Conceição da Barra de Minas
MG,43052,36.03060212021516,37.374400548070334,1.3437984278551767,52111,3115300,Cataguases
MG,43079,54.17394341599721,68.58799454297407,14.414051126976865,4149,3115409,Catas Altas da Noruega
MG,43095,36.94166666666667,46.62945844597541,9.68779177930874,17661,3115508,Caxambu
MG,43117,43.566591422121896,31.03802672147996,-12.528564700641937,1420,3115607,Cedro do Abaeté
MG,43133,22.855082912761354,77.35350624399615,54.4984233312348,5637,3115706,Central de Minas
MG,43150,23.142288917013197,57.48131948241298,34.33903056539978,7672,3115805,Centralina
MG,43176,22.895174708818637,62.691226974711206,39.79605226589257,4371,3115904,Chácara
MG,43192,23.898597095742062,59.190031152647975,35.29143405690591,5271,3116001,Chalé
MG,43214,10.017574692442881,49.664185877654745,39.64661118521187,9254,3116100,Chapada do Norte
MG,43230,63.62053959965187,83.80341880341881,20.182879203766937,3296,3116209,Chiador
MG,43257,62.646239554317546,73.60993508326277,10.963695528945223,5815,3116308,Cipotânea
MG,43273,46.889952153110045,60.125753209326696,13.235801056216651,5078,3116407,Claraval
MG,43290,36.721546170365066,58.48396501457726,21.762418844212192,7507,3116506,Claro dos Poções
MG,43311,29.277967152153703,63.15631202261382,33.87834487046011,22834,3116605,Cláudio
MG,43338,42.86021043590294,48.10662153585784,5.246411099954898,6598,3116704,Coimbra
MG,43354,37.516425755584756,39.43980121978767,1.9233754642029126,6936,3116803,Coluna
MG,43370,59.57128614157527,65.22770398481974,5.656417843244469,2849,3116902,Comendador Gomes
MG,43397,37.30569948186528,62.774049217002236,25.468349735136954,6683,3117009,Comercinho
MG,43419,55.45366795366795,63.95980892768901,8.506140974021058,8306,3117108,Conceição da Aparecida
MG,43435,79.25,69.50803701899659,-9.741962981003411,2816,3117207,Conceição das Pedras
MG,43451,46.63802363050483,45.05643663380483,-1.581586996700004,20159,3117306,Conceição das Alagoas
MG,43478,18.212427303336394,37.20653789004458,18.994110586708185,4497,3117405,Conceição de Ipanema
MG,43494,24.734242906168912,49.40349730348096,24.66925439731205,19793,3117504,Conceição do Mato Dentro
MG,43516,29.76633032395114,58.13837730214037,28.37204697818923,5489,3117603,Conceição do Pará
MG,43532,53.98992576882291,84.816166152119,30.82624038329609,10403,3117702,Conceição do Rio Verde
MG,43559,78.64306784660766,72.29700390794616,-6.346063938661501,9042,3117801,Conceição dos Ouros
MG,43575,77.07536865101038,79.58960328317373,2.514234632163351,9730,3117900,Congonhal
MG,43591,27.252325505756847,51.029862684975335,23.777537179218488,43886,3118007,Congonhas
MG,43613,60.871212121212125,31.066176470588236,-29.80503565062389,4429,3118106,Congonhas do Norte
MG,43630,58.38571787779733,64.01997503121099,5.634257153413657,5471,3118205,Conquista
MG,43656,23.579971676551832,69.57664190716656,45.996670230614725,94214,3118304,Conselheiro Lafaiete
MG,43672,29.63158357513409,75.21642124051763,45.584837665383546,15714,3118403,Conselheiro Pena
MG,43699,78.50187265917603,88.69257950530036,10.190706846124328,2032,3118502,Consolação
MG,43710,47.87086681871918,56.37268984008427,8.501823021365091,463159,3118601,Contagem
MG,43737,52.751890276068224,73.17612380250553,20.424233526437305,7797,3118700,Coqueiral
MG,43753,23.873994638069703,62.78716798896171,38.91317335089201,21926,3118809,Coração de Jesus
MG,43770,26.170009551098378,61.346733668341706,35.176724117243324,6880,3118908,Cordisburgo
MG,43796,40.523509452254,69.79802724283701,29.274517790583012,2969,3119005,Cordislândia
MG,43818,53.52927739282723,74.85687397066897,21.32759657784174,19765,3119104,Corinto
MG,43834,23.373759647188535,71.62926473271301,48.255505085524476,7969,3119203,Coroaci
MG,43850,68.1163611127176,79.64139809350885,11.525036980791256,24503,3119302,Coromandel
MG,43877,61.328700779111394,78.60766229159276,17.278961512481366,79951,3119401,Coronel Fabriciano
MG,43893,12.187075490005823,51.14693118412895,38.95985569412313,7295,3119500,Coronel Murta
MG,43915,29.297392841361024,46.22356495468278,16.926172113321755,3068,3119609,Coronel Pacheco
MG,43931,41.10671936758893,56.277056277056275,15.170336909467345,3179,3119708,Coronel Xavier Chaves
MG,43958,26.461259628454915,29.005644811115936,2.5443851826610207,3391,3119807,Córrego Danta
MG,43974,70.14778325123153,58.384097467136904,-11.763685784094626,4380,3119906,Córrego do Bom Jesus
MG,43990,34.73520249221184,56.18348623853211,21.44828374632027,3921,3120003,Córrego Novo
MG,44016,8.425467022493327,58.085277554304106,49.65981053181078,3916,3120102,Couto de Magalhães de Minas
MG,44032,53.516295025728986,65.66711590296497,12.15082087723598,8667,3120201,Cristais
MG,44059,66.92551049755536,80.82462581191754,13.899115314362177,5202,3120300,Cristália
MG,44075,44.07477820025348,67.68642447418738,23.611646273933893,4448,3120409,Cristiano Otoni
MG,44091,44.474995703729164,73.89529724933452,29.420301545605355,8297,3120508,Cristina
MG,44113,25.484621349185836,65.10249444307236,39.61787309388652,5672,3120607,Crucilândia
MG,44130,17.033678756476682,70.11879378617118,53.0851150296945,4351,3120706,Cruzeiro da Fortaleza
MG,44156,47.12905676761098,61.11427594850176,13.98521918089078,12916,3120805,Cruzília
MG,44172,39.40875804786946,44.17566419992721,4.76690615205775,61304,3120904,Curvelo
MG,44199,58.24906096503901,68.94525208784411,10.696191122805104,5139,3121001,Datas
MG,44210,49.505766062602966,73.8643702906351,24.358604228032128,6363,3121100,Delfim Moreira
MG,44237,50.325278810408925,37.878787878787875,-12.44649093162105,6314,3121209,Delfinópolis
MG,44253,55.142428785607194,58.756724447101014,3.61429566149382,4548,3121308,Descoberto
MG,44270,51.596715328467155,68.42105263157895,16.82433730311179,6445,3121407,Desterro de Entre Rios
MG,44296,57.29023383768914,90.03634161114476,32.74610777345563,4211,3121506,Desterro do Melo
MG,44318,24.330282084812254,47.75960752248569,23.429325437673434,38586,3121605,Diamantina
MG,44334,63.23324022346369,74.19236417033774,10.959123946874051,3860,3121704,Diogo de Vasconcelos
MG,44350,43.56181934657271,54.91601343784994,11.354194091277229,6910,3121803,Dionísio
MG,44377,55.07492225049477,46.57241931181648,-8.50250293867829,5015,3121902,Divinésia
MG,44393,28.701897499556658,36.92136084774121,8.219463348184554,16043,3122009,Divino
MG,44415,16.087926091111818,53.90625,37.81832390888818,4710,3122108,Divino das Laranjeiras
MG,44431,17.731750442030815,41.94086790653314,24.209117464502327,6375,3122207,Divinolândia de Minas
MG,44458,39.76083227802446,68.16493225996466,28.4040999819402,171424,3122306,Divinópolis
MG,44474,39.425587467362924,44.60511679644049,5.1795293290775675,5107,3122405,Divisa Nova
MG,44490,30.78825347758887,40.396341463414636,9.608087985825765,4341,3122504,Dom Cavati
MG,44512,15.97173144876325,46.77891654465593,30.807185095892677,4273,3122603,Dom Joaquim
MG,44539,53.32492908919004,53.18936877076412,-0.13556031842592375,4478,3122702,Dom Silvério
MG,44555,51.784946236559136,68.70261162594777,16.91766538938863,3156,3122801,Dom Viçoso
MG,44571,38.90732138907321,44.91451117930732,6.007189790234108,5779,3122900,Dona Euzébia
MG,44598,55.83965687891785,72.13541666666667,16.29575978774882,8082,3123007,Dores de Campos
MG,44610,52.71954674220963,67.15758468335788,14.438037941148252,5278,3123106,Dores de Guanhães
MG,44636,50.4915454187967,69.84989278055754,19.358347361760842,10109,3123205,Dores do Indaiá
MG,44652,55.28685361461281,66.47930505876342,11.192451444150606,5453,3123304,Dores do Turvo
MG,44679,38.34688346883469,81.6872427983539,43.34035932951922,2217,3123403,Doresópolis
MG,44695,46.5528146742568,75.5865567533291,29.033742079072304,2127,3123502,Douradoquara
MG,44717,32.29145246418535,61.4402193520456,29.148766887860255,19976,3123601,Elói Mendes
MG,44733,12.054846695867454,36.36363636363637,24.308789667768913,7790,3123700,Engenheiro Caldas
MG,44750,33.65341670388566,44.0027732840305,10.349356580144843,6173,3123809,Engenheiro Navarro
MG,44776,48.465106007067135,61.960431654676256,13.495325647609121,12811,3123908,Entre Rios de Minas
MG,44792,34.36733263231686,51.587087492132,17.21975485981514,16477,3124005,Ervália
MG,44814,40.61147486405505,66.53311336318643,25.921638499131383,56992,3124104,Esmeraldas
MG,44830,26.38418948015995,62.24990268586999,35.86571320571004,18165,3124203,Espera Feliz
MG,44857,20.362273579013117,34.03397148213373,13.671697903120613,23563,3124302,Espinosa
MG,44873,56.13017154389505,92.28684080827995,36.156669264384895,5531,3124401,Espírito Santo do Dourado
MG,44890,81.9234571388222,83.30515638207946,1.381699243257259,9545,3124500,Estiva
MG,44911,14.406381980290943,83.80998545807077,69.40360347777982,2914,3124609,Estrela Dalva
MG,44938,16.626389560173997,55.71575695159629,39.08936739142229,2723,3124708,Estrela do Indaiá
MG,44954,75.7218479307026,78.01533813618406,2.2934902054814614,5929,3124807,Estrela do Sul
MG,44970,51.959213401311,48.95849171354721,-3.000721687763786,8749,3124906,Eugenópolis
MG,44997,49.82966862805822,55.0093926111459,5.179723983087676,4497,3125002,Ewbank da Câmara
MG,45012,61.24116517547085,69.89906777879021,8.657902603319364,43710,3125101,Extrema
MG,45039,63.4878587196468,55.336832895888016,-8.151025823758786,3353,3125200,Fama
MG,45055,29.390537289494787,47.07062600321027,17.680088713715485,3325,3125309,Faria Lemos
MG,45071,59.89437713575644,62.6937984496124,2.7994213138559587,5047,3125408,Felício dos Santos
MG,45098,43.46949067070096,61.6757560733763,18.206265402675342,3128,3125507,São Gonçalo do Rio Preto
MG,45110,29.58889761717727,60.84383843581168,31.254940818634413,5960,3125606,Felisburgo
MG,45136,50.33374536464771,25.529147451815064,-24.804597912832648,12556,3125705,Felixlândia
MG,45152,57.346723044397464,71.7438105489774,14.397087504579929,2576,3125804,Fernandes Tourinho
MG,45179,49.04794287657259,30.861581920903955,-18.186360955668636,8588,3125903,Ferros
MG,45195,43.01185124642419,55.858907931446794,12.8470566850226,6984,3126000,Florestal
MG,45217,38.50773034806945,70.36352784015007,31.85579749208062,54475,3126109,Formiga
MG,45233,43.14124293785311,44.67948717948718,1.5382442416340751,6281,3126208,Formoso
MG,45250,55.8223833257816,45.55555555555556,-10.266827770226044,3215,3126307,Fortaleza de Minas
MG,45276,27.890841813135985,44.57465277777778,16.683810964641793,3012,3126406,Fortuna de Minas
MG,45292,5.255023183925811,19.98166819431714,14.72664501039133,7239,3126505,Francisco Badaró
MG,45314,48.26797385620915,80.11968085106383,31.85170699485468,4726,3126604,Francisco Dumont
MG,45330,15.380167678519804,38.45847916003818,23.078311481518377,19569,3126703,Francisco Sá
MG,45357,12.593936252915263,82.5984990619137,70.00456280899843,5964,3126802,Frei Gaspar
MG,45373,18.04123711340206,58.98043864848844,40.939201535086376,6787,3126901,Frei Inocêncio
MG,45390,35.09576476935528,54.221617946974845,19.125853177619568,10748,3127008,Fronteira
MG,45411,39.342963149742445,55.12376237623762,15.780799226495176,42350,3127107,Frutal
MG,45438,43.0752453653217,55.51830840639505,12.443063041073351,5397,3127206,Funilândia
MG,45454,18.700947225981057,67.71910724006533,49.01816001408427,5434,3127305,Galiléia
MG,45470,69.86743102830526,74.69796341042458,4.830532382119316,4111,3127404,Gonçalves
MG,45497,21.32013201320132,36.18756371049949,14.86743169729817,4583,3127503,Gonzaga
MG,45519,69.66307461465011,80.46684805957325,10.803773444923138,10625,3127602,Gouveia
MG,45535,34.54724129091065,68.73362705406049,34.18638576314984,193259,3127701,Governador Valadares
MG,45551,43.14658855120224,53.9434232824925,10.79683473129026,12001,3127800,Grão Mogol
MG,45578,73.2360097323601,82.74074074074075,9.504731008380645,1789,3127909,Grupiara
MG,45594,25.933675733942046,55.94072865687874,30.007052922936694,25045,3128006,Guanhães
MG,45616,53.47311551324929,54.73783528777463,1.2647197745253393,10938,3128105,Guapé
MG,45632,35.984095427435385,61.93783642993575,25.953741002500365,8024,3128204,Guaraciaba
MG,45659,50.49326503509771,54.433399602385684,3.940134567287977,14891,3128303,Guaranésia
MG,45675,36.689655172413794,39.894067796610166,3.2044126241963724,6718,3128402,Guarani
MG,45691,56.21347876899104,66.54929577464789,10.33581700565685,3674,3128501,Guarará
MG,45713,60.21739130434783,84.28974600188147,24.07235469753364,6293,3128600,Guarda-Mor
MG,45730,46.411960132890364,64.32154986106823,17.90958972817787,39357,3128709,Guaxupé
MG,45756,42.51639833035182,36.732711732711735,-5.783686597640084,6718,3128808,Guidoval
MG,45772,45.7312091503268,75.19491177677472,29.46370262644792,6658,3128907,Guimarânia
MG,45799,41.34325713273082,49.447763896433095,8.104506763702275,7503,3129004,Guiricema
MG,45810,29.960091220068414,60.190903986524425,30.230812766456012,5083,3129103,Gurinhatã
MG,45837,28.86056971514243,13.383349467570184,-15.477220247572244,5308,3129202,Heliodora
MG,45853,62.20298710115411,77.04974271012007,14.846755608965964,8427,3129301,Iapu
MG,45870,42.84903518728717,68.23945738720141,25.39042219991424,4944,3129400,Ibertioga
MG,45896,48.47958297132928,49.089635854341736,0.6100528830124574,16838,3129509,Ibiá
MG,45918,28.718300205620288,59.65721819380356,30.93891798818327,6806,3129608,Ibiaí
MG,45934,45.770854563983114,45.62781900189146,-0.14303556209165436,9469,3129707,Ibiraci
MG,45950,56.94924023439697,67.88946845787726,10.94022822348029,122305,3129806,Ibirité
MG,45977,28.167877320419695,84.74830954169798,56.580432221278286,3709,3129905,Ibitiúra de Minas
MG,45993,36.94083694083694,60.21052631578947,23.269689374952534,2602,3130002,Ibituruna
MG,46019,56.84710521598853,68.7083157450401,11.861210529051569,35009,3130101,Igarapé
MG,46035,27.533076536593537,39.68409053900016,12.151014002406622,8345,3130200,Igaratinga
MG,46051,23.165436387320884,65.36919084689785,42.20375445957697,6258,3130309,Iguatama
MG,46078,42.904953145917,37.121395686939664,-5.783557458977334,5796,3130408,Ijaci
MG,46094,53.127560775744335,59.58148201232621,6.453921236581877,9938,3130507,Ilicínea
MG,46116,69.4717059929004,69.77340743907652,0.30170144617612493,6559,3130606,Inconfidentes
MG,46132,72.28070175438596,67.47177736938829,-4.808924384997667,5187,3130705,Indianópolis
MG,46159,57.80952380952381,71.49643705463183,13.686913245108016,2824,3130804,Ingaí
MG,46175,53.47314150351843,72.9443536351361,19.47121213161767,19666,3130903,Inhapim
MG,46191,28.608923884514436,41.986401165614375,13.377477281099939,5730,3131000,Inhaúma
MG,46213,25.979843225083986,61.62027608056121,35.64043285547723,6575,3131109,Inimutaba
MG,46230,47.03274832639769,63.953061972863956,16.92031364646627,16006,3131208,Ipanema
MG,46256,48.39420262780995,70.14078165577237,21.74657902796242,176404,3131307,Ipatinga
MG,46272,73.04776345716452,59.90192380233874,-13.145839654825778,3925,3131406,Ipiaçu
MG,46299,80.46618516086671,56.2111801242236,-24.255005036643112,7715,3131505,Ipuiúna
MG,46310,43.53529044347283,66.75038639876352,23.215095955290693,6872,3131604,Iraí de Minas
MG,46337,29.093165774571407,48.68398089828814,19.590815123716734,88411,3131703,Itabira
MG,46353,37.98764629388817,65.39379474940334,27.406148455515172,8907,3131802,Itabirinha
MG,46370,35.73681532982873,60.423001554159065,24.686186224330335,45011,3131901,Itabirito
MG,46396,44.67034562881208,77.88930312589619,33.21895749708411,4825,3132008,Itacambira
MG,46418,36.62224213237764,44.08112111199726,7.4588789796196195,14164,3132107,Itacarambi
MG,46434,65.88435820112757,49.4088281660536,-16.475530035073966,10982,3132206,Itaguara
MG,46450,30.16852995161021,83.92800254858236,53.759472596972145,9564,3132305,Itaipé
MG,46477,52.65811362209667,62.24875381894195,9.590640196845278,68382,3132404,Itajubá
MG,46493,25.909428359317,18.04854729909173,-7.860881060225271,26424,3132503,Itamarandiba
MG,46515,23.78435517970402,24.801655743359778,1.017300563655759,3881,3132602,Itamarati de Minas
MG,46531,10.410520104526679,59.563933287004865,49.15341318247819,18385,3132701,Itambacuri
MG,46558,14.15694591728526,73.6734693877551,59.51652347046985,2720,3132800,Itambé do Mato Dentro
MG,46574,47.552775605942145,57.60307127357703,10.050295667634884,9062,3132909,Itamogi
MG,46590,48.46867749419953,66.46628948609147,17.997611991891937,12325,3133006,Itamonte
MG,46612,62.809734513274336,63.70288248337029,0.8931479700959528,12883,3133105,Itanhandu
MG,46639,27.771066143159167,67.7463091292558,39.97524298609664,9623,3133204,Itanhomi
MG,46655,47.10639827462257,70.35410376063683,23.24770548601426,16892,3133303,Itaobim
MG,46671,47.85666887856669,67.11597490991592,19.259306031349233,10382,3133402,Itapagipe
MG,46698,69.72349159631322,83.09507601543,13.371584419116772,17089,3133501,Itapecerica
MG,46710,50.29595805851513,67.25267700175803,16.956718943242898,9518,3133600,Itapeva
MG,46736,63.91948864409085,74.59821944733496,10.678730803244108,12385,3133709,Itatiaiuçu
MG,46752,67.91684694961256,74.96354010588352,7.046693156270962,70853,3133808,Itaúna
MG,46779,50.80340264650284,79.53576504026528,28.732362393762436,5696,3133907,Itaverava
MG,46795,16.69505962521295,56.31903416388389,39.62397453867094,11490,3134004,Itinga
MG,46817,40.20224104946707,74.02841061377647,33.8261695643094,5084,3134103,Itueta
MG,46833,31.500835377341723,44.94513669332341,13.44430131598169,77489,3134202,Ituiutaba
MG,46850,43.15083315299719,65.44063194273019,22.289798789733005,5825,3134301,Itumirim
MG,46876,72.62569832402235,65.679269623896,-6.946428700126347,29988,3134400,Iturama
MG,46892,49.32345360824742,63.99358460304731,14.67013099479989,3559,3134509,Itutinga
MG,46914,53.925859758820906,32.87577213452299,-21.050087624297916,16254,3134608,Jaboticatubas
MG,46930,45.097125097125094,69.7689989956478,24.671873898522712,9219,3134707,Jacinto
MG,46957,70.24379129642287,69.75653339289703,-0.48725790352584397,6410,3134806,Jacuí
MG,46973,70.88645567721613,76.23637576925928,5.349920092043149,19258,3134905,Jacutinga
MG,46990,40.31236808780076,74.46013289036544,34.14776480256468,3209,3135001,Jaguaraçu
MG,47015,25.55254489427266,43.07442028611269,17.52187539184003,55304,3135100,Janaúba
MG,47031,12.10821998817268,39.19080679913814,27.08258681096546,51290,3135209,Januária
MG,47058,21.21551081282625,34.269857787027405,13.054346974201156,3685,3135308,Japaraíba
MG,47074,49.59349593495935,66.24970497993864,16.656209044979292,5837,3135407,Jeceaba
MG,47090,64.83197344765593,74.31112407056422,9.479150622908293,10390,3135506,Jequeri
MG,47112,16.94040356640075,22.314478463933575,5.374074897532825,6548,3135605,Jequitaí
MG,47139,55.505987320967364,54.68138946399816,-0.8245978569692056,5903,3135704,Jequitibá
MG,47155,25.372041961454013,58.13893653516295,32.76689457370894,18092,3135803,Jequitinhonha
MG,47171,73.58429858429858,86.72211953173137,13.137820947432786,4445,3135902,Jesuânia
MG,47198,9.840166782487838,35.33229857485537,25.492131792367534,11143,3136009,Joaíma
MG,47210,49.45717732207479,73.08039747064137,23.62322014856658,5118,3136108,Joanésia
MG,47236,36.065612685752264,56.599277800977674,20.53366511522541,61218,3136207,João Monlevade
MG,47252,57.36098020735155,78.20255370742242,20.841573500070872,38821,3136306,João Pinheiro
MG,47279,68.6167989970748,87.69356153219233,19.07676253511754,3756,3136405,Joaquim Felício
MG,47295,14.544084400904296,50.524109014675055,35.98002461377076,7734,3136504,Jordânia
MG,47317,28.94258248895817,48.2794042116076,19.33682172264943,5802,3136603,Nova União
MG,47333,33.84070950235922,48.98301968189308,15.142310179533865,394573,3136702,Juiz de Fora
MG,47350,34.85536018150879,66.02663363270362,31.17127345119483,4669,3136801,Juramento
MG,47376,52.91939618342353,65.91712629048226,12.997730107058729,9241,3136900,Juruaia
MG,47392,21.48477157360406,84.51430043803144,63.02952886442738,12287,3137007,Ladainha
MG,47414,39.74546213227624,74.98921949115999,35.24375735888375,6403,3137106,Lagamar
MG,47430,46.843801587925476,68.8781055900621,22.03430400213663,37445,3137205,Lagoa da Prata
MG,47457,12.427409988385598,61.1472275334608,48.7198175450752,3774,3137304,Lagoa dos Patos
MG,47473,51.986970684039086,72.29883518543312,20.311864501394034,10425,3137403,Lagoa Dourada
MG,47490,48.43707529219897,73.59002629123908,25.152950999040115,15873,3137502,Lagoa Formosa
MG,47511,58.92311503840119,71.40542729850142,12.48231226010023,54883,3137601,Lagoa Santa
MG,47538,33.201750622157384,44.0377608479629,10.836010225805516,16634,3137700,Lajinha
MG,47554,41.16159556244392,72.45192704464802,31.290331482204095,17336,3137809,Lambari
MG,47570,33.09831570701136,58.872305140961856,25.773989433950497,3521,3137908,Lamim
MG,47597,48.65419708029197,38.52833638025594,-10.125860700036029,5921,3138005,Laranjal
MG,47619,13.599805020716548,33.71090864319133,20.111103622474783,6215,3138104,Lassance
MG,47635,32.41090275958768,57.29804382330509,24.887141063717415,75558,3138203,Lavras
MG,47651,41.03715802368313,51.77246496290189,10.73530693921876,3322,3138302,Leandro Ferreira
MG,47678,55.85839183997881,44.290048316416346,-11.568343523562461,40161,3138401,Leopoldina
MG,47694,65.06099468251486,77.59095077957811,12.529956097063248,4275,3138500,Liberdade
MG,47716,40.85692425401683,47.950107350986606,7.093183096969774,14496,3138609,Lima Duarte
MG,47732,15.463917525773196,34.08156813152071,18.617650605747514,4351,3138708,Luminárias
MG,47759,41.25519618777248,44.46496357853699,3.2097673907645046,14672,3138807,Luz
MG,47775,10.232350312779268,83.91304347826087,73.68069316548161,5799,3138906,Machacalis
MG,47791,54.362322867463185,67.85856573705179,13.496242869588606,30435,3139003,Machado
MG,47813,61.168091168091166,57.68753874767514,-3.480552420416025,4478,3139102,Madre de Deus de Minas
MG,47830,9.590380291328575,78.13422554615234,68.54384525482376,15506,3139201,Malacacheta
MG,47856,24.47833065810594,40.94743672939649,16.469106071290554,16127,3139300,Manga
MG,47872,30.734656627880447,59.23064688373361,28.495990255853165,62010,3139409,Manhuaçu
MG,47899,36.23448726322665,48.302207130730054,12.067719867503406,17013,3139508,Manhumirim
MG,47910,45.6904347826087,67.49695798439625,21.80652320178755,19152,3139607,Mantena
MG,47937,14.90520371117386,48.389108293494075,33.483904582320214,6311,3139706,Maravilhas
MG,47953,71.66039205504349,77.27153705158419,5.611144996540702,10443,3139805,Mar de Espanha
MG,47970,78.05275154672745,48.922800718132855,-29.129950828594595,12213,3139904,Maria da Fé
MG,47996,24.17478238386624,29.804773525385393,5.629991141519152,52424,3140001,Mariana
MG,48011,12.748344370860927,63.46094946401225,50.712605093151325,4681,3140100,Marilac
MG,48038,60.22877254729433,61.0989969472307,0.8702243999363759,3150,3140209,Maripá de Minas
MG,48054,52.78890600924499,70.3943314849045,17.60542547565951,4514,3140308,Marliéria
MG,48070,40.045662100456624,88.19073083778966,48.145068737333034,3077,3140407,Marmelópolis
MG,48097,29.867965645430072,66.21549893842888,36.347533292998804,11161,3140506,Martinho Campos
MG,48119,46.91819200597684,43.93417527745886,-2.984016728517979,4509,3140605,Materlândia
MG,48135,45.80339738234475,54.44297433183382,8.639576949489069,29334,3140704,Mateus Leme
MG,48151,37.10843373493976,52.76500412687183,15.656570391932071,11981,3140803,Matias Barbosa
MG,48178,15.128510015549255,37.37529475784509,22.246784742295837,15215,3140902,Matipó
MG,48194,16.559447224207766,66.37495377788734,49.815506553679576,10840,3141009,Mato Verde
MG,48216,39.3968777271405,54.12303346159466,14.72615573445416,30120,3141108,Matozinhos
MG,48232,30.25531914893617,35.48252911813644,5.2272099692002705,3386,3141207,Matutina
MG,48259,38.75598086124402,41.49026248941575,2.734281628171729,3335,3141306,Medeiros
MG,48275,68.41919236546788,78.62717275629656,10.20798039082868,16316,3141405,Medina
MG,48291,28.860548932630994,46.805392731535754,17.94484379890476,4977,3141504,Mendes Pimentel
MG,48313,43.707670499291225,59.417509591907915,15.70983909261669,8100,3141603,Mercês
MG,48330,43.01897479467573,70.94339622641509,27.92442143173936,5447,3141702,Mesquita
MG,48356,17.0542067043204,79.21172969441824,62.15752299009784,22786,3141801,Minas Novas
MG,48372,20.54684358665058,68.1190681622088,47.572224575558224,3240,3141900,Minduri
MG,48399,15.641582247949831,22.309072270630445,6.667490022680614,10866,3142007,Mirabela
MG,48410,38.54900704676489,48.21034775233249,9.661340705567596,8123,3142106,Miradouro
MG,48437,34.71987521123099,33.62157976251936,-1.0982954487116316,10695,3142205,Miraí
MG,48453,70.2543025944002,70.72731945515292,0.47301686075272187,5316,3142304,Moeda
MG,48470,28.42493847415915,45.26315789473684,16.838219420577694,6829,3142403,Moema
MG,48496,19.121447028423773,81.48614609571788,62.36469906729411,2627,3142502,Monjolos
MG,48518,35.43448001590774,68.34337975472874,32.908899738821006,6960,3142601,Monsenhor Paulo
MG,48534,14.041528048640588,36.53780750481805,22.49627945617746,13201,3142700,Montalvânia
MG,48550,49.16206529109755,64.68394189242245,15.521876601324905,15408,3142809,Monte Alegre de Minas
MG,48577,30.930710510863182,29.481720745852297,-1.4489897650108858,17843,3142908,Monte Azul
MG,48593,61.6270337922403,72.63171554632754,11.004681754087244,10838,3143005,Monte Belo
MG,48615,35.19361308238198,56.568170868797175,21.374557786415195,35700,3143104,Monte Carmelo
MG,48631,54.23096930813248,70.34457478005865,16.11360547192617,17061,3143203,Monte Santo de Minas
MG,48658,31.484897286567666,60.803378564002564,29.3184812774349,283435,3143302,Montes Claros
MG,48674,67.4765240721419,78.6255053289232,11.148981256781298,18681,3143401,Monte Sião
MG,48690,43.512058999402036,59.235912129894935,15.723853130492898,7207,3143500,Morada Nova de Minas
MG,48712,22.11822660098522,45.635305528612996,23.517078927627775,3045,3143609,Morro da Garça
MG,48739,20.248736883015933,30.278422273781903,10.02968539076597,3968,3143708,Morro do Pilar
MG,48755,53.478359392703375,84.50184501845018,31.023485625746808,6066,3143807,Munhoz
MG,48771,43.82094965734912,42.5194209039548,-1.3015287533943152,78839,3143906,Muriaé
MG,48798,22.689022858578248,63.07800242362396,40.38897956504571,21560,3144003,Mutum
MG,48810,61.67013647929679,69.58664546899841,7.916508989701626,17963,3144102,Muzambinho
MG,48836,61.03603603603604,81.41836173721825,20.38232570118221,2825,3144201,Nacip Raydan
MG,48852,51.85754547783756,67.29463768878598,15.437092210948421,29310,3144300,Nanuque
MG,48879,35.234680573663624,80.29024637192035,45.05556579825672,4090,3144409,Natércia
MG,48895,56.79592636114375,57.01511603150947,0.21918967036572212,6298,3144508,Nazareno
MG,48917,43.71440195280716,56.38977635782748,12.675374405020321,20890,3144607,Nepomuceno
MG,48933,29.456552774340917,47.510899320693504,18.054346546352587,15012,3144706,Nova Era
MG,48950,49.40685373815937,58.02802101576182,8.621167277602453,77105,3144805,Nova Lima
MG,48976,6.306990881458966,67.7673545966229,61.46036371516393,3589,3144904,Nova Módica
MG,48992,53.86871193322806,68.32217663571583,14.453464702487771,13441,3145000,Nova Ponte
MG,49018,82.08179182081791,85.46380644529337,3.3820146244754596,13447,3145109,Nova Resende
MG,49034,55.64637459861226,77.05166288077349,21.40528828216123,67377,3145208,Nova Serrana
MG,49050,26.283185840707965,75.48496113551876,49.201775294810794,24962,3145307,Novo Cruzeiro
MG,49077,33.57912648893931,64.32400238237045,30.744875893431143,2313,3145406,Olaria
MG,49093,39.580133128520224,77.14002968827313,37.55989655975291,2869,3145505,Olímpio Noronha
MG,49115,35.67945383615085,37.35668655074671,1.6772327145958599,33504,3145604,Oliveira
MG,49131,44.95217853347503,75.86032388663968,30.90814535316465,2731,3145703,Oliveira Fortes
MG,49158,34.28684942391736,38.25581395348837,3.9689645295710108,3368,3145802,Onça de Pitangui
MG,49174,41.247012817727565,62.52147183798933,21.274459020261766,30112,3145901,Ouro Branco
MG,49190,62.108375504634104,55.53999649921232,-6.568379005421782,25443,3146008,Ouro Fino
MG,49212,31.63485221674877,34.312407428506326,2.677555211757557,64299,3146107,Ouro Preto
MG,49239,69.03021923760616,76.5579859678085,7.5277667302023445,7237,3146206,Ouro Verde de Minas
MG,49255,14.651009657594381,71.25097125097125,56.59996159337687,14207,3146305,Padre Paraíso
MG,49271,50.341241468963275,47.5974930362117,-2.7437484327515733,3921,3146404,Paineiras
MG,49298,35.07375776397515,69.14808917197452,34.07433140799937,6914,3146503,Pains
MG,49310,11.340941512125536,29.40761636107193,18.066674848946395,1859,3146602,Paiva
MG,49336,26.330252310766923,34.815197725510465,8.484945414743542,5270,3146701,Palma
MG,49352,7.577204711875199,56.30749014454665,48.73028543267145,4372,3127057,Fronteira dos Vales
MG,49379,28.636974037600716,32.46956327487993,3.8325892372792154,11722,3146909,Papagaios
MG,49395,52.49738265573198,87.51640188142197,35.01901922568999,68276,3147006,Paracatu
MG,49417,37.919702505783405,55.89895988112927,17.979257375345867,67631,3147105,Pará de Minas
MG,49433,68.63257637640908,79.04553856494707,10.412962188537989,16696,3147204,Paraguaçu
MG,49450,55.3797188577491,75.49474059547157,20.115021737722472,16471,3147303,Paraisópolis
MG,49476,9.737347853939783,61.961891319689485,52.224543465749704,19694,3147402,Paraopeba
MG,49492,18.1549815498155,31.640058055152394,13.485076505336895,1914,3147501,Passabém
MG,49514,56.238793376226134,69.65702036441586,13.418226988189723,13298,3147600,Passa Quatro
MG,49530,56.15185847743987,56.26234689845911,0.11048842101923384,7354,3147709,Passa Tempo
MG,49557,87.44635193133047,81.79500254971953,-5.651349381610942,2493,3147808,Passa Vinte
MG,49573,30.357489628387324,30.80612369020105,0.44863406181372767,81107,3147907,Passos
MG,49590,51.828197945845005,70.17560671761578,18.347408771770773,116479,3148004,Patos de Minas
MG,49611,37.916003883735826,61.201171472177535,23.28516758844171,65608,3148103,Patrocínio
MG,49638,29.070063694267517,37.749360613810744,8.679296919543226,5084,3148202,Patrocínio do Muriaé
MG,49654,49.858356940509914,54.94544804149526,5.087091100985347,7817,3148301,Paula Cândido
MG,49670,8.944793850454229,38.733488733488734,29.788694883034506,4222,3148400,Paulistas
MG,49697,19.995531724754244,43.722943722943725,23.72741199818948,6314,3148509,Pavão
MG,49719,30.103164483598007,65.13806706114399,35.03490257754598,11988,3148608,Peçanha
MG,49735,27.673751686909583,63.5787128288628,35.904961141953216,18352,3148707,Pedra Azul
MG,49751,39.74407226194957,50.39939140357551,10.655319141625938,3516,3148806,Pedra do Anta
MG,49778,41.564701520207635,80.69815195071868,39.13345043051105,3863,3148905,Pedra do Indaiá
MG,49794,53.246753246753244,65.67735758736238,12.430604340609136,2730,3149002,Pedra Dourada
MG,49816,57.72212283840191,69.7354169890144,12.013294150612488,9379,3149101,Pedralva
MG,49832,71.21212121212122,76.77782241864203,5.565701206520814,3419,3149200,Pedrinópolis
MG,49859,56.617161242136106,64.94281164036485,8.325650398228746,49121,3149309,Pedro Leopoldo
MG,49875,60.804538421866944,84.20518029456576,23.40064187269882,2507,3149408,Pedro Teixeira
MG,49891,72.51243781094527,62.369477911646584,-10.142959899298688,3368,3149507,Pequeri
MG,49913,14.175977653631286,40.37854889589905,26.202571242267766,3981,3149606,Pequi
MG,49930,43.13596850910284,74.14870353014683,31.012735021043994,8537,3149705,Perdigão
MG,49956,56.48813995921434,80.9552907628068,24.46715080359246,14138,3149804,Perdizes
MG,49972,45.09214906227166,61.73913043478261,16.64698137251095,17292,3149903,Perdões
MG,49999,10.177364864864865,59.499575911789655,49.32221104692479,3580,3150000,Pescador
MG,50016,37.5877736472532,45.597354278627535,8.009580631374334,3238,3150109,Piau
MG,50032,57.971014492753625,69.8741672834937,11.90315279074008,3812,3150208,Piedade de Ponte Nova
MG,50059,62.49158249158249,82.09213716660894,19.600554675026444,4083,3150307,Piedade do Rio Grande
MG,50075,50.33498397902709,63.82613668859022,13.491152709563124,5270,3150406,Piedade dos Gerais
MG,50091,54.61962064042423,60.85519922254616,6.235578582121931,7313,3150505,Pimenta
MG,50113,39.7505295363615,43.798708528167445,4.048178991805948,6031,3150604,Piracema
MG,50130,62.05111614364284,64.40479672418836,2.3536805805455217,4817,3150703,Pirajuba
MG,50156,53.06648727435811,48.756452369779446,-4.310034904578664,14052,3150802,Piranga
MG,50172,62.63548203080433,73.28417470221214,10.648692671407808,4788,3150901,Piranguçu
MG,50199,53.6384527001149,59.64024732996065,6.0017946298457545,7298,3151008,Piranguinho
MG,50210,67.41910229645094,64.5175834084761,-2.901518887974845,9414,3151107,Pirapetinga
MG,50237,49.38632589704714,49.238310177022356,-0.14801572002478736,41904,3151206,Pirapora
MG,50253,44.551101072840204,63.65077078230802,19.09966970946782,9664,3151305,Piraúba
MG,50270,29.351095831542757,43.998485422188566,14.647389590645808,21464,3151404,Pitangui
MG,50296,58.56415421632813,63.2352125949332,4.671058378605075,26252,3151503,Piumhi
MG,50318,63.327338129496404,60.35746201966041,-2.969876109835994,8677,3151602,Planura
MG,50334,48.83483237939493,59.303708509028006,10.468876129633074,12809,3151701,Poço Fundo
MG,50350,32.817041227619036,67.52323333125429,34.70619210363525,122481,3151800,Poços de Caldas
MG,50377,19.228670183736583,51.53455093202787,32.30588074829129,7547,3151909,Pocrane
MG,50393,28.588704801064218,51.170379667398805,22.581674866334588,24330,3152006,Pompéu
MG,50415,39.851248341202975,45.48138809634397,5.630139755140995,44494,3152105,Ponte Nova
MG,50431,20.882011950414697,35.455231499977806,14.57321954956311,31682,3152204,Porteirinha
MG,50458,11.553485576923077,22.905927835051546,11.35244225812847,9025,3152303,Porto Firme
MG,50474,22.166903745851116,60.856668248694824,38.68976450284371,12644,3152402,Poté
MG,50490,78.11049820506085,73.18839640853555,-4.922101796525297,112113,3152501,Pouso Alegre
MG,50512,57.42864113198341,54.017305315203956,-3.411335816779456,5593,3152600,Pouso Alto
MG,50539,46.91537761601456,52.095238095238095,5.179860479223535,7485,3152709,Prados
MG,50555,62.701586032253765,73.92445970511008,11.222873672856316,22330,3152808,Prata
MG,50571,60.38019951063429,51.61849710982659,-8.7617024008077,7457,3152907,Pratápolis
MG,50598,31.87672493100276,62.2360248447205,30.359299913717738,3312,3153004,Pratinha
MG,50610,36.12759643916914,61.720599842146804,25.593003402977665,5729,3153103,Presidente Bernardes
MG,50636,32.60437375745527,57.55836203597398,24.953988278518707,4089,3153202,Presidente Juscelino
MG,50652,55.24538496172895,54.398563734290846,-0.846821227438106,3087,3153301,Presidente Kubitschek
MG,50679,45.97267170082704,67.73848757459696,21.765815873769917,16281,3153400,Presidente Olegário
MG,50695,45.41116005873715,63.74279873629437,18.331638677557216,7177,3153509,Alto Jequitibá
MG,50717,42.31164383561644,70.0133422281521,27.70169839253566,8555,3153608,Prudente de Morais
MG,50733,77.49147404319818,83.8340486409156,6.342574597717416,3749,3153707,Quartel Geral
MG,50750,46.62265109192484,84.09627182633318,37.47362073440834,2785,3153806,Queluzito
MG,50776,46.177495388399265,36.83675543809717,-9.340739950302094,12906,3153905,Raposos
MG,50792,33.06131965493122,56.95369489375198,23.89237523882076,18356,3154002,Raul Soares
MG,50814,38.586774085263514,39.90254466702761,1.3157705817640988,7957,3154101,Recreio
MG,50830,48.53207179629887,55.51175559622695,6.979683799928075,9645,3154200,Resende Costa
MG,50857,43.46345891965502,76.31764705882352,32.85418813916851,12729,3154309,Resplendor
MG,50873,41.2,43.59975961538461,2.3997596153846104,4433,3154408,Ressaquinha
MG,50890,7.672955974842767,29.439506620714674,21.766550645871906,8031,3154507,Riacho dos Machados
MG,50911,52.49521029103184,74.05184156841275,21.556631277380916,218519,3154606,Ribeirão das Neves
MG,50938,53.60967184801382,57.21153846153846,3.601866613524642,3461,3154705,Ribeirão Vermelho
MG,50954,37.721479639415605,42.66321913380737,4.941739494391761,8371,3154804,Rio Acima
MG,50970,58.02519301097115,65.22548317823909,7.200290167267937,10833,3154903,Rio Casca
MG,50997,32.95331161780673,36.822329575952764,3.8690179581460313,2624,3155009,Rio Doce
MG,51012,9.673024523160763,43.52901934623082,33.855994823070056,4338,3155108,Rio do Prado
MG,51039,51.14445574771109,77.86279683377309,26.718341086061997,5784,3155207,Rio Espera
MG,51055,29.49257078777684,41.52287044645303,12.030299658676185,5025,3155306,Rio Manso
MG,51071,33.88366289114993,59.96373161394318,26.08006872279325,7131,3155405,Rio Novo
MG,51098,42.833448514167245,65.42979177789643,22.59634326372918,11055,3155504,Rio Paranaíba
MG,51110,60.66543924250394,64.26828505286868,3.602845810364734,22279,3155603,Rio Pardo de Minas
MG,51136,40.10080881491033,55.74074074074074,15.63993192583041,12444,3155702,Rio Piracicaba
MG,51152,36.00995024875622,45.67849247289188,9.668542224135663,13402,3155801,Rio Pomba
MG,51179,64.33374844333748,61.43396226415094,-2.899786179186542,5409,3155900,Rio Preto
MG,51195,14.524776604386677,50.42529585798817,35.90051925360149,10175,3156007,Rio Vermelho
MG,51217,48.177083333333336,61.8225855283076,13.645502194974263,4803,3156106,Ritápolis
MG,51233,64.84290357529794,67.03667953667954,2.193775961381604,2917,3156205,Rochedo de Minas
MG,51250,42.37155694471576,49.20792079207921,6.836363847363444,6844,3156304,Rodeiro
MG,51276,57.646116893514815,59.725923106204796,2.079806212689981,3430,3156403,Romaria
MG,51292,26.77675585284281,55.75988163179032,28.98312577894751,7524,3156502,Rubelita
MG,51314,54.458532529619625,65.658835546476,11.200303016856374,7158,3156601,Rubim
MG,51330,42.85437009167189,59.2895426030818,16.43517251140991,94323,3156700,Sabará
MG,51357,20.850676378772114,35.13133867116168,14.280662292389565,12417,3156809,Sabinópolis
MG,51373,54.25161611138737,60.50786302675471,6.256246915367342,20911,3156908,Sacramento
MG,51390,29.49771689497717,48.54467112205417,19.046954227077,33018,3157005,Salinas
MG,51411,14.647326507394768,57.00570057005701,42.35837406266224,4986,3157104,Salto da Divisa
MG,51438,44.64370265151515,51.514216986368965,6.870514334853816,24261,3157203,Santa Bárbara
MG,51454,27.296248382923675,58.3419689119171,31.045720528993424,4340,3157302,Santa Bárbara do Tugúrio
MG,51470,52.151416122004356,57.90064552343531,5.749229401430952,4879,3157401,Santa Cruz do Escalvado
MG,51497,17.405999155048583,83.25009604302727,65.84409688797868,3985,3157500,Santa Efigênia de Minas
MG,51519,30.772357723577237,19.991617770326908,-10.780739953250329,3705,3157609,Santa Fé de Minas
MG,51535,58.12222512405328,67.5990675990676,9.476842475014315,11819,3157708,Santa Juliana
MG,51551,40.512537243480296,58.178627585547865,17.66609034206757,164521,3157807,Santa Luzia
MG,51578,50.597847748106815,80.81440123219099,30.216553484084173,12910,3157906,Santa Margarida
MG,51594,26.864943929790346,37.263122589300686,10.39817865951034,8797,3158003,Santa Maria de Itabira
MG,51616,51.511035653650254,91.35925556663344,39.84821991298318,4598,3158102,Santa Maria do Salto
MG,51632,41.51358344113842,62.479015109121434,20.96543166798301,12134,3158201,Santa Maria do Suaçuí
MG,51659,17.368873602751506,42.09206927985415,24.723195677102645,5973,3158300,Santana da Vargem
MG,51675,45.03430841459011,38.94984326018809,-6.084465154402018,3385,3158409,Santana de Cataguases
MG,51691,23.119367298142357,45.57849629918192,22.459129001039564,7165,3158508,Santana de Pirapama
MG,51713,51.69326586220319,65.0204081632653,13.32714230106211,3541,3158607,Santana do Deserto
MG,51730,81.16107000569151,84.8219497956801,3.6608797899885843,2352,3158706,Santana do Garambéu
MG,51756,77.85939139559287,72.09218581202737,-5.767205583565499,3915,3158805,Santana do Jacaré
MG,51772,22.008131518472688,72.76106194690266,50.75293042842997,7807,3158904,Santana do Manhuaçu
MG,51799,61.64751894402347,74.1690408357075,12.521521891684039,6031,3159001,Santana do Riacho
MG,51810,27.629233511586452,63.30376940133038,35.67453588974392,3869,3159100,Santana dos Montes
MG,51837,52.060338484179546,78.13037660103231,26.070038116852764,7062,3159209,Santa Rita de Caldas
MG,51853,63.59716661533724,69.97245179063361,6.375285175296376,4360,3159308,Santa Rita de Jacutinga
MG,51870,18.71508379888268,83.29135180520571,64.57626800632303,3384,3159407,Santa Rita de Ibitipoca
MG,51896,21.68044077134986,80.11885467314966,58.43841390179979,5151,3159506,Santa Rita do Itueto
MG,51918,72.08353655832927,73.36731443134757,1.2837778730182947,31736,3159605,Santa Rita do Sapucaí
MG,51934,22.231722958529286,43.354838709677416,21.12311575114813,3512,3159704,Santa Rosa da Serra
MG,51950,31.401509070476802,50.68628256760089,19.28477349712409,17312,3159803,Santa Vitória
MG,51977,39.04257406317441,57.864745726265994,18.82217166309158,14255,3159902,Santo Antônio do Amparo
MG,51993,21.24370956146657,34.458509142053444,13.214799580586874,3746,3160009,Santo Antônio do Aventureiro
MG,52019,19.341703427214117,36.5718507572959,17.23014733008178,3941,3160108,Santo Antônio do Grama
MG,52035,48.30119375573921,61.843971631205676,13.542777875466463,3863,3160207,Santo Antônio do Itambé
MG,52051,19.297114299532485,71.3631156930126,52.06600139348012,9461,3160306,Santo Antônio do Jacinto
MG,52078,61.52474070159212,84.62428488783185,23.099544186239726,21033,3160405,Santo Antônio do Monte
MG,52094,63.592233009708735,61.001317523056656,-2.5909154866520794,2393,3160504,Santo Antônio do Rio Abaixo
MG,52116,17.787742899850524,67.79577810505646,50.00803520520593,3387,3160603,Santo Hipólito
MG,52132,26.040559015646362,61.80811078140455,35.767551765758185,37567,3160702,Santos Dumont
MG,52159,12.395900064061498,31.211498973305954,18.815598909244457,4193,3160801,São Bento Abade
MG,52175,44.367909238249595,58.06320907617504,13.695299837925447,3755,3160900,São Brás do Suaçuí
MG,52191,29.716614906832298,48.392148674044684,18.675533767212386,14280,3161007,São Domingos do Prata
MG,52213,22.830270898394946,48.535443359587674,25.705172461192728,41949,3161106,São Francisco
MG,52230,27.296587926509186,31.387347391786903,4.090759465277717,5996,3161205,São Francisco de Paula
MG,52256,72.3458904109589,70.64534551684751,-1.7005448941113883,4636,3161304,São Francisco de Sales
MG,52272,31.117824773413897,31.925465838509318,0.8076410650954209,4163,3161403,São Francisco do Glória
MG,52299,48.753514526710404,54.63159930380971,5.878084777099303,7346,3161502,São Geraldo
MG,52310,11.532125205930807,80.65979381443299,69.12766860850218,3667,3161601,São Geraldo da Piedade
MG,52337,25.730394669400308,78.48101265822785,52.75061798882754,5648,3161700,São Gonçalo do Abaeté
MG,52353,18.389909685456246,47.66636555254441,29.276455867088167,8689,3161809,São Gonçalo do Pará
MG,52370,22.878504672897197,37.82043778532132,14.94193311242412,11721,3161908,São Gonçalo do Rio Abaixo
MG,52396,51.986654534425234,57.35628450795713,5.369629973531893,19134,3162005,São Gonçalo do Sapucaí
MG,52418,41.90045248868778,74.6220682035056,32.72161571481782,28578,3162104,São Gotardo
MG,52434,52.22793487574979,44.65037910699242,-7.577555768757371,6431,3162203,São João Batista do Glória
MG,52450,82.90748898678414,90.27895181741336,7.371462830629213,3192,3162302,São João da Mata
MG,52477,20.968947475708365,42.1460986678378,21.177151192129433,22990,3162401,São João da Ponte
MG,52493,50.41349847142745,60.37051300241198,9.95701453098453,70117,3162500,São João del Rei
MG,52515,48.28672705789681,63.02186878727634,14.735141729379528,6955,3162609,São João do Oriente
MG,52531,29.316888045540797,83.24447232240865,53.92758427686786,18054,3162708,São João do Paraíso
MG,52558,40.03915246430216,50.253149652655125,10.213997188352963,12840,3162807,São João Evangelista
MG,52574,42.991294811159094,56.225948323254535,13.234653512095441,20106,3162906,São João Nepomuceno
MG,52590,11.420204978038067,25.27739251040222,13.857187532364152,4189,3163003,São José da Safira
MG,52612,19.83168679107208,65.86303284416492,46.03134605309284,3988,3163102,São José da Varginha
MG,52639,48.90342439399769,76.97343088178668,28.070006487788994,3727,3163201,São José do Alegre
MG,52655,13.879736408566721,83.41687552213868,69.53713911357195,3169,3163300,São José do Divino
MG,52671,64.76132563089085,28.22068168688619,-36.54064394400466,4897,3163409,São José do Goiabal
MG,52698,57.84922993785463,25.875862068965517,-31.973367868889113,5252,3163508,São José do Jacuri
MG,52710,12.5,16.05263157894737,3.55263157894737,3068,3163607,São José do Mantimento
MG,52736,62.5980252732518,59.22874231460956,-3.3692829586422377,34835,3163706,São Lourenço
MG,52752,48.97874974210852,49.19621228804228,0.21746254593376335,6021,3163805,São Miguel do Anta
MG,52779,64.19157827065253,67.77312278440219,3.5815445137496624,4328,3163904,São Pedro da União
MG,52795,38.18718764198092,62.08092485549133,23.893737213510413,6402,3164001,São Pedro dos Ferros
MG,52817,54.28077255693283,71.2936732766761,17.01290071974327,4666,3164100,São Pedro do Suaçuí
MG,52833,24.673021502992686,41.28300240017456,16.609980897181874,7274,3164209,São Romão
MG,52850,61.92118226600985,58.67478342308593,-3.2463988429239237,5891,3164308,São Roque de Minas
MG,52876,72.40176703092304,82.06866389678548,9.66689686586244,6472,3164407,São Sebastião da Bela Vista
MG,52892,52.06446939514669,45.36576377372397,-6.698705621422718,8934,3164506,São Sebastião do Maranhão
MG,52914,53.763440860215056,80.3924973949288,26.62905653471374,7573,3164605,São Sebastião do Oeste
MG,52930,34.99727926225048,57.08007668485474,22.08279742260426,51162,3164704,São Sebastião do Paraíso
MG,52957,11.54127100073046,28.539156626506024,16.997885625775567,2043,3164803,São Sebastião do Rio Preto
MG,52973,39.54489544895449,75.40983606557377,35.86494061661928,2163,3164902,São Sebastião do Rio Verde
MG,52990,74.66136631330977,66.56778404034411,-8.093582272965662,9396,3165008,São Tiago
MG,53015,65.33492822966507,41.75876982220087,-23.5761584074642,5950,3165107,São Tomás de Aquino
MG,53031,25.938748335552596,37.052007545136085,11.11325920958349,5182,3165206,São Tomé das Letras
MG,53058,67.73962804005723,71.48781752203215,3.7481894819749186,5681,3165305,São Vicente de Minas
MG,53074,84.52811972000966,85.86531831762814,1.3371985976184817,6091,3165404,Sapucaí-Mirim
MG,53090,15.679788289778365,36.178107606679035,20.49831931690067,4955,3165503,Sardoá
MG,53112,79.42408376963351,24.279615795090717,-55.14446797454279,2544,3165602,Senador Cortes
MG,53139,36.91691691691692,62.11375713442236,25.19684021750544,7117,3165701,Senador Firmino
MG,53155,82.85547103569338,78.6815523657629,-4.173918669930487,2481,3165800,Senador José Bento
MG,53171,50.311418685121104,52.93724966622163,2.6258309811005276,4784,3165909,Senador Modestino Gonçalves
MG,53198,35.34569138276553,56.31092868137507,20.965237298609537,5747,3166006,Senhora de Oliveira
MG,53210,14.246700045516613,58.06603773584906,43.819337690332446,3323,3166105,Senhora do Porto
MG,53236,47.95108005082592,77.1219512195122,29.170871168686276,8367,3166204,Senhora dos Remédios
MG,53252,73.36303758233242,89.29292929292929,15.929891710596863,7087,3166303,Sericita
MG,53279,66.34255796559461,85.59837728194726,19.255819316352657,2045,3166402,Seritinga
MG,53295,46.233649075327016,78.22698490014612,31.993335824819106,3725,3166501,Serra Azul de Minas
MG,53317,30.39647577092511,31.437435367114787,1.0409595961896763,1281,3166600,Serra da Saudade
MG,53333,34.361014420686224,15.553543128820467,-18.80747129186576,6251,3166709,Serra dos Aimorés
MG,53350,53.762949421084706,73.74261420954028,19.979664788455572,9396,3166808,Serra do Salitre
MG,53376,19.104477611940297,61.65145782328066,42.54698021134036,6378,3166907,Serrania
MG,53392,65.84004959702418,88.45905867182464,22.61900907480046,2075,3167004,Serranos
MG,53414,39.11973497397066,53.71480841548938,14.595073441518721,17103,3167103,Serro
MG,53430,34.218169481427545,56.19041252705198,21.972243045624438,167285,3167202,Sete Lagoas
MG,53457,31.002759889604416,80.44739022369511,49.44463033409069,2977,3167301,Silveirânia
MG,53473,82.62516914749662,86.7525035765379,4.127334429041284,4858,3167400,Silvianópolis
MG,53490,77.18788884280382,70.10603588907014,-7.081852953733673,3145,3167509,Simão Pereira
MG,53511,19.609040928527794,60.25673940949936,40.64769848097157,16464,3167608,Simonésia
MG,53538,66.2753807106599,76.55737704918033,10.281996338520429,4076,3167707,Sobrália
MG,53554,57.43298131600325,61.50568181818182,4.07270050217857,5000,3167806,Soledade de Minas
MG,53570,39.66832504145937,43.15281131424629,3.484486272786924,4005,3167905,Tabuleiro
MG,53597,58.75402226090626,73.1725773091863,14.418555048280034,27594,3168002,Taiobeiras
MG,53619,43.762489294890095,57.03933747412008,13.276848179229987,4968,3168101,Tapira
MG,53635,29.279891304347824,35.56597454789016,6.286083243542333,1974,3168200,Tapiraí
MG,53651,63.612866168868464,81.28288649461288,17.670020325744417,5759,3168309,Taquaraçu de Minas
MG,53678,14.455526711299358,28.038277511961724,13.582750800662366,10127,3168408,Tarumirim
MG,53694,44.13472706155633,58.586416344561016,14.451689283004683,10098,3168507,Teixeiras
MG,53716,23.10892004313665,65.10786321429573,41.998943171159084,106445,3168606,Teófilo Otoni
MG,53732,46.36068719729507,69.54278682317305,23.182099625877974,59600,3168705,Timóteo
MG,53759,41.0987351330942,58.25049701789264,17.15176188479844,6892,3168804,Tiradentes
MG,53775,26.05465004793864,57.40161001788909,31.34695996995045,6214,3168903,Tiros
MG,53791,53.63411006445216,56.162100218772785,2.5279901543206265,12649,3169000,Tocantins
MG,53813,82.44692032793778,85.37674418604651,2.9298238581087332,7507,3169109,Toledo
MG,53830,43.07604994324631,62.470907680372385,19.394857737126074,6714,3169208,Tombos
MG,53856,35.11900264450321,69.97380394319592,34.854801298692706,56587,3169307,Três Corações
MG,53872,14.974096314612034,36.16129544372122,21.18719912910919,45341,3169406,Três Pontas
MG,53899,15.17150395778364,64.1025641025641,48.93106014478046,5517,3169505,Tumiritinga
MG,53910,35.75399821538884,68.83423180592992,33.08023359054108,20961,3169604,Tupaciguara
MG,53937,32.01591282539133,56.4365516091379,24.42063878374657,16553,3169703,Turmalina
MG,53953,43.988269794721404,59.34644142896705,15.358171634245643,4957,3169802,Turvolândia
MG,53970,57.848930506522684,42.20531556126546,-15.643614945257227,71547,3169901,Ubá
MG,53996,29.72809667673716,65.11592665555388,35.38782997881672,9797,3170008,Ubaí
MG,54011,56.9962964804136,27.80221724259936,-29.194079237814236,236319,3170107,Uberaba
MG,54038,47.471898083716944,51.54256481445777,4.070666730740825,538216,3170206,Uberlândia
MG,54054,23.542234332425068,46.62772172065852,23.085487388233453,2734,3170305,Umburatiba
MG,54070,43.976530499280415,80.54504648925938,36.56851598997896,64161,3170404,Unaí
MG,54097,37.21773528926982,43.77952755905512,6.5617922697853,8712,3170503,Urucânia
MG,54119,53.0,55.48712206047033,2.487122060470327,2600,3170602,Vargem Bonita
MG,54135,48.15652813935421,67.39543047964266,19.238902340288448,104343,3170701,Varginha
MG,54151,52.085555493179136,49.52284719883238,-2.5627082943467556,27187,3170800,Várzea da Palma
MG,54178,38.31914105886709,44.58758109360519,6.268440034738099,17159,3170909,Varzelândia
MG,54194,32.36270753512133,79.02434900236726,46.66164146724593,16948,3171006,Vazante
MG,54216,41.17063492063492,48.06629834254144,6.895663421906519,2695,3172202,Wenceslau Braz
MG,54232,52.40384615384615,54.42754919499106,2.0237030411449055,3223,3171105,Veríssimo
MG,54259,56.23354029336185,64.74714995615317,8.513609662791318,87673,3171204,Vespasiano
MG,54275,38.256297214759705,47.276785714285715,9.02048849952601,61609,3171303,Viçosa
MG,54291,46.63838120104439,48.236048749198204,1.5976675481538152,4006,3171402,Vieiras
MG,54313,12.371575342465754,35.02127659574468,22.649701253278927,3363,3171501,Mathias Lobato
MG,54330,6.3893016344725115,53.41172829955129,47.02242666507878,10159,3171600,Virgem da Lapa
MG,54356,79.47349697616507,71.12814115130993,-8.345355824855133,7521,3171709,Virgínia
MG,54372,27.232390460343872,59.04890257989988,31.81651211955601,8530,3171808,Virginópolis
MG,54399,10.448717948717949,68.36902800658979,57.92031005787184,4613,3171907,Virgolândia
MG,54410,43.580429615677836,50.854505574849206,7.27407595917137,30720,3172004,Visconde do Rio Branco
MG,54437,30.219966159052454,52.6953125,22.475346340947546,4431,3172103,Volta Grande
MG,54453,40.94164611952566,47.440434064637884,6.498787945112227,12435,3133758,Itaú de Minas
MS,55000,49.54263794629684,77.55226304038969,28.009625094092847,16244,5006002,Nova Alvorada do Sul
MS,55018,26.625258799171842,84.21426037601987,57.58900157684802,3809,5000252,Alcinópolis
MS,55026,35.982762748384005,77.45216759505934,41.46940484667533,5465,5005251,Laguna Carapã
MS,55034,21.005853024062432,82.84155214227971,61.83569911821728,6581,5004809,Japorã
MS,55042,23.23750855578371,77.54876702245123,54.311258466667525,3610,5006259,Novo Horizonte do Sul
MS,55050,28.863560174321155,91.37874300756827,62.515182833247124,4334,5006275,Paraíso das Águas
MS,55069,36.026731470230864,84.17231364956437,48.14558217933351,2805,5003900,Figueirão
MS,90034,24.94294536179353,79.33924450382607,54.39629914203253,13463,5000203,Água Clara
MS,90115,37.07337883959045,68.83993801195484,31.766559172364396,27202,5000609,Amambai
MS,90131,27.177094044135096,73.65326553313206,46.47617148899696,18203,5000708,Anastácio
MS,90158,33.3024548402038,82.51486456727594,49.212409727072135,6297,5000807,Anaurilândia
MS,90174,48.071934981843334,68.9114708921805,20.83953591033717,7911,5000906,Antônio João
MS,90190,35.47347545860188,76.2199476315163,40.74647217291442,19557,5001003,Aparecida do Taboado
MS,90212,31.304417285725698,68.7817051219113,37.4772878361856,36391,5001102,Aquidauana
MS,90298,30.201779127793447,78.43095791922183,48.22917879142838,6798,5001508,Bandeirantes
MS,90379,31.453934740882918,64.89133761861035,33.437402877727436,19771,5001904,Bataguassu
MS,90395,24.367900329791134,82.61399234249913,58.246092012708,8414,5002001,Batayporã
MS,90417,37.62112187750022,78.24871100235953,40.627589124859306,16420,5002100,Bela Vista
MS,90433,33.50294164414056,79.6346211440551,46.13167949991454,19254,5002209,Bonito
MS,90450,22.188805346700082,86.6238894373149,64.43508409061482,9576,5002308,Brasilândia
MS,90492,41.6255550074001,84.35444344124855,42.72888843384845,10948,5002605,Camapuã
MS,90514,40.90079367591602,67.4479043206551,26.547110644739078,639433,5002704,Campo Grande
MS,90530,23.09545317675399,89.563244469654,66.4677912929,4723,5002803,Caracol
MS,90557,36.5819397993311,79.7677737415672,43.185833942236094,22150,5002407,Caarapó
MS,90573,39.719005126257834,84.07132243684993,44.35231731059209,15300,5002902,Cassilândia
MS,90611,23.095077545515846,76.16836892602909,53.07329138051324,4479,5003108,Corguinho
MS,90638,35.77546342836463,46.24951916912425,10.474055740759617,67546,5003207,Corumbá
MS,90654,37.47616777883699,74.38423645320196,36.908068674364976,26447,5003306,Coxim
MS,90735,43.180716158353675,77.84144022177094,34.66072406341726,166121,5003702,Dourados
MS,90751,32.0,83.76740376740376,51.76740376740376,16886,5003801,Fátima do Sul
MS,90794,35.7315486149842,86.09157948893844,50.36003087395424,8124,5004007,Glória de Dourados
MS,90816,47.13239235304628,72.77515437704322,25.642762023996944,7950,5004106,Guia Lopes da Laguna
MS,90859,35.86215932914046,85.89832386757169,50.03616453843123,10722,5004304,Iguatemi
MS,90875,19.895287958115183,90.22333637192342,70.32804841380823,7251,5004403,Inocência
MS,90891,45.15577507598784,88.22030040964952,43.064525333661685,14201,5004502,Itaporã
MS,90930,45.323535706641934,83.02471308878405,37.70117738214212,21196,5004700,Ivinhema
MS,90972,40.71808510638298,72.01029721507138,31.292212108688396,6048,5004908,Jaraguari
MS,90999,56.41525622026363,79.00355871886121,22.588302498597585,18633,5005004,Jardim
MS,91014,43.23130325023667,86.49230769230769,43.26100444207102,4340,5005103,Jateí
MS,91030,34.51968503937008,61.89014710551381,27.37046206614373,13609,5005202,Ladário
MS,91073,40.97707369871101,83.82753055107217,42.85045685236116,29813,5005400,Maracaju
MS,91111,22.996593097318915,69.68711612110701,46.690523023788096,20066,5005608,Miranda
MS,91138,53.944788644027916,75.73083287369002,21.786044229662103,37528,5005707,Naviraí
MS,91154,25.223802001053187,72.50487963565386,47.28107763460068,10376,5005806,Nioaque
MS,91235,25.482525899497055,80.48874432936746,55.00621842987041,35628,5006200,Nova Andradina
MS,91251,48.2031142974565,83.54100535367414,35.337891056217636,31503,5006309,Paranaíba
MS,91278,37.645937574457946,72.46507435781884,34.81913678336089,6048,5006408,Pedro Gomes
MS,91316,39.31120549984674,75.4720896451546,36.160884145307854,69949,5006606,Ponta Porã
MS,91375,35.93232806178742,76.94272163443999,41.01039357265257,8647,5006903,Porto Murtinho
MS,91413,31.03264348197141,78.58463934585808,47.551995863886674,16368,5007109,Ribas do Rio Pardo
MS,91430,43.097454300773805,81.2311901504788,38.13373584970499,26188,5007208,Rio Brilhante
MS,91456,23.470839260312946,78.45804988662131,54.98721062630837,4176,5007307,Rio Negro
MS,91472,46.29156010230179,76.33166342909723,30.040103326795446,13917,5007406,Rio Verde de Mato Grosso
MS,91499,22.2256664600124,76.92527912968795,54.69961266967555,4984,5007505,Rochedo
MS,91570,34.053506625031645,63.59667712130203,29.543170496270385,35153,5007901,Sidrolândia
MS,91596,25.460246813675905,78.40151288941972,52.94126607574381,13850,5008008,Terenos
MS,91650,30.162540292161033,71.3302592049186,41.16771891275757,88502,5008305,Três Lagoas
MS,91693,23.84937238493724,85.08503401360544,61.2356616286682,8695,5000856,Angélica
MS,91715,29.418682795698924,90.03701915338806,60.61833635768913,8273,5001243,Aral Moreira
MS,91731,45.51781275890638,88.62495817999331,43.10714542108693,8986,5003751,Eldorado
MS,91758,35.877966101694916,83.26124000524315,47.383273903548236,10690,5003454,Deodápolis
MS,91782,60.16567359395437,86.22233759491206,26.056664000957696,22995,5002951,Chapadão do Sul
MS,91790,33.51472160139928,73.34179935527986,39.82707775388058,14987,5005681,Mundo Novo
MS,91804,19.158503292114982,73.41086506292815,54.25236177081317,8601,5003488,Dois Irmãos do Buriti
MS,91820,35.451174289245984,78.23359073359073,42.78241644434475,5982,5005152,Juti
MS,91847,26.04860186418109,64.72912893133542,38.68052706715433,9433,5006358,Paranhos
MS,91863,41.88438021122846,82.56588473790906,40.6815045266806,5541,5007554,Santa Rita do Pardo
MS,91880,39.12705608081855,78.07374522135899,38.94668914054044,11254,5007935,Sonora
MS,91901,22.470559961547703,87.25425226419262,64.78369230264491,5998,5008404,Vicentina
MS,98019,25.534038730285488,66.34125636672326,40.80721763643777,6487,5002159,Bodoquena
MS,98035,30.682443588332415,85.65878263240407,54.97633904407165,22354,5003256,Costa Rica
MS,98051,24.85933503836317,79.37704094448631,54.51770590612314,4920,5003504,Douradina
MS,98078,33.6526701997554,64.75963036029488,31.10696016053948,14628,5004601,Itaquiraí
MS,98094,48.77560552478815,78.34505946080567,29.569453936017524,23080,5007695,São Gabriel do Oeste
MS,98116,29.32485122101375,62.23238411972563,32.90753289871188,7236,5007802,Selvíria
MS,98132,18.92622634221707,84.4179651695692,65.49173882735212,7773,5007703,Sete Quedas
MS,98159,18.105849582172702,63.169642857142854,45.06379327497015,7003,5007950,Tacuru
MS,98175,15.330867242087956,88.3321653819201,73.00129813983214,3942,5007976,Taquarussu
MS,98590,15.977092099111735,87.94495033112582,71.9678582320141,12103,5003157,Coronel Sapucaia
MT,89788,47.81055255504778,67.71659378937227,19.90604123432449,19479,5103254,Colniza
MT,89796,30.51602452852019,54.86147261264388,24.34544808412369,23598,5103205,Colíder
MT,89800,54.890159494432744,58.56481481481482,3.6746553203820724,4408,5103437,Curvelândia
MT,89818,31.67789996452643,67.56290934160634,35.88500937707991,3832,5106208,Nova Brasilândia
MT,89826,27.884187082405344,57.92483660130719,30.040649518901848,3384,5106190,Nova Santa Helena
MT,89834,58.95144199760435,66.9800135501355,8.028571552531147,16915,5106307,Paranatinga
MT,89843,46.54505251520177,72.34375,25.798697484798232,2731,5107792,Santo Antônio do Leste
MT,89850,52.22848991765545,79.04347153294353,26.814981615288076,126333,5107909,Sinop
MT,89877,41.52028656058414,69.07581413309306,27.55552757250892,43200,5100250,Alta Floresta
MT,89893,66.02312000953403,60.794249351873674,-5.228870657660352,11533,5101258,Araputanga
MT,89915,53.81347359902893,59.29379091450109,5.480317315472156,7114,5105002,Jauru
MT,89931,63.2693511370749,58.078276634318016,-5.191074502756884,13117,5107107,São José dos Quatro Marcos
MT,89958,62.72268907563025,62.47866165926938,-0.244027416360872,3897,5107206,Rio Branco
MT,89960,42.86466561348078,61.56968876860623,18.705023155125446,3084,5107578,Rondolândia
MT,89974,73.83177570093459,64.79416809605489,-9.037607604879696,3076,5107750,Salto do Céu
MT,89990,58.24304275502405,46.8021099480755,-11.440932806948553,34606,5106752,Pontes e Lacerda
MT,90018,42.14005001786352,47.392638036809814,5.252588018946291,7353,5100102,Acorizal
MT,90026,44.41699604743083,58.247191011235955,13.830194963805127,2999,5107297,São José do Povo
MT,90042,48.40261078667125,58.77277085330777,10.370160066636522,4151,5100359,Alto Boa Vista
MT,90050,33.27931473550179,81.31338115260945,48.03406641710766,11524,5100300,Alto Araguaia
MT,90069,59.291001168679394,15.797080502962856,-43.49392066571654,18996,5107065,Querência
MT,90077,54.03899721448468,73.55425601039636,19.515258795911677,8774,5100409,Alto Garças
MT,90085,46.62058371735791,67.71894093686355,21.098357219505637,4167,5102694,Canabrava do Norte
MT,90093,37.83137766188614,40.081062823688356,2.249685161802219,6195,5100508,Alto Paraguai
MT,90107,41.508078994614,80.0556586270872,38.547579632473195,4178,5107248,Santa Carmem
MT,90123,78.87370876374541,73.84424449270865,-5.029464271036758,4626,5108907,Nova Maringá
MT,90140,29.37792161093132,55.12777962163956,25.74985801070824,4118,5108808,Nova Guarita
MT,90166,42.627075993960744,71.93877551020408,29.311699516243337,3030,5108857,Nova Marilândia
MT,90182,58.153721024806835,68.39458413926499,10.240863114458158,3328,5106851,Porto Estrela
MT,90204,52.17613927291347,57.56365451822266,5.387515245309196,2685,5103957,Glória D'Oeste
MT,90220,57.14862681744749,76.13495848789967,18.986331670452174,8039,5107941,Tabaporã
MT,90239,49.572649572649574,89.65141612200436,40.07876654935479,1233,5101209,Araguainha
MT,90247,58.05785123966942,54.55580865603645,-3.5020425836329707,5340,5107354,São José do Xingu
MT,90255,44.33898305084746,60.39049235993209,16.05150930908463,7880,5101308,Arenápolis
MT,90263,49.08364661654135,77.82561894510226,28.741972328560912,6340,5100805,Apiacás
MT,90271,58.85726891683212,71.85010861694424,12.992839700112121,17103,5101407,Aripuanã
MT,90280,61.506787621437304,50.03441156228493,-11.472376059152374,26066,5103353,Confresa
MT,90301,66.89059500959694,57.46478873239437,-9.425806277202568,4215,5105234,Lambari D'Oeste
MT,90310,28.75765356507999,47.98025955035642,19.22260598527643,6862,5101605,Barão de Melgaço
MT,90328,44.876126126126124,82.17325988983475,37.29713376370863,2661,5107263,Santo Afonso
MT,90336,52.463903665166306,62.72956206621215,10.26565840104584,22360,5101704,Barra do Bugres
MT,90344,36.3905325443787,68.54982206405694,32.15928951967824,3110,5106455,Planalto da Serra
MT,90352,41.34573777585461,55.42063920369371,14.074901427839102,47116,5101803,Barra do Garças
MT,90360,32.92542138074348,80.0,47.07457861925652,6035,5108956,Nova Monte Verde
MT,90387,44.35961358678716,78.3458021612635,33.986188574476344,10127,5106158,Nova Bandeirantes
MT,90409,27.078734363502576,24.358974358974358,-2.7197600045282186,3891,5107404,São Pedro da Cipa
MT,90425,38.57358111501758,79.56152758132956,40.987946466311975,7705,5103379,Cotriguaçu
MT,90441,30.668257756563246,62.63102725366876,31.962769497105516,2466,5107198,Ribeirãozinho
MT,90468,69.35244686109738,72.5793421811887,3.226895320091316,12658,5101902,Brasnorte
MT,90476,42.98641561344682,48.22063658934842,5.2342209759016,62204,5102504,Cáceres
MT,90484,70.1735298917478,76.96829437630178,6.79476448455398,31122,5102637,Campo Novo do Parecis
MT,90506,52.1702838063439,72.03931000165865,19.869026195314746,33976,5102678,Campo Verde
MT,90522,55.988948480416056,85.51532033426184,29.526371853845788,8574,5103056,Cláudia
MT,90549,31.835564053537286,69.26124446515963,37.42568041162235,6034,5102850,Castanheira
MT,90565,25.58474271320619,50.135180804325785,24.550438091119595,7473,5104906,Jangada
MT,90581,53.06495882891125,76.8058690744921,23.740910245580842,7692,5105176,Juruena
MT,90590,32.45780091497082,64.93996828513177,32.48216737016095,17940,5103007,Chapada dos Guimarães
MT,90603,57.33992480980433,65.66067445217163,8.320749642367304,54791,5105259,Lucas do Rio Verde
MT,90620,39.23702842650322,69.55042750758481,30.31339908108159,15134,5105606,Matupá
MT,90646,73.30733782346685,79.41898377111038,6.111645947643524,37950,5106224,Nova Mutum
MT,90662,36.558302511193304,38.6784140969163,2.120111585722995,7618,5107180,Ribeirão Cascalheira
MT,90670,55.95844349149094,60.25143192833015,4.2929884368392095,455363,5103403,Cuiabá
MT,90689,74.51907915484074,76.7525134279025,2.2334342730617607,9693,5108006,Tapurah
MT,90697,46.039976582754875,57.12098009188362,11.081003509128742,16561,5103502,Diamantino
MT,90700,44.30686406460296,58.226314514174945,13.919450449571983,5353,5106653,Pontal do Araguaia
MT,90719,25.625795502757743,41.34007585335019,15.71428035059245,6230,5103601,Dom Aquino
MT,90727,80.09278098803614,67.70962789677608,-12.383153091260056,20539,5107875,Sapezal
MT,90743,60.75471698113208,75.8913043478261,15.136587366694016,6787,5102686,Campos de Júlio
MT,90760,55.09226401703336,59.57087345835445,4.47860944132109,8400,5102793,Carlinda
MT,90778,27.351247600767753,69.66394187102634,42.31269427025859,4718,5103908,General Carneiro
MT,90786,43.96818382677861,77.04500978473581,33.0768259579572,7181,5103700,Feliz Natal
MT,90808,33.016877637130804,62.846665138666054,29.82978750153525,6075,5106265,Novo Mundo
MT,90824,57.731177362304194,61.09165808444902,3.3604807221448283,6795,5103858,Gaúcha do Norte
MT,90832,50.610626486915145,63.30045142952684,12.689824942611693,8175,5104203,Guiratinga
MT,90840,23.383525243578386,82.84046692607004,59.456941682491646,3630,5108303,União do Sul
MT,90867,55.16243165004825,60.89418777943368,5.731756129385431,4971,5106182,Nova Lacerda
MT,90883,72.70898115968538,67.2768023907359,-5.432178768949484,7592,5106240,Nova Ubiratã
MT,90905,33.18038428448523,62.59861932938856,29.418235044903334,5661,5101852,Bom Jesus do Araguaia
MT,90913,54.855806703039754,69.69081823860087,14.835011535561115,9344,5104609,Itiquira
MT,90921,28.438030560271645,59.50128976784179,31.063259207570145,1725,5107883,Serra Nova Dourada
MT,90948,49.19663351185922,85.1904090267983,35.99377551493909,2037,5106315,Novo Santo Antônio
MT,90956,37.72809911790452,42.02839756592292,4.3002984480184026,20547,5104807,Jaciara
MT,90964,21.136484333510356,65.55126555126554,44.41478121775519,3520,5106174,Nova Nazaré
MT,90980,44.854070660522275,63.18407960199005,18.330008941467774,2268,5107743,Santa Cruz do Xingu
MT,91006,64.4392523364486,59.1044776119403,-5.334774724508307,3425,5103361,Conquista D'Oeste
MT,91022,71.1548420507509,64.8895292987512,-6.265312751999701,2721,5108352,Vale de São Domingos
MT,91049,45.26774595267746,69.43164362519201,24.16389767251455,2606,5107768,Santa Rita do Trivelato
MT,91057,55.31415149735761,61.4758545849159,6.161703087558294,2405,5105309,Luciara
MT,91081,68.07604994324632,73.1924360400445,5.1163860967981805,5997,5104526,Ipiranga do Norte
MT,91090,42.107989123397644,56.746719485021046,14.638730361623402,11197,5105507,Vila Bela da Santíssima Trindade
MT,91103,67.72186147186147,79.92975413948821,12.207892667626737,5239,5104542,Itanhangá
MT,91170,44.41717791411043,64.22331131472406,19.806133400613625,12501,5105903,Nobres
MT,91197,52.839029768467476,50.48436202601716,-2.3546677424503173,4871,5106000,Nortelândia
MT,91219,39.26510780443365,25.806451612903224,-13.458656191530423,13536,5106109,Nossa Senhora do Livramento
MT,91294,33.03104484255035,46.38405359398166,13.353008751431311,25545,5106505,Poconé
MT,91332,18.144611186903138,87.66189502385821,69.51728383695507,2037,5106703,Ponte Branca
MT,91359,29.376053962900507,82.50997238416693,53.13391842126642,4455,5106802,Porto dos Gaúchos
MT,91391,44.209445585215605,57.89102628663511,13.681580701419506,14509,5107008,Poxoréu
MT,91510,55.348170614850055,43.256288348485334,-12.09188226636472,177148,5107602,Rondonópolis
MT,91537,36.64717348927875,49.73256531577864,13.085391826499894,13155,5107701,Rosário Oeste
MT,91553,33.43263061411549,55.54683411826269,22.1142035041472,17145,5107800,Santo Antônio de Leverger
MT,91618,21.089385474860336,65.27570789865872,44.18632242379839,2759,5108105,Tesouro
MT,91634,34.40860215053763,68.98712147580926,34.57851932527163,3727,5108204,Torixoréu
MT,91677,53.161090431194616,60.39402507559865,7.2329346444040326,194770,5108402,Várzea Grande
MT,91774,57.49391188842152,56.53103399130621,-0.9628778971153125,19682,5105622,Mirassol d'Oeste
MT,91812,49.96477101157524,58.15624367536936,8.191472663794123,14474,5106372,Pedra Preta
MT,91839,51.80050067398421,59.74229496778687,7.9417942938026584,8485,5107859,São Félix do Araguaia
MT,91855,64.69868890581773,78.09425168306576,13.395562777248031,70135,5107958,Tangará da Serra
MT,91898,38.61356932153392,57.04976303317535,18.43619371164143,8751,5105200,Juscimeira
MT,91910,12.59107307066563,70.79646017699115,58.20538710632552,21139,5100201,Água Boa
MT,91936,45.2915186693234,53.811034589491605,8.519515920168203,17765,5102702,Canarana
MT,91952,36.09716007670532,58.574352585209574,22.477192508504253,16249,5106257,Nova Xavantina
MT,91979,47.334089619965965,67.3254281949934,19.99133857502744,5358,5107776,Santa Terezinha
MT,91995,58.9390243902439,79.96870109546165,21.029676705217753,11217,5107305,São José do Rio Claro
MT,98191,41.97186442690093,83.8309702529886,41.85910582608768,25462,5105101,Juara
MT,98310,46.45186368937071,72.10945146601983,25.657587776649123,34203,5105150,Juína
MT,98337,53.66354713535723,77.54960775265344,23.886060617296216,5710,5103452,Denise
MT,98612,60.87722733503035,62.52063841496973,1.6434110799393835,7979,5100607,Alto Taquari
MT,98639,21.53130287648054,64.36487638533674,42.833573508856205,3258,5101001,Araguaiana
MT,98655,21.093957945169016,51.14475627769572,30.050798332526703,11507,5102603,Campinápolis
MT,98671,52.98256347506883,54.24567188788129,1.263108412812457,5454,5103106,Cocalinho
MT,98698,33.50340136054422,70.40946896992962,36.9060676093854,4348,5104559,Itaúba
MT,98710,35.558112773302646,84.03784526171219,48.479732488409546,9496,5105580,Marcelândia
MT,98736,47.547949925347424,55.631625441696116,8.083675516348691,12967,5106232,Nova Olímpia
MT,98752,39.69553353439609,71.45963577058984,31.76410223619375,10255,5106216,Nova Canaã do Norte
MT,98779,45.08997429305913,87.3991935483871,42.309219255327974,5505,5106281,Novo São Joaquim
MT,98795,27.104451300132215,78.08764940239044,50.98319810225823,3305,5106273,Novo Horizonte do Norte
MT,98817,37.00221238938053,51.7933390264731,14.791126637092567,23801,5106422,Peixoto de Azevedo
MT,98833,47.07287933094385,77.12418300653594,30.051303675592095,9406,5106299,Paranaíta
MT,98850,58.26025955804981,48.12068965517241,-10.139569902877398,7904,5106778,Porto Alegre do Norte
MT,98876,47.99643811219946,55.427372836916625,7.4309347247171615,8051,5106828,Porto Esperidião
MT,98892,64.03314917127072,76.56432857747566,12.531179406204942,57120,5107040,Primavera do Leste
MT,98914,51.31578947368421,64.22939068100358,12.913601207319367,1838,5107156,Reserva do Cabaçal
MT,98930,81.18668308768027,78.781802230856,-2.4048808568242634,76028,5107925,Sorriso
MT,98957,36.56523146649401,72.58382642998028,36.018594963486265,9124,5108055,Terra Nova do Norte
MT,98973,67.51832045949693,70.79569145239749,3.2773709929005577,7850,5108501,Vera
MT,98990,53.865519773418654,65.34602784602785,11.480508072609197,13844,5108600,Vila Rica
MT,99015,49.57144297670666,60.17008504252126,10.598642065814595,14317,5103304,Comodoro
MT,99031,37.948960302457465,53.91264786169245,15.963687559234984,2866,5103809,Figueirópolis D'Oeste
MT,99058,43.63624913407645,68.73537002580878,25.099120891732326,22728,5104104,Guarantã do Norte
MT,99074,42.501637197118534,80.59332509270705,38.091687895588514,2028,5104500,Indiavaí
PA,4006,21.49095829745356,19.626797185683696,-1.8641611117698638,21405,1503093,Goianésia do Pará
PA,4014,27.80992194521018,15.256358028283769,-12.553563916926413,123840,1500107,Abaetetuba
PA,4022,23.032485557806286,24.479908805927614,1.4474232481213285,55593,1507953,Tailândia
PA,4030,14.520938332849566,14.540617863327226,0.019679530477660023,48817,1500206,Acará
PA,4049,35.26558891454965,23.941714528823656,-11.323874385725997,12477,1501576,Bom Jesus do Tocantins
PA,4057,55.86380832282472,19.90027991602519,-35.963528406799526,29758,1500305,Afuá
PA,4065,11.680641633248268,11.5868843386829,-0.09375729456536774,18795,1507474,São João de Pirabas
PA,4073,16.698292220113853,13.949589071218494,-2.748703148895359,45624,1500404,Alenquer
PA,4081,51.483040356523894,53.37204108977222,1.8890007332483236,28014,1508084,Tucumã
PA,4090,13.081311588774275,18.977550308247064,5.896238719472789,23889,1500503,Almeirim
PA,4103,27.99505969534788,23.10190424642031,-4.893155448927569,25345,1504059,Mãe do Rio
PA,4111,48.47774062158264,46.272921376538555,-2.204819245044085,86739,1500602,Altamira
PA,4120,20.410596026490065,30.64720812182741,10.236612095337346,20306,1502954,Eldorado do Carajás
PA,4138,18.604506797442422,11.143278837420526,-7.461227960021896,22636,1500701,Anajás
PA,4146,26.691893465288896,13.70041933044614,-12.991474134842756,18518,1506559,Santa Luzia do Pará
PA,4154,27.733353041164733,25.011787996040674,-2.721565045124059,357926,1500800,Ananindeua
PA,4162,21.82243985522674,26.981673658644294,5.159233803417553,5862,1505494,Palestina do Pará
PA,4170,37.22435697718697,14.493691362018764,-22.730665615168206,39217,1500909,Augusto Corrêa
PA,4189,40.72486360093531,22.321381142098275,-18.403482458837033,24688,1503457,Ipixuna do Pará
PA,4197,14.360029034599565,32.359174567763525,17.99914553316396,11870,1501006,Aveiro
PA,4200,48.32652159505136,33.0102907383355,-15.316230856715862,13777,1503754,Jacareacanga
PA,4219,8.139631758726985,9.712341478502939,1.572709719775954,16607,1501105,Bagre
PA,4227,45.773775097083366,40.68108605614358,-5.0926890409397885,16697,1501725,Brasil Novo
PA,4235,26.392810088462262,14.5985727029438,-11.794237385518462,27594,1501204,Baião
PA,4243,30.310900051940344,18.80240357741755,-11.508496474522794,18358,1506351,Santa Bárbara do Pará
PA,4251,48.013383521539104,58.17729274363393,10.163909222094823,102806,1501303,Barcarena
PA,4260,60.77743109724389,23.227863625214617,-37.549567472029274,10878,1500347,Água Azul do Norte
PA,4278,36.327975818295066,28.67013755383862,-7.657838264456444,1046627,1501402,Belém
PA,4286,57.389658028635665,52.180281690140845,-5.20937633849482,12441,1508050,Trairão
PA,4294,25.12350035285815,23.37802158365589,-1.7454787692022613,49269,1501501,Benevides
PA,4308,47.78175313059034,40.71266110689917,-7.069092023691169,8655,1505551,Pau D'Arco
PA,4316,20.532357015634275,7.924128634700558,-12.608228380933717,12897,1501600,Bonito
PA,4324,49.34161658450942,42.28655419222904,-7.055062392280377,20159,1508126,Ulianópolis
PA,4332,29.666131203056484,15.206972860692128,-14.459158342364356,94962,1501709,Bragança
PA,4340,28.197593059054014,13.65860478121068,-14.538988277843334,18265,1500958,Aurora do Pará
PA,4359,23.081960056749974,16.43566319197793,-6.646296864772044,77288,1501808,Breves
PA,4367,10.200056353902507,20.7997311827957,10.599674828893193,15511,1507979,Terra Santa
PA,4375,14.529630245579023,16.703677625521312,2.174047379942289,21846,1501907,Bujaru
PA,4383,65.81553216665628,51.10357512357742,-14.711957043078861,24783,1505031,Novo Progresso
PA,4391,15.799681374246727,16.832015015417618,1.03233364117089,18975,1502004,Cachoeira do Arari
PA,4405,23.136915077989602,25.238691501017374,2.101776423027772,16486,1508357,Vitória do Xingu
PA,4413,23.048734056729486,12.971452616658915,-10.077281440070571,106177,1502103,Cametá
PA,4421,21.057655024308765,33.13840712003651,12.080752095727746,45700,1505064,Novo Repartimento
PA,4430,34.14260344953414,25.72742631875352,-8.415177130780624,54758,1502202,Capanema
PA,4448,24.518796021185892,24.203225394664056,-0.3155706265218363,32171,1501782,Breu Branco
PA,4456,38.36788026370493,15.598172452929022,-22.769707810775913,42608,1502301,Capitão Poço
PA,4464,32.32156149201886,30.754335746758713,-1.5672257452601457,15405,1507151,São Domingos do Araguaia
PA,4472,53.57224045902176,29.958335558997916,-23.61390490002384,143734,1502400,Castanhal
PA,4480,31.86112232539362,20.810055865921786,-11.051066459471834,15528,1504950,Nova Esperança do Piriá
PA,4499,51.06506024096385,37.18979069151285,-13.875269549451005,15965,1502509,Chaves
PA,4502,38.58119255243931,22.94314381270903,-15.63804873973028,6010,1500131,Abel Figueiredo
PA,4510,13.328956007879185,21.42645460831769,8.097498600438506,12702,1502608,Colares
PA,4529,37.586332242820795,44.63483613375478,7.048503890933986,8216,1502764,Cumaru do Norte
PA,4537,21.572497738300846,65.19403730846102,43.621539570160174,33534,1502707,Conceição do Araguaia
PA,4545,21.627030845302567,17.643995417144048,-3.9830354281585194,12581,1507961,Terra Alta
PA,4553,10.816576884100485,13.277263277263277,2.460686393162792,25964,1502806,Curralinho
PA,4561,57.67996331957818,37.42873432155074,-20.251228998027436,13754,1503044,Floresta do Araguaia
PA,4570,38.72549019607843,18.61723087945549,-20.10825931662294,36832,1502905,Curuçá
PA,4588,28.17155756207675,31.59678102498941,3.425223462912662,3170,1501253,Bannach
PA,4596,4.073561400039549,16.453553967657015,12.379992567617467,7131,1503002,Faro
PA,4600,31.78720860729229,32.38502192735859,0.5978133200663045,11487,1504976,Nova Ipixuna
PA,4618,18.754934025036654,10.814778566185467,-7.940155458851187,24520,1503101,Gurupá
PA,4626,35.22127291926658,40.788228207555285,5.566955288288703,14807,1505650,Placas
PA,4634,23.84945796686439,18.77928631503064,-5.07017165183375,31175,1503200,Igarapé-Açu
PA,4642,33.17964017719917,23.174384430413568,-10.0052557467856,90868,1504422,Marituba
PA,4650,23.338296033041974,20.04529508415116,-3.293000948890814,53657,1503309,Igarapé-Miri
PA,4669,21.138420403126286,21.425779341346622,0.2873589382203363,25730,1508035,Tracuateua
PA,4677,51.82376781278599,17.45928338762215,-34.36448442516384,9354,1503408,Inhangapi
PA,4685,26.374650512581546,9.14218258132214,-17.232467931259407,10484,1506112,Quatipuru
PA,4693,23.078031904670382,11.707201889020071,-11.370830015650311,26387,1503507,Irituia
PA,4707,36.5895383901647,43.10611852810288,6.516580137938185,73376,1502152,Canaã dos Carajás
PA,4715,38.21241740088106,46.5336880897688,8.321270688887743,85344,1503606,Itaituba
PA,4723,35.9963768115942,34.06481382122546,-1.9315629903687466,25278,1500859,Anapu
PA,4731,21.141116751269035,26.020858403529882,4.879741652260847,32730,1503705,Itupiranga
PA,4740,18.955796120884077,32.585571353343866,13.629775232459789,11427,1502855,Curuá
PA,4758,34.657704157164005,34.60483564707371,-0.05286851009029192,30585,1503804,Jacundá
PA,4766,55.265088974500095,16.8717814436589,-38.3933075308412,14421,1501956,Cachoeira do Piriá
PA,4774,11.995881242491848,16.131616045110857,4.135734802619009,39112,1503903,Juruti
PA,4782,10.370270995438691,35.53674593577858,25.166474940339892,9403,1505635,Piçarra
PA,4790,20.52744119743407,12.675316488942585,-7.852124708491484,22958,1504000,Limoeiro do Ajuru
PA,4804,39.15370050218161,53.65625449834461,14.502553996163002,17778,1501451,Belterra
PA,4812,40.709409320273075,12.96743921512868,-27.741970105144397,8796,1504109,Magalhães Barata
PA,4820,36.33578431372549,14.54509177972865,-21.79069253399684,6367,1507466,São João da Ponta
PA,4839,29.600524857851,54.59132189707366,24.990797039222663,179518,1504208,Marabá
PA,4847,72.41102488627241,30.41276272474044,-41.998262161531976,5430,1507755,Sapucaia
PA,4855,39.45055472839921,9.81318828302644,-29.63736644537277,27797,1504307,Maracanã
PA,4863,25.863358683455928,29.798549556809025,3.935190873353097,24248,1504752,Mojuí dos Campos
PA,4871,21.65002627430373,20.83107141094606,-0.8189548633576713,25292,1504406,Marapanim
PA,4898,43.715427166564226,7.779246530072704,-35.93618063649152,19565,1504505,Melgaço
PA,4910,16.91599014868193,16.916959262236134,0.000969113554202039,29080,1504604,Mocajuba
PA,4936,14.002579243874296,15.915994098759004,1.9134148548847083,56811,1504703,Moju
PA,4952,19.79318268862505,19.14432646064473,-0.6488562279803176,52563,1504802,Monte Alegre
PA,4979,26.311047035501893,19.860111088253447,-6.450935947248446,30413,1504901,Muaná
PA,4995,7.471201316511245,18.695934256055363,11.224732939544118,11967,1505007,Nova Timboteua
PA,5010,17.428116639008365,26.160793792138406,8.732677153130041,39919,1505106,Óbidos
PA,5037,28.907373177243787,9.520427969511907,-19.38694520773188,25487,1505205,Oeiras do Pará
PA,5053,20.83824133680318,18.63550221099179,-2.202739125811391,50824,1505304,Oriximiná
PA,5070,29.6700706991359,9.414738777386242,-20.255331921749658,16525,1505403,Ourém
PA,5096,41.75899157853154,53.53712692347413,11.77813534494259,76387,1505502,Paragominas
PA,5118,22.57882882882883,13.382026868397027,-9.196801960431802,9487,1505601,Peixe-Boi
PA,5134,31.73231974199493,15.331377000166103,-16.40094274182883,23302,1505700,Ponta de Pedras
PA,5150,16.44710433164252,12.551250675396497,-3.8958536562460235,41746,1505809,Portel
PA,5177,9.958743983497593,11.38402625820569,1.4252822747080973,23709,1505908,Porto de Moz
PA,5193,10.991220756290156,31.7666651246704,20.775444368380242,27386,1506005,Prainha
PA,5215,52.77642474427667,10.106888361045131,-42.66953638323154,11339,1506104,Primavera
PA,5231,17.735737511084835,21.231458538406706,3.4957210273218706,38078,1506203,Salinópolis
PA,5258,14.294125343451524,16.13206954993409,1.8379442064825664,20320,1506302,Salvaterra
PA,5274,17.094924612444256,5.977608956417433,-11.117315656026822,7042,1506401,Santa Cruz do Arari
PA,5290,31.223672850003926,23.71204800895082,-7.511624841053106,49184,1506500,Santa Izabel do Pará
PA,5312,22.606351810617603,29.547778661515736,6.941426850898132,22313,1506609,Santa Maria do Pará
PA,5339,64.79710820895522,44.34050002735379,-20.456608181601432,25278,1506708,Santana do Araguaia
PA,5355,23.551148677936716,47.695659716907,24.144511038970286,253089,1506807,Santarém
PA,5371,27.315779503693882,8.281277886846333,-19.03450161684755,6794,1506906,Santarém Novo
PA,5398,36.72358697823048,14.372290336114867,-22.351296642115614,26159,1507003,Santo Antônio do Tauá
PA,5410,43.3286690262573,18.44449608800062,-24.884172938256683,15886,1507102,São Caetano de Odivelas
PA,5436,24.571310159042635,11.390143431435803,-13.181166727606833,25155,1507201,São Domingos do Capim
PA,5452,54.69021899727485,52.87374176711818,-1.8164772301566643,43014,1507300,São Félix do Xingu
PA,5479,34.02873609870931,21.609230534117827,-12.419505564591482,15923,1507409,São Francisco do Pará
PA,5495,33.485038115826605,24.194838967793558,-9.290199148033047,13212,1507508,São João do Araguaia
PA,5517,11.23799715263684,16.71927081796997,5.481273665333131,42256,1507607,São Miguel do Guamá
PA,5533,17.43692788568877,14.797459127356035,-2.639468758332736,23901,1507706,São Sebastião da Boa Vista
PA,5550,31.147370609020992,28.076163104005747,-3.071207505015245,14882,1507805,Senador José Porfírio
PA,5576,25.1262551244727,19.594479468393253,-5.531775656079446,22799,1507904,Soure
PA,5592,24.04488650854374,30.436875981957325,6.3919894734135845,52851,1508001,Tomé-Açu
PA,5614,26.124380928014034,26.938813292603907,0.814432364589873,73023,1508100,Tucuruí
PA,5630,15.387180684319349,30.191960623461853,14.804779939142504,39655,1508209,Vigia
PA,5657,58.37436888362526,38.2343536525101,-20.140015231115157,43475,1508308,Viseu
PA,5673,62.30463408990513,59.96238659143985,-2.3422474984652766,62358,1506138,Redenção
PA,5690,45.22532693574184,44.50443501735442,-0.720891918387423,13846,1506161,Rio Maria
PA,5711,56.064649501973314,48.7637516315495,-7.30089787042381,35426,1508407,Xinguara
PA,5738,23.004942655597677,38.37416041090478,15.369217755307101,26999,1506187,Rondon do Pará
PA,5754,45.40929203539823,33.57136960290597,-11.837922432492263,31992,1508159,Uruará
PA,5770,45.08250392875851,45.92927108510368,0.846767156345166,20484,1504455,Medicilândia
PA,5797,15.18615284128021,41.054292099382145,25.868139258101934,19490,1507458,São Geraldo do Araguaia
PA,5819,9.988028938739395,11.115641404617502,1.1276124658781068,24113,1502756,Concórdia do Pará
PA,5835,16.554967149355072,40.036879904611375,23.481912755256303,200942,1505536,Parauapebas
PA,5851,24.940028786182634,27.959657408148562,3.0196286219659285,17009,1502772,Curionópolis
PA,5878,24.548420929961544,8.784051650903324,-15.76436927905822,22326,1503077,Garrafão do Norte
PA,5894,26.64153090986697,41.41302940033675,14.771498490469778,20247,1506195,Rurópolis
PA,5916,22.164972598248163,28.206958073148975,6.041985474900812,29479,1505486,Pacajá
PA,5932,21.362346263008515,34.09262048192771,12.730274218919195,6821,1501758,Brejo Grande do Araguaia
PA,5959,54.53211224609604,56.24436548761733,1.7122532415212888,25885,1505437,Ourilândia do Norte
PA,5975,43.21535218689619,24.0771920735656,-19.13816011333059,30137,1502939,Dom Eliseu
PA,5991,39.36775553213909,46.811977999592585,7.444222467453493,13340,1506583,Santa Maria das Barreiras
PB,19003,40.56107539450613,36.8449633450991,-3.7161120494070303,4868,2512762,Riachão do Poço
PB,19011,83.47079037800687,81.98051948051948,-1.4902708974873917,8395,2500106,Água Branca
PB,19020,49.71077368040492,28.370834038233802,-21.339939642171117,8060,2515971,Sobrado
PB,19038,86.1147498035106,83.6504958456178,-2.464253957892808,4779,2500205,Aguiar
PB,19046,60.05335920446277,70.37731427232248,10.323955067859707,5940,2514453,São José dos Ramos
PB,19054,59.53519256308101,72.96314556884013,13.427953005759122,23235,2500304,Alagoa Grande
PB,19062,32.94712449968401,46.38518223461462,13.43805773493061,7251,2504033,Capim
PB,19070,13.714726820482031,15.22911051212938,1.5143836916473479,16592,2500403,Alagoa Nova
PB,19089,60.78621223857475,26.653379235368725,-34.132833003206024,7661,2505238,Cuité de Mamanguape
PB,19097,53.02253487540241,53.89173789173789,0.8692030163354829,12228,2500502,Alagoinha
PB,19100,55.91324200913242,73.10238305383936,17.189141044706943,6226,2505279,Curral de Cima
PB,19119,79.24555995890209,77.09481995779728,-2.1507400011048077,21079,2500601,Alhandra
PB,19127,69.54450729383746,70.56737588652483,1.0228685926873737,4999,2512754,Riachão do Bacamarte
PB,19135,72.91335453100159,43.18859485650391,-29.724759674497676,14568,2500700,São João do Rio do Peixe
PB,19143,55.617802676626205,57.04477611940298,1.4269734427767773,4881,2509339,Matinhas
PB,19151,38.59649122807018,37.33624454148472,-1.260246686585461,14344,2500809,Araçagi
PB,19160,29.200499687695192,45.94815825375171,16.747658566056515,4789,2508554,Logradouro
PB,19178,13.98590446358653,26.352690138698367,12.366785675111837,9324,2500908,Arara
PB,19186,23.628956439987466,33.403361344537814,9.774404904550348,5104,2515930,Sertãozinho
PB,19194,50.47735120861263,76.95716395864106,26.47981275002843,14810,2501005,Araruna
PB,19208,32.035234121464995,63.717156105100464,31.68192198363547,3550,2512747,Riachão
PB,19216,49.92362525458248,84.22801820677697,34.30439295219448,19067,2501104,Areia
PB,19224,75.51202137132681,56.42434488588335,-19.08767648544346,3072,2513943,São Domingos do Cariri
PB,19232,57.28200371057514,39.250411861614495,-18.031591848960645,6597,2501203,Areial
PB,19240,87.17504332755632,30.817438692098094,-56.35760463545823,4534,2504074,Caraúbas
PB,19259,76.13293051359517,77.01668984700973,0.8837593334145595,16289,2501302,Aroeiras
PB,19267,80.61366806136681,73.7928007023705,-6.82086735899631,3035,2513851,Santo André
PB,19275,72.23522527794032,56.63860982894379,-15.596615448996523,4885,2505352,Damião
PB,19283,68.14899277841126,86.07636603028308,17.927373251871828,3672,2516151,Sossêgo
PB,19291,62.82186948853616,71.61166292854854,8.789793440012382,8424,2501401,Baía da Traição
PB,19305,52.181551976573935,63.979229297622304,11.797677321048369,4661,2501534,Baraúna
PB,19313,22.13979730435691,74.98526377836723,52.845466474010315,19357,2501500,Bananeiras
PB,19321,89.88412151581585,69.33932007697241,-20.544801438843436,4201,2501351,Assunção
PB,19330,67.60009532888465,51.67679495836147,-15.92330037052318,11480,2501609,Barra de Santa Rosa
PB,19348,79.31605074462217,58.84404583956154,-20.472004905060636,2666,2517407,Zabelê
PB,19356,25.65356004250797,70.6928645294726,45.03930448696463,6048,2501708,Barra de São Miguel
PB,19364,60.373066424021836,62.469786860030766,2.0967204360089298,6623,2503555,Cacimbas
PB,19372,70.43407195527406,62.21291321373281,-8.221158741541252,74369,2501807,Bayeux
PB,19380,74.53703703703704,88.36971350613915,13.832676469102111,3757,2503753,Cajazeirinhas
PB,19399,53.875545851528386,62.719633307868605,8.844087456340219,13281,2501906,Belém
PB,19402,25.49019607843137,29.298918730380187,3.808722651948816,3802,2513927,São Bentinho
PB,19410,51.9505033557047,8.911097230897356,-43.03940612480734,6644,2502003,Belém do Brejo do Cruz
PB,19429,93.6245572609209,68.90459363957598,-24.719963621344917,3287,2513968,São Domingos
PB,19437,76.51842439644219,67.64783876955714,-8.870585626885045,5163,2502102,Boa Ventura
PB,19445,70.15043547110055,21.357971637301247,-48.7924638337993,3235,2514552,São José de Princesa
PB,19453,76.08326253186067,70.0530395756834,-6.030222956177269,3054,2502201,Bom Jesus
PB,19461,64.69357874921565,13.657119136571191,-51.03645961264446,6301,2509156,Marizópolis
PB,19470,78.1444414390046,74.14304993252361,-4.001391506480985,4846,2502300,Bom Sucesso
PB,19488,66.11498257839722,13.793103448275861,-52.32187913012136,3319,2509370,Mato Grosso
PB,19496,60.78870328913381,56.0688855770823,-4.719817712051508,7922,2502409,Bonito de Santa Fé
PB,19500,61.73092698933552,78.07089859851608,16.33997160918056,3353,2502052,Bernardino Batista
PB,19518,67.52984389348026,74.03206549548013,6.502221601999864,15969,2502508,Boqueirão
PB,19526,78.22660098522168,69.95130335147522,-8.275297633746462,4431,2512077,Poço de José de Moura
PB,19534,74.84560570071258,26.463860933211343,-48.38174476750124,5887,2502607,Igaracy
PB,19542,75.10752688172043,16.58440276406713,-58.5231241176533,2613,2514651,São José do Brejo do Cruz
PB,19550,39.58529688972667,90.03241491085899,50.44711802113232,4894,2502706,Borborema
PB,19569,88.68808567603749,79.07608695652173,-9.611998719515753,3848,2513356,Santa Inês
PB,19577,57.63565403499937,64.96129656507016,7.3256425300707875,10742,2502805,Brejo do Cruz
PB,19585,79.96902426432628,71.29543336439887,-8.673590899927405,2663,2500734,Amparo
PB,19593,38.962162162162166,37.67932489451477,-1.2828372676473947,5994,2502904,Brejo dos Santos
PB,19607,41.26113776559287,27.14162720619888,-14.11951055939399,6405,2504157,Casserengue
PB,19615,64.72285364574226,68.56828007120454,3.8454264254622785,17081,2503001,Caaporã
PB,19623,76.69102492036724,28.57857023829362,-48.11245468207362,8093,2506251,Gado Bravo
PB,19631,79.87600103332473,70.3248031496063,-9.55119788371843,5237,2503100,Cabaceiras
PB,19640,89.9729912221472,83.16376764030194,-6.809223581845259,4134,2512036,Poço Dantas
PB,19658,63.12060632688928,65.74042249424953,2.6198161673602485,54017,2503209,Cabedelo
PB,19666,78.3068783068783,79.43336831059811,1.126490003719809,2515,2513653,Joca Claudino
PB,19674,72.01145311381532,48.54234949111609,-23.46910362269923,7911,2503308,Cachoeira dos Índios
PB,19682,56.67368421052632,70.52180685358256,13.848122643056243,3314,2516755,Tenório
PB,19690,74.32795698924731,68.46084064106441,-5.867116348182904,4343,2503407,Cacimba de Areia
PB,19704,82.8,55.63957151858853,-27.160428481411465,2046,2504850,Coxixola
PB,19712,74.83331674793511,76.40460591621998,1.5712891682848635,14330,2503506,Cacimba de Dentro
PB,19720,71.01616628175519,12.293388429752065,-58.72277785200313,2402,2510659,Parari
PB,19739,72.4764468371467,48.035027765912005,-24.44141907123469,6526,2503605,Caiçara
PB,19747,22.85940803382664,34.036068072136146,11.176660038309507,5725,2512721,Pedro Régis
PB,19755,66.37488947833775,56.37968718953135,-9.995202288806396,47808,2503704,Cajazeiras
PB,19763,21.30841121495327,24.02681103377159,2.7183998188183196,4997,2500536,Alcantil
PB,19771,70.34723957032226,69.40923224109065,-0.9380073292316098,5445,2503803,Caldas Brandão
PB,19780,27.75408670931059,39.96873371547681,12.214647006166217,7793,2501575,Barra de Santana
PB,19798,49.673771204871684,58.147762747138394,8.47399154226671,6292,2503902,Camalaú
PB,19801,53.401700850425215,73.52119236143456,20.119491511009343,5518,2504355,Caturité
PB,19810,38.17993422534577,44.85353411401725,6.6735998886714825,304234,2504009,Campina Grande
PB,19828,88.72329855936414,64.89125610297381,-23.832042456390326,2834,2512788,Riacho de Santo Antônio
PB,19836,90.61632426429762,5.735140771637122,-84.8811834926605,2443,2504108,Carrapateira
PB,19844,68.59472785890385,12.5,-56.09472785890385,7244,2500775,Aparecida
PB,19852,81.63908589440504,38.765367512424795,-42.87371838198025,5415,2504207,Catingueira
PB,19860,84.24594677271337,24.075197089144936,-60.17074968356843,4138,2513984,São Francisco
PB,19879,57.82648401826484,38.578420213976784,-19.24806380428806,22546,2504306,Catolé do Rocha
PB,19887,57.307490832896804,65.89785831960461,8.590367486707805,5430,2517209,Vieirópolis
PB,19895,83.91904323827048,86.24564459930313,2.326601361032658,15349,2504405,Conceição
PB,19909,82.4074074074074,58.90710382513661,-23.500303582270796,2502,2501153,Areia de Baraúnas
PB,19917,89.09774436090225,73.48520432127759,-15.612540039624662,5803,2504504,Condado
PB,19925,19.838420107719926,21.632124352331605,1.7937042446116784,3119,2500577,Algodão de Jandaíra
PB,19933,61.453047579249,64.69911643226853,3.2460688530195227,27248,2504603,Conde
PB,19941,71.84997892962495,70.80383173677635,-1.0461471928486077,6123,2502151,Boa Vista
PB,19950,37.90833739639201,22.975563009103976,-14.932774387288031,5388,2504702,Congo
PB,19968,19.097486671744097,71.8334499650105,52.73596329326641,7912,2509057,Marcação
PB,19976,80.2907557429808,46.305887326921045,-33.98486841605976,12871,2504801,Coremas
PB,19984,61.52623211446741,74.25718460789089,12.73095249342348,5806,2509396,Maturéia
PB,19992,73.03742384682333,67.12671439661865,-5.910709450204678,16430,2504900,Cruz do Espírito Santo
PB,20001,13.620595216359321,9.705986539142756,-3.914608677216565,7088,2513158,Santa Cecília
PB,20010,73.5625,83.75272439072717,10.190224390727167,6956,2505006,Cubati
PB,20036,9.441530391854366,70.73904098749802,61.29751059564365,17383,2505105,Cuité
PB,20052,53.17559153175591,78.54761904761905,25.372027515863138,6098,2505204,Cuitegi
PB,20079,81.3623978201635,78.74720357941834,-2.6151942407451543,2325,2505303,Curral Velho
PB,20095,77.95317488471089,90.70124552124211,12.748070636531224,7716,2505402,Desterro
PB,20117,93.9203354297694,18.667186282151206,-75.25314914761819,3469,2505501,Vista Serrana
PB,20133,62.397885631907734,55.32646048109966,-7.071425150808075,5910,2505600,Diamante
PB,20150,88.85613207547169,73.07858687815428,-15.777545197317409,9272,2505709,Dona Inês
PB,20176,22.60774287801315,92.15686274509804,69.5491198670849,3885,2505808,Duas Estradas
PB,20192,67.421875,43.956043956043956,-23.465831043956044,3824,2505907,Emas
PB,20214,58.934243030231734,36.34006697634223,-22.594176053889505,26011,2506004,Esperança
PB,20230,32.947976878612714,30.164699779535727,-2.7832770990769866,10546,2506103,Fagundes
PB,20257,62.75021758050479,80.92983211364614,18.179614533141354,2942,2506202,Frei Martinho
PB,20273,62.40568271507498,69.57444228903977,7.168759573964785,43613,2506301,Guarabira
PB,20290,50.502668487029915,52.41177188911955,1.9091034020896345,11420,2506400,Gurinhém
PB,20311,63.492063492063494,25.387365911799762,-38.10469758026373,3193,2506509,Gurjão
PB,20338,70.42012701514412,29.72328244274809,-40.69684457239603,5580,2506608,Ibiara
PB,20354,86.47778493238893,84.68509984639017,-1.7926850859987553,9114,2506707,Imaculada
PB,20370,84.61887477313975,46.463393015422795,-38.155481757716956,15722,2506806,Ingá
PB,20397,70.53650605971032,75.22160664819944,4.685100588489121,19582,2506905,Itabaiana
PB,20419,50.64534458965825,68.35336446451811,17.708019874859858,17554,2507002,Itaporanga
PB,20435,45.81493474634481,76.88832670762558,31.07339196128077,14182,2507101,Itapororoca
PB,20451,37.707920036624444,40.81950942861194,3.1115893919874935,9118,2507200,Itatuba
PB,20478,75.5272984155818,56.86597538521175,-18.66132303037005,14324,2507309,Jacaraú
PB,20494,29.658689682228324,15.173824130879346,-14.484865551348978,6938,2507408,Jericó
PB,20516,56.590019844241425,55.700512951512515,-0.8895068927289103,586552,2507507,João Pessoa
PB,20532,37.61162668534407,24.879807692307693,-12.731818993036377,7954,2507606,Juarez Távora
PB,20559,68.21592330137557,81.41804421429994,13.202120912924372,14044,2507705,Juazeirinho
PB,20575,75.90445269016698,74.74725274725274,-1.1571999429142323,5990,2507804,Junco do Seridó
PB,20591,54.422504733567756,87.91455874086566,33.4920540072979,9828,2507903,Juripiranga
PB,20613,69.52599929253626,58.875988557967354,-10.650010734568902,8199,2508000,Juru
PB,20630,34.334527418021494,53.76827896512936,19.433751547107867,4698,2508109,Lagoa
PB,20656,49.83700862895494,72.53623188405797,22.69922325510303,7869,2508208,Lagoa de Dentro
PB,20672,44.39446602603421,34.76272155517439,-9.631744470859822,22056,2508307,Lagoa Seca
PB,20699,56.644417475728154,57.407407407407405,0.7629899316792503,4394,2508406,Lastro
PB,20710,69.8420183918887,33.2320635662538,-36.6099548256349,5930,2508505,Livramento
PB,20737,80.64621056055513,81.25964803951837,0.6134374789632346,12879,2508604,Lucena
PB,20753,78.4160435078178,71.27590673575129,-7.140136772066512,3875,2508703,Mãe d'Água
PB,20770,82.00155159038015,82.04608761711826,0.04453602673811474,5263,2508802,Malta
PB,20796,60.35068585091656,65.07817138333664,4.727485532420076,34590,2508901,Mamanguape
PB,20818,67.69780817658946,58.187221396731054,-9.510586779858407,9110,2509008,Manaíra
PB,20834,74.18677859391396,70.36673445059954,-3.820044143314419,18459,2509107,Mari
PB,20850,50.65339887303681,37.70664790714034,-12.946750965896463,12155,2509206,Massaranduba
PB,20877,30.514767932489452,24.80276134122288,-5.712006591266572,8712,2509305,Mataraca
PB,20893,72.70437082756014,50.21695789844025,-22.48741292911989,11479,2509404,Mogeiro
PB,20915,32.30088495575221,81.62040510127532,49.319520145523114,5373,2509503,Montadas
PB,20931,72.60601915184678,15.770840038622465,-56.835179113224314,4313,2509602,Monte Horebe
PB,20958,74.5920745920746,35.85501196354936,-38.73706262852524,27178,2509701,Monteiro
PB,20974,77.52586084738557,78.13444652367929,0.6085856762937141,9094,2509800,Mulungu
PB,20990,27.35300020068232,22.109738813525006,-5.243261387157315,6839,2509909,Natuba
PB,21016,80.1833180568286,28.192462495426273,-51.99085556140233,7090,2510006,Nazarezinho
PB,21032,9.309153713298791,73.47277556440903,64.16362185111024,8306,2510105,Nova Floresta
PB,21059,76.75733907891193,55.32756489493202,-21.42977418397991,5895,2510204,Nova Olinda
PB,21075,57.317952415284786,79.96018579960186,22.642233384317073,3681,2510303,Nova Palmeira
PB,21091,40.11266511266511,49.03828197945845,8.92561686679334,7440,2510402,Olho d'Água
PB,21113,78.18791946308725,63.239074550128535,-14.94884491295872,4073,2510501,Olivedos
PB,21130,89.20383493122134,82.47794707297514,-6.725887858246196,3098,2510600,Ouro Velho
PB,21156,83.16782522343595,56.639566395663955,-26.528258827772,2846,2510709,Passagem
PB,21172,69.62275290620737,72.77414075286416,3.151387846656789,67669,2510808,Patos
PB,21199,64.85135490660353,37.26481655691439,-27.586538349689143,10996,2510907,Paulista
PB,21210,75.06070065903573,27.477183833116037,-47.583516825919695,4074,2511004,Pedra Branca
PB,21237,62.83968822414156,80.90793381417056,18.068245590029,5944,2511103,Pedra Lavrada
PB,21253,48.863372767339364,46.47545504688362,-2.3879177204557465,25239,2511202,Pedras de Fogo
PB,21270,76.17003005581795,76.05095541401273,-0.11907464180521288,12776,2511301,Piancó
PB,21296,28.575113939289707,64.44695259593679,35.871838656647085,15034,2511400,Picuí
PB,21318,56.840829517910045,75.25289908709598,18.412069569185938,10754,2511509,Pilar
PB,21334,52.821997105643995,54.554097737212395,1.7321006315684002,7122,2511608,Pilões
PB,21350,30.97119551363752,48.157709457873736,17.186513944236214,5890,2511707,Pilõezinhos
PB,21377,42.820606503470955,49.16693890885332,6.346332405382363,8201,2511806,Pirpirituba
PB,21393,83.90628421283118,79.96146435452793,-3.944819858303248,13149,2511905,Pitimbu
PB,21415,70.58480101196848,86.32681810177849,15.742017089810005,15439,2512002,Pocinhos
PB,21431,73.18855820801346,89.42788557711542,16.239327369101957,25853,2512101,Pombal
PB,21458,69.81192221868027,33.30246913580247,-36.5094530828778,4236,2512200,Prata
PB,21474,66.68388429752066,73.3994664888296,6.71558219130894,16937,2512309,Princesa Isabel
PB,21490,64.18411916228021,65.590827051704,1.4067078894237852,12878,2512408,Puxinanã
PB,21512,70.99766142138016,46.712402682494414,-24.285258738885744,36681,2512507,Queimadas
PB,21539,84.17894162575014,70.23376623376623,-13.94517539198391,2500,2512606,Quixaba
PB,21555,44.79126771351972,74.67925873129009,29.887991017770368,15062,2512705,Remígio
PB,21571,87.04829449510301,73.63717605004469,-13.411118445058321,8428,2512804,Riacho dos Cavalos
PB,21598,43.82406245643385,68.30788625857963,24.48382380214578,18838,2512903,Rio Tinto
PB,21610,89.3107717705324,60.474154683249125,-28.836617087283273,3477,2513000,Salgadinho
PB,21636,86.74315731269007,80.71737138368897,-6.025785929001103,10366,2513109,Salgado de São Félix
PB,21652,61.49793861658269,29.912023460410555,-31.58591515617213,5527,2513208,Santa Cruz
PB,21679,71.73862310385064,56.16890257312514,-15.569720530725505,5959,2513307,Santa Helena
PB,21695,71.3741366992141,62.38230786074009,-8.991828838474014,12260,2513406,Santa Luzia
PB,21717,84.78581979320532,22.97496318114875,-61.81085661205657,4561,2513505,Santana de Mangueira
PB,21733,82.2153574580759,84.36240186717589,2.1470444090999905,6317,2513604,Santana dos Garrotes
PB,21750,60.03444433188127,65.21665317209496,5.182208840213697,103462,2513703,Santa Rita
PB,21776,78.35351089588377,72.74657857479943,-5.606932321084344,5772,2513802,Santa Teresinha
PB,21792,76.63878895481942,84.6076414722745,7.968852517455076,29521,2513901,São Bento
PB,21814,46.09029212156978,38.42337375964719,-7.6669183619225905,4577,2514008,São João do Cariri
PB,21830,74.6662324975578,83.48271446862996,8.816481971072164,3965,2514107,São João do Tigre
PB,21857,73.1120826709062,55.29283375773009,-17.819248913176118,7125,2514206,São José da Lagoa Tapada
PB,21873,77.99511002444987,76.85567010309278,-1.139439921357095,5643,2514305,São José de Caiana
PB,21890,91.81979845880261,82.85553681843733,-8.96426164036528,4450,2514404,São José de Espinharas
PB,21911,68.4062059238364,51.890700749228735,-16.51550517460766,15561,2514503,São José de Piranhas
PB,21938,71.13037893384714,77.06855791962175,5.938178985774613,4531,2514602,São José do Bonfim
PB,21954,94.03066812705367,86.37128435221537,-7.659383774838304,4227,2514701,São José do Sabugi
PB,21970,72.81478629187524,22.298692360633172,-50.51609393124207,3777,2514800,São José dos Cordeiros
PB,21997,75.16012810248199,73.49961028838659,-1.6605178140953996,7108,2514909,São Mamede
PB,22012,27.78373739540871,70.74434998963301,42.9606125942243,6576,2515005,São Miguel de Taipu
PB,22039,58.882907133243606,26.58968680797216,-32.29322032527145,9171,2515104,São Sebastião de Lagoa de Roça
PB,22055,75.14668901927912,60.292953285827394,-14.853735733451728,3304,2515203,São Sebastião do Umbuzeiro
PB,22071,58.826144953312586,51.475076297049846,-7.35106865626274,38034,2515302,Sapé
PB,22098,49.36374922408442,22.194623027469316,-27.169126196615107,9254,2515401,São Vicente do Seridó
PB,22110,59.47873443983403,50.561797752808985,-8.916936687025043,10860,2515500,Serra Branca
PB,22136,26.33870265563779,69.60907944514501,43.270376789507225,3167,2515609,Serra da Raiz
PB,22152,87.12536935415787,66.76646706586827,-20.3589022882896,3110,2515708,Serra Grande
PB,22179,82.65306122448979,31.018038565208375,-51.63502265928142,6492,2515807,Serra Redonda
PB,22195,41.038197845249755,64.32368576491436,23.285487919664604,4595,2515906,Serraria
PB,22217,29.086489771116064,80.21903229798292,51.13254252686686,22194,2516003,Solânea
PB,22233,66.30623912503107,66.88628876519368,0.5800496401626134,11716,2516102,Soledade
PB,22250,33.720506130235954,13.819826491747778,-19.900679638488178,48173,2516201,Sousa
PB,22276,61.43467287905261,48.173428186887136,-13.261244692165477,14160,2516300,Sumé
PB,22292,82.55985267034991,74.24190213645761,-8.3179505338923,8148,2516409,Tacima
PB,22314,38.198553583168966,40.28073693445294,2.082183351283973,11365,2516508,Taperoá
PB,22330,81.15024068913098,83.0686567164179,1.9184160272869235,11896,2516607,Tavares
PB,22357,79.0108708636961,77.75703115882834,-1.253839704867758,12090,2516706,Teixeira
PB,22373,87.05968242379997,74.82226460898214,-12.237417814817832,7596,2516805,Triunfo
PB,22390,89.91820040899796,24.030161722393096,-65.88803868660486,13081,2516904,Uiraúna
PB,22411,65.6701030927835,63.60179744210163,-2.0683056506818787,7791,2517001,Umbuzeiro
PB,22438,68.7656171914043,76.12592916484478,7.360311973440474,2845,2517100,Várzea
PE,23000,11.512946715172266,15.803929854215086,4.290983139042821,6215,2611533,Quixaba
PE,23019,15.633863756550166,17.91950349682738,2.2856397402772153,30090,2600104,Afogados da Ingazeira
PE,23027,52.999220981563234,27.49777526090122,-25.501445720662012,15710,2608453,Lagoa do Carro
PE,23035,67.74463551970781,35.193339204227044,-32.55129631548077,17488,2600203,Afrânio
PE,23043,47.16281722269746,60.10854816824966,12.9457309455522,9915,2612471,Santa Cruz da Baixa Verde
PE,23051,37.17535804837936,38.919788246331166,1.7444301979518073,20932,2600302,Agrestina
PE,23060,61.84606956998083,53.744159616113144,-8.101909953867683,11211,2616506,Xexéu
PE,23078,21.964075178583812,36.69626998223801,14.732194803654195,20196,2600401,Água Preta
PE,23086,21.88863676034212,45.65015479876161,23.761518038419492,8292,2616183,Vertente do Lério
PE,23094,31.447886359746704,43.024633877931095,11.57674751818439,35252,2600500,Águas Belas
PE,23108,16.904112357279985,12.88266537904394,-4.021446978236044,12833,2612455,Santa Cruz
PE,23116,53.185505678745265,13.179063360881543,-40.00644231786372,12070,2600609,Alagoinha
PE,23124,25.114982578397214,76.30853994490359,51.19355736650637,10180,2608255,Jucati
PE,23132,56.83195314077964,57.60484848484848,0.7728953440688429,29186,2600708,Aliança
PE,23140,72.88715192965316,34.16739250930398,-38.71975942034918,16157,2605152,Dormentes
PE,23159,24.23500611995104,21.826527382082936,-2.408478737868105,17270,2600807,Altinho
PE,23167,19.78282999660672,10.934083099031552,-8.848746897575166,12558,2603926,Carnaubeira da Penha
PE,23175,26.89308176100629,20.72191406573392,-6.17116769527237,17368,2600906,Amaraji
PE,23183,24.522574933603135,19.128142480550377,-5.394432453052758,20659,2608750,Lagoa Grande
PE,23191,30.845536136041567,25.969105217137862,-4.876430918903704,9104,2601003,Angelim
PE,23205,57.76474220438407,46.47716044691039,-11.287581757473681,17404,2601052,Araçoiaba
PE,23213,61.200009316842525,53.687547780725815,-7.51246153611671,60067,2601102,Araripina
PE,23221,44.58080055052185,70.63059131573205,26.049790765210197,12077,2604155,Casinhas
PE,23230,50.20283691911703,16.455253023080445,-33.74758389603659,51725,2601201,Arcoverde
PE,23248,60.689948892674614,67.88972824487394,7.199779352199322,14244,2609154,Manari
PE,23256,45.14575411913815,39.48671182907764,-5.659042290060505,10106,2601300,Barra de Guabiraba
PE,23264,51.65636588380717,29.727468324169255,-21.928897559637914,11613,2608057,Jatobá
PE,23272,52.53299869864287,54.970100970493085,2.4371022718502147,30472,2601409,Barreiros
PE,23280,52.76033773544057,71.62890301188173,18.86856527644116,20268,2614857,Tamandaré
PE,23299,72.49784915400058,43.285528031290745,-29.21232112270983,9175,2601508,Belém de Maria
PE,23302,19.016490863170407,51.229256299938534,32.21276543676812,9225,2607950,Jaqueira
PE,23310,62.55948334466349,63.5608616662341,1.0013783215706127,15565,2601607,Belém do São Francisco
PE,23329,87.76963128254171,48.893297139277514,-38.876334143264195,12085,2612554,Santa Filomena
PE,23337,55.92974917090943,63.539877156237495,7.610127985328063,60913,2601706,Belo Jardim
PE,23353,58.50918059742395,19.356110381077528,-39.15307021634642,10088,2601805,Betânia
PE,23370,43.44572585614931,27.85886224443158,-15.586863611717728,48311,2601904,Bezerros
PE,23396,32.55837409854254,20.716420788737828,-11.841953309804708,27823,2602001,Bodocó
PE,23418,56.45781588013781,35.94568458376985,-20.51213129636796,34187,2602100,Bom Conselho
PE,23434,59.671157798584154,45.52860246198407,-14.142555336600083,30622,2602209,Bom Jardim
PE,23450,24.662224689987045,17.876911530162303,-6.785313159824742,30694,2602308,Bonito
PE,23477,71.17063785703715,32.122397652647756,-39.048240204389394,9703,2602407,Brejão
PE,23493,62.492853058890795,10.395849346656417,-52.097003712234375,7809,2602506,Brejinho
PE,23515,49.146641759361465,45.95404595404595,-3.192595805315513,36267,2602605,Brejo da Madre de Deus
PE,23531,54.780573434757166,29.97861082967466,-24.801962605082505,11990,2602704,Buenos Aires
PE,23558,59.33755117231113,18.732684520849613,-40.60486665146152,42575,2602803,Buíque
PE,23574,45.54946058019143,31.69065145090869,-13.85880912928274,171757,2602902,Cabo de Santo Agostinho
PE,23590,36.967977300364815,29.09265725418754,-7.875320046177276,25714,2603009,Cabrobó
PE,23612,76.8025078369906,42.836232133631825,-33.966275703358775,16068,2603108,Cachoeirinha
PE,23639,62.74526458846513,59.05369176146656,-3.6915728269985735,20683,2603207,Caetés
PE,23655,79.91483321504613,81.13108744981672,1.216254234770588,7893,2603306,Calçado
PE,23671,19.481803797468356,10.67754522880454,-8.804258568663816,7378,2603405,Calumbi
PE,23698,46.44061446234545,30.43116210214656,-16.009452360198893,15623,2603504,Camocim de São Félix
PE,23710,14.057807807807809,29.877081681205393,15.819273873397584,7337,2603603,Camutanga
PE,23736,62.28529957261511,10.482488366397257,-51.802811206217854,17167,2603702,Canhotinho
PE,23752,70.39714671293619,60.84605320540776,-9.551093507528428,16542,2603801,Capoeiras
PE,23779,25.333904109589042,6.173963419680543,-19.1599406899085,16879,2603900,Carnaíba
PE,23795,40.68021509881975,17.168570439598476,-23.511644659221275,59993,2604007,Carpina
PE,23817,40.86715360535999,44.90365684407578,4.036503238715795,254721,2604106,Caruaru
PE,23833,20.63685787196272,35.06999725500961,14.433139383046889,25870,2604205,Catende
PE,23850,63.38682432432432,65.2959845453291,1.9091602210047824,10190,2604304,Cedro
PE,23876,16.341378912114564,13.64562118126273,-2.6957577308518346,11584,2604403,Chã de Alegria
PE,23892,25.284265519360787,19.59704195593118,-5.687223563429608,18860,2604502,Chã Grande
PE,23914,50.021082220660574,44.9884104797359,-5.032671740924677,19762,2604601,Condado
PE,23930,25.6288970113954,13.221483591853962,-12.407413419541436,14581,2604700,Correntes
PE,23957,67.38547913742504,66.04662398840439,-1.3388551490206453,11264,2604809,Cortês
PE,23973,13.406129565057809,33.230405957678684,19.824276392620874,14479,2604908,Cumaru
PE,23990,66.5726083964212,35.792236496753695,-30.780371899667507,19864,2605004,Cupira
PE,24015,20.58353317346123,14.701953994558496,-5.881579178902735,29587,2605103,Custódia
PE,24031,42.59756806913553,30.375089241583833,-12.222478827551694,48188,2605202,Escada
PE,24058,59.195230998509686,38.43709990990564,-20.758131088604046,29157,2605301,Exu
PE,24074,52.340393457450816,28.97856817145463,-23.361825285996186,18025,2605400,Feira Nova
PE,24090,21.019108280254777,25.61094819159335,4.591839911338575,10137,2605509,Ferreiros
PE,24112,19.647917561185057,11.300677161199543,-8.347240399985514,16540,2605608,Flores
PE,24139,34.856231788443566,26.68808538444783,-8.168146403995735,25252,2605707,Floresta
PE,24155,34.09114941313313,42.099567099567096,8.008417686433965,12929,2605806,Frei Miguelinho
PE,24171,45.887170154686075,28.404931612406088,-17.482238542279987,14871,2605905,Gameleira
PE,24198,40.90454156452619,16.491685505457472,-24.41285605906872,99303,2606002,Garanhuns
PE,24210,25.612157007505846,28.906014811246916,3.2938578037410693,23472,2606101,Glória do Goitá
PE,24236,46.94363929146538,51.69271345904027,4.749074167574889,67031,2606200,Goiana
PE,24252,28.879941434846266,14.210621714700018,-14.669319720146248,6957,2606309,Granito
PE,24279,48.12548670597397,33.296009991171594,-14.829476714802375,67861,2606408,Gravatá
PE,24295,46.4833520389076,7.701688555347092,-38.78166348356051,16330,2606507,Iati
PE,24317,32.339881593110874,15.278490759753593,-17.06139083335728,21737,2606606,Ibimirim
PE,24333,73.12945973496433,51.2612049197415,-21.868254815222826,6806,2606705,Ibirajuba
PE,24350,34.53530264984325,32.39821519554108,-2.1370874543021756,89865,2606804,Igarassu
PE,24376,10.152439024390244,17.956989247311828,7.804550222921584,9100,2606903,Iguaracy
PE,24392,55.93075240178826,14.020459038940944,-41.91029336284732,15900,2607000,Inajá
PE,24414,9.034165571616294,5.219271155033971,-3.814894416582322,4249,2607109,Ingazeira
PE,24430,36.85247653718981,18.888940817248525,-17.963535719941284,89071,2607208,Ipojuca
PE,24457,55.5419021872696,23.20611571205189,-32.33578647521771,24787,2607307,Ipubi
PE,24473,52.75454283241996,31.748213304013195,-21.006329528406763,4741,2607406,Itacuruba
PE,24490,34.678937460782265,70.38239304031683,35.70345557953456,21181,2607505,Itaíba
PE,24511,50.434581955234215,31.733176262700635,-18.70140569253358,18611,2607604,Ilha de Itamaracá
PE,24538,11.14880144730891,7.785266093423193,-3.363535353885718,11939,2607703,Itapetim
PE,24554,33.61924479936902,29.558404558404558,-4.060840240964463,12827,2607802,Itaquitinga
PE,24570,47.66837487264488,40.972915319781556,-6.695459552863326,498124,2607901,Jaboatão dos Guararapes
PE,24597,65.06069802731412,28.25947334617855,-36.801224681135565,15815,2608008,Jataúba
PE,24619,14.117920688452145,44.975412207115994,30.85749151866385,24726,2608107,João Alfredo
PE,24635,55.369127516778526,71.4548446423386,16.085717125560073,14093,2608206,Joaquim Nabuco
PE,24651,39.64747625042921,47.30912383060054,7.6616475801713335,13003,2608305,Jupi
PE,24678,56.310564878279365,16.926992942265418,-39.38357193601395,12360,2608404,Jurema
PE,24694,24.329296336041697,49.05074979685307,24.72145346081137,18474,2608503,Lagoa de Itaenga
PE,24716,58.53599516031458,54.97296026334352,-3.563034896971054,12045,2608602,Lagoa do Ouro
PE,24732,83.80851812741992,64.42376521116678,-19.384752916253134,11189,2608701,Lagoa dos Gatos
PE,24759,69.22768929620074,12.331504868818302,-56.89618442738244,32457,2608800,Lajedo
PE,24775,16.36212870554091,33.9254930606282,17.563364355087288,45770,2608909,Limoeiro
PE,24791,57.3342939481268,63.95,6.615706051873204,20025,2609006,Macaparana
PE,24813,30.502778854853304,45.21407480314961,14.711295948296303,11110,2609105,Machados
PE,24830,38.147490721316764,38.93435486679436,0.786864145477594,8002,2609204,Maraial
PE,24856,38.29245719574271,19.66384579219558,-18.628611403547133,11940,2609303,Mirandiba
PE,24872,48.01040753414972,38.9699496265416,-9.040457907608122,48774,2609402,Moreno
PE,24899,48.433786995031326,23.70958904109589,-24.724197953935438,25646,2609501,Nazaré da Mata
PE,24910,44.039721998760335,35.55989775023755,-8.479824248522782,301453,2609600,Olinda
PE,24937,59.26820067898906,66.7477696674777,7.479568988488637,18320,2609709,Orobó
PE,24953,62.06381389392808,7.427500493193924,-54.63631340073415,12480,2609808,Orocó
PE,24970,44.2153778219352,31.631355358930648,-12.584022463004551,48555,2609907,Ouricuri
PE,24996,51.18432084963667,42.512464697883615,-8.671856151753055,40839,2610004,Palmares
PE,25011,64.39232409381663,45.648525533445216,-18.74379856037141,6511,2610103,Palmeirina
PE,25038,59.5994892816343,69.55839191864037,9.95890263700607,19612,2610202,Panelas
PE,25054,60.85345445852259,13.606720459820934,-47.24673399870166,11943,2610301,Paranatama
PE,25070,58.893110617248546,53.27926657263752,-5.613844044611028,18516,2610400,Parnamirim
PE,25097,33.86702849389417,25.910454155955442,-7.956574337938726,26109,2610509,Passira
PE,25119,38.70619622890374,15.827235307569174,-22.878960921334567,45812,2610608,Paudalho
PE,25135,39.926088705211676,36.57261145770367,-3.3534772475080032,237017,2610707,Paulista
PE,25151,56.34697264920257,10.59914511338115,-45.74782753582142,18713,2610806,Pedra
PE,25178,53.708830824248714,53.86657816130103,0.1577473370523137,52485,2610905,Pesqueira
PE,25194,51.93550109455924,41.14398206376114,-10.7915190307981,26447,2611002,Petrolândia
PE,25216,49.41017288330235,53.90017988025881,4.49000699695646,248257,2611101,Petrolina
PE,25232,70.44589450788472,29.244619496412998,-41.20127501147172,10333,2611200,Poção
PE,25259,47.70760951018462,43.51621784970788,-4.191391660476739,20453,2611309,Pombos
PE,25275,28.110017663386323,8.590011044299914,-19.52000661908641,11000,2611408,Primavera
PE,25291,47.718889536012426,32.3133293721529,-15.405560163859526,15430,2611507,Quipapá
PE,25313,41.02029122573829,34.90378975875075,-6.116501466987543,1227360,2611606,Recife
PE,25330,51.884300715067965,19.91077119184194,-31.973529523226027,20961,2611705,Riacho das Almas
PE,25356,61.985671410591536,46.5244630071599,-15.461208403431634,28323,2611804,Ribeirão
PE,25372,62.737803331360446,44.89930670188181,-17.838496629478634,16931,2611903,Rio Formoso
PE,25399,55.47550432276657,23.10272015898646,-32.37278416378011,11278,2612000,Sairé
PE,25410,25.693343898573694,66.06719367588933,40.373849777315634,7134,2612109,Salgadinho
PE,25437,28.140719721398167,55.24203507038775,27.101315348989583,43379,2612208,Salgueiro
PE,25453,61.791422329538925,39.746662102019855,-22.04476022751907,13660,2612307,Saloá
PE,25470,25.834267482969732,19.240462327279047,-6.593805155690685,16322,2612406,Sanharó
PE,25496,66.07468403695283,33.86854568557237,-32.20613835138046,66103,2612505,Santa Cruz do Capibaribe
PE,25518,50.192299564684504,34.3118283996871,-15.880471164997402,30635,2612604,Santa Maria da Boa Vista
PE,25534,57.815041922162436,51.290957508394115,-6.524084413768321,11524,2612703,Santa Maria do Cambucá
PE,25550,10.277270463224307,19.05410003402518,8.776829570800873,8043,2612802,Santa Terezinha
PE,25577,15.319306016980436,46.3308809658555,31.011574948875065,7831,2612901,São Benedito do Sul
PE,25593,34.633903370413414,34.080909551064906,-0.552993819348508,38191,2613008,São Bento do Una
PE,25615,61.5498852436884,22.743581380177996,-38.80630386351041,30888,2613107,São Caitano
PE,25631,68.71979749942471,71.94216490816726,3.2223674087425422,18178,2613206,São João
PE,25658,64.5389500763727,39.87808790503689,-24.660862171335808,17631,2613305,São Joaquim do Monte
PE,25674,40.998733490139315,70.90410018871161,29.905366698572294,17744,2613404,São José da Coroa Grande
PE,25690,42.59616890234354,6.424260561624021,-36.17190834071952,28336,2613503,São José do Belmonte
PE,25712,17.57638592425444,12.00697066511763,-5.569415259136809,24097,2613602,São José do Egito
PE,25739,58.96718992117496,46.21141553978094,-12.755774381394026,83622,2613701,São Lourenço da Mata
PE,25755,60.837765957446805,49.543958627174426,-11.29380733027238,14551,2613800,São Vicente Férrer
PE,25771,45.22487506940588,9.566198595787363,-35.65867647361852,63662,2613909,Serra Talhada
PE,25798,42.42700729927007,72.69497686715135,30.26796956788128,17061,2614006,Serrita
PE,25810,25.87070275136443,16.42864643494697,-9.44205631641746,27421,2614105,Sertânia
PE,25836,57.71018984889578,36.903753177490906,-20.806436671404875,28559,2614204,Sirinhaém
PE,25852,70.04697430229345,19.38483547925608,-50.66213882303737,9929,2614303,Moreilândia
PE,25879,7.769953051643192,6.934481109516978,-0.8354719421262145,5530,2614402,Solidão
PE,25895,24.817607375072498,65.70969039002814,40.892083014955645,48470,2614501,Surubim
PE,25917,31.453123990437422,14.159861102179924,-17.293262888257498,21364,2614600,Tabira
PE,25933,26.088709677419356,52.0112016293279,25.922491951908544,11013,2614709,Tacaimbó
PE,25950,37.78201219512195,19.865145228215766,-17.916866966906184,18221,2614808,Tacaratu
PE,25976,30.54515676181563,28.649614010830742,-1.8955427509848874,24463,2607653,Itambé
PE,25992,41.62972620599739,65.4839883551674,23.854262149170005,22233,2615003,Taquaritinga do Norte
PE,26018,50.662739322533135,64.53112368633792,13.868384363804786,6628,2615102,Terezinha
PE,26034,37.398739873987395,26.403840558626708,-10.994899315360687,8840,2615201,Terra Nova
PE,26050,56.86287492551149,47.383529101227396,-9.479345824284096,42020,2615300,Timbaúba
PE,26077,41.847561963388955,76.78444476041518,34.93688279702623,35206,2615409,Toritama
PE,26093,54.67075038284839,19.822384151201184,-34.848366231647205,12070,2615508,Tracunhaém
PE,26115,68.53059027570121,47.35054347826087,-21.180046797440347,25080,2615607,Trindade
PE,26131,22.427035330261138,11.70318176813828,-10.723853562122857,12186,2615706,Triunfo
PE,26158,71.79423868312757,69.76551495567155,-2.0287237274560255,16635,2615805,Tupanatinga
PE,26174,7.483333333333333,14.876994680851064,7.393661347517731,7990,2615904,Tuparetama
PE,26190,43.33580842769631,20.638085742771686,-22.69772268492462,14784,2616001,Venturosa
PE,26212,75.0568366352712,43.332809800534,-31.724026834737195,8411,2616100,Verdejante
PE,26239,47.449595037049804,62.59270704573547,15.14311200868567,16698,2616209,Vertentes
PE,26255,19.23833703586163,13.013031299476312,-6.225305736385318,22236,2616308,Vicência
PE,26271,38.31172172481219,17.408071748878925,-20.903649975933263,103861,2616407,Vitória de Santo Antão
PE,26298,48.654052046234185,38.719489654735376,-9.934562391498808,127028,2603454,Camaragibe
PE,26310,47.94968929651414,31.435581172595743,-16.514108123918394,79387,2600054,Abreu e Lima
PE,26336,39.2969069355498,22.16185837392282,-17.13504856162698,21439,2607752,Itapissuma
PE,30015,42.32245681381958,29.220183486238533,-13.102273327581045,3647,2605459,Fernando de Noronha
PI,10006,16.19399228058399,48.19091608929946,31.996923808715472,8738,2201960,Brasileira
PI,10014,28.04274172530623,9.730503219651801,-18.312238505654427,5547,2200103,Agricolândia
PI,10022,29.41176470588235,5.168986083499006,-24.242778622383344,4534,2200277,Alegrete do Piauí
PI,10030,19.74089068825911,39.355345911949684,19.614455223690573,15858,2200202,Água Branca
PI,10049,15.529841656516444,17.497002071296194,1.96716041477975,11442,2201150,Baixa Grande do Ribeiro
PI,10057,26.604113354184438,36.205307777368226,9.601194423183788,12856,2200301,Alto Longá
PI,10065,9.75889781859931,27.88117394416607,18.122276125566756,6777,2201919,Bom Princípio do Piauí
PI,10073,16.09672951954831,21.824235697709614,5.727506178161303,36981,2200400,Altos
PI,10081,9.36672285095112,3.3522307123490265,-6.014492138602094,4967,2201929,Bonfim do Piauí
PI,10090,39.80405181002989,25.671521035598705,-14.132530774431185,16003,2200509,Amarante
PI,10103,3.991446899501069,10.079485878572637,6.088038979071568,6972,2202026,Buriti dos Montes
PI,10111,27.943727115051068,19.98076923076923,-7.962957884281838,6640,2200608,Angical do Piauí
PI,10120,41.38511145380625,17.368989735278227,-24.016121718528026,9837,2202059,Cabeceiras do Piauí
PI,10138,8.688919476944253,3.9249146757679183,-4.764004801176335,7166,2200707,Anísio de Abreu
PI,10146,28.297474275023387,6.484483557202409,-21.812990717820977,5174,2202091,Caldeirão Grande do Piauí
PI,10154,25.336700336700336,17.779598525194594,-7.557101811505742,3062,2200806,Antônio Almeida
PI,10162,20.39274924471299,6.78030303030303,-13.61244621440996,3446,2202251,Canavieira
PI,10170,53.83922539968476,18.264520643806858,-35.5747047558779,5575,2200905,Aroazes
PI,10189,38.764044943820224,47.37698251321675,8.612937569396529,5672,2202737,Coivaras
PI,10197,55.65731166912851,26.388109927089175,-29.269201742039336,4366,2201002,Arraial
PI,10200,31.526974951830443,12.540565600370886,-18.986409351459557,5571,2202752,Colônia do Gurguéia
PI,10219,28.563656147986944,26.82827182350538,-1.735384324481565,9560,2201101,Avelino Lopes
PI,10227,17.656799834402815,15.848166416470084,-1.8086334179327306,6179,2202778,Colônia do Piauí
PI,10235,22.275324301987137,19.666257166257168,-2.609067135729969,38198,2201200,Barras
PI,10243,20.49538610976202,11.720807726075504,-8.774578383686515,5393,2202851,Coronel José Dias
PI,10251,25.730337078651687,7.43801652892562,-18.292320549726067,3632,2201309,Barreiras do Piauí
PI,10260,12.825971261309206,3.652263374485597,-9.17370788682361,4752,2203750,Fartura do Piauí
PI,10278,12.722761109857885,14.127591064600523,1.4048299547426382,6411,2201408,Barro Duro
PI,10286,10.859519408502774,4.368174726989079,-6.491344681513694,5231,2205151,Jacobina do Piauí
PI,10294,28.040996685896648,28.698948398141354,0.6579517122447065,22539,2201507,Batalha
PI,10308,47.81997187060478,47.11229946524064,-0.7076724053641428,4530,2205250,Jardim do Mulato
PI,10316,18.64997418688694,16.737064413938754,-1.9129097729481863,9611,2201606,Beneditinos
PI,10324,36.55110579796772,20.12613875262789,-16.42496704533983,8598,2205557,Lagoa Alegre
PI,10332,10.613333333333333,3.958907541969431,-6.654425791363902,4968,2201705,Bertolínia
PI,10340,23.62589928057554,26.915986304977615,3.2900870244020766,4645,2205565,Lagoa do Barro do Piauí
PI,10359,50.56357078449053,35.987748851454825,-14.575821933035705,5573,2201804,Bocaina
PI,10367,57.72383861115576,33.34734482275466,-24.376493788401106,8736,2205953,Marcolândia
PI,10375,42.525823426232705,25.344739530132788,-17.181083896099917,19892,2201903,Bom Jesus
PI,10383,16.888786764705884,12.317374690941785,-4.571412073764099,5568,2207777,Patos do Piauí
PI,10391,41.50003716643128,32.545950101334824,-8.954087065096452,17651,2202000,Buriti dos Lopes
PI,10405,34.145516074450086,28.080133555926544,-6.065382518523542,4164,2207751,Passagem Franca do Piauí
PI,10413,11.195678860790572,5.866200698951572,-5.329478161839,5375,2202109,Campinas do Piauí
PI,10421,42.933714489905306,28.2184655396619,-14.715248950243407,7227,2208650,Queimada Nova
PI,10430,28.57548039424236,35.08993373303881,6.514453338796454,35859,2202208,Campo Maior
PI,10448,55.133767172812725,43.23473882945249,-11.899028343360236,3971,2209153,Santa Cruz dos Milagres
PI,10456,25.784087157477714,16.979408834274327,-8.804678323203387,16248,2202307,Canto do Buriti
PI,10464,23.204731061672767,4.853848216680075,-18.350882844992693,4981,2209377,Santa Rosa do Piauí
PI,10472,47.653112449799195,36.43770368513412,-11.215408764665078,10506,2202406,Capitão de Campos
PI,10480,44.47038225853516,37.351778656126484,-7.118603602408676,4214,2209351,Santana do Piauí
PI,10499,10.458688181682355,7.920644391408114,-2.5380437902742408,8412,2202505,Caracol
PI,10502,23.961468994581576,2.455621301775148,-21.505847692806427,4155,2209559,São Braz do Piauí
PI,10510,25.39823724427913,62.402234636871505,37.003997392592375,16954,2202604,Castelo do Piauí
PI,10529,31.012048192771083,35.18297058120067,4.170922388429588,5071,2210052,São José do Divino
PI,10537,22.13854521546829,49.474761622582555,27.336216407114264,23420,2202703,Cocal
PI,10545,17.207526588491955,35.901051012560885,18.69352442406893,9278,2210656,Sigefredo Pacheco
PI,10553,18.839021768341844,16.525212181727408,-2.313809586614436,5002,2202802,Conceição do Canindé
PI,10561,32.28862973760933,2.7393817542096004,-29.549247983399727,4857,2210359,São Lourenço do Piauí
PI,10570,54.773967264224474,25.896917635169277,-28.877049629055197,21191,2202901,Corrente
PI,10588,10.64921734667693,13.064935064935066,2.4157177182581346,4694,2211357,Várzea Branca
PI,10596,43.12557286892759,2.467833790339591,-40.657739078588,6237,2203008,Cristalândia do Piauí
PI,10600,46.808510638297875,8.270392749244714,-38.53811788905316,3576,2201176,Barra D'Alcântara
PI,10618,15.483555845001629,14.529280948851001,-0.9542748961506273,8594,2203107,Cristino Castro
PI,10626,26.081035069799114,31.130493123113048,5.049458053313934,3462,2201556,Bela Vista do Piauí
PI,10634,35.09428530300849,21.99972568920587,-13.09455961380262,9384,2203206,Curimatá
PI,10642,6.442399238337035,10.969220694171579,4.526821455834543,3894,2201988,Brejo do Piauí
PI,10650,44.74462228565603,31.505010737294203,-13.239611548361825,13788,2203305,Demerval Lobão
PI,10669,23.34322453016815,43.5634328358209,20.220208305652747,6884,2201770,Boa Hora
PI,10677,12.641509433962264,46.82801613494683,34.186506700984566,6542,2203404,Dom Expedito Lopes
PI,10685,26.360240376806885,8.318555537643077,-18.041684839163807,7558,2203453,Dom Inocêncio
PI,10693,46.86358099878197,17.822461991172144,-29.041119007609826,13415,2203503,Elesbão Veloso
PI,10707,22.13168187744459,43.3235294117647,21.191847534320114,4054,2202455,Capitão Gervásio Oliveira
PI,10715,16.185784658691063,4.796163069544365,-11.389621589146698,4015,2203602,Eliseu Martins
PI,10723,16.378458498023715,18.770377270610155,2.3919187725864397,5304,2202133,Campo Grande do Piauí
PI,10731,17.27830743110879,28.79236590983876,11.514058478729972,32699,2203701,Esperantina
PI,10740,16.372735938989514,15.05281690140845,-1.319919037581064,5863,2202174,Campo Largo do Piauí
PI,10758,10.247782196390334,3.7362637362637363,-6.511518460126598,4318,2203800,Flores do Piauí
PI,10766,26.611418047882136,8.013803680981596,-18.59761436690054,6285,2203230,Currais
PI,10774,27.317372621240025,16.864905836394378,-10.452466784845647,44923,2203909,Floriano
PI,10782,14.32523216755582,6.902882320543418,-7.422349847012401,6469,2204352,Geminiano
PI,10790,34.45403153823267,12.199312714776632,-22.254718823456038,4556,2204006,Francinópolis
PI,10804,3.9180229053646776,4.3849323131253675,0.4669094077606899,4477,2204550,Guaribas
PI,10812,9.443832599118943,6.480041472265422,-2.963791126853521,5168,2204105,Francisco Ayres
PI,10820,22.805202483003253,44.56419237505052,21.758989892047264,9354,2204659,Ilha Grande
PI,10839,28.055260361317746,20.6123175507298,-7.442942810587947,7087,2204204,Francisco Santos
PI,10847,15.128593040847202,3.7925128456080253,-11.336080195239177,5183,2205532,Jurema
PI,10855,29.38475665748393,31.869745095422395,2.4849884379384655,9539,2204303,Fronteiras
PI,10863,19.973574102620567,13.92489941886455,-6.048674683756017,6040,2205573,Lagoa de São Francisco
PI,10871,56.05660083968279,47.956766360675154,-8.099834479007633,8658,2204402,Gilbués
PI,10880,38.615225628660006,29.631864815932406,-8.9833608127276,4202,2206654,Morro Cabeça no Tempo
PI,10898,16.72843665768194,17.265333785157573,0.5368971274756333,8682,2204501,Guadalupe
PI,10901,10.010793308148948,36.365979381443296,26.355186073294348,4732,2206951,Novo Santo Antônio
PI,10910,20.576749774707118,15.92485549132948,-4.651894283377638,4428,2204600,Hugo Napoleão
PI,10928,10.504108372196313,15.291357059053578,4.787248686857264,6117,2206753,Nossa Senhora de Nazaré
PI,10936,40.899857810278284,36.0011871784725,-4.8986706318057855,13109,2204709,Inhuma
PI,10944,56.132629107981224,39.14501257334451,-16.987616534636715,4173,2207553,Paquetá
PI,10952,21.6753750210686,9.153998678122935,-12.521376342945665,7746,2204808,Ipiranga do Piauí
PI,10960,33.69790127106119,16.94865810968495,-16.749243161376242,4142,2207959,Nova Santa Rita
PI,10979,33.077679449360865,9.923961785923183,-23.153717663437682,6463,2204907,Isaías Coelho
PI,10987,12.899197145405887,8.952507032930663,-3.946690112475224,7625,2209971,São João do Arraial
PI,10995,18.818753273965427,15.03839025681758,-3.780363017147847,9605,2205003,Itainópolis
PI,11010,11.13682383569569,27.875977977397856,16.739154141702166,9279,2205102,Itaueira
PI,11037,14.719790723412817,19.541009005519513,4.821218282106695,14184,2205201,Jaicós
PI,11053,16.94214876033058,11.908646003262643,-5.033502757067936,4812,2205300,Jerumenha
PI,11070,21.004763967085317,21.407366684991754,0.4026027179064364,11817,2205409,Joaquim Pires
PI,11088,52.05982681710837,39.62475497059647,-12.435071846511903,4502,2209856,São João da Canabrava
PI,11096,34.18965005931198,37.558344570065344,3.3686945107533646,35330,2205508,José de Freitas
PI,11118,39.90147783251231,5.018786902844874,-34.88269092966744,5121,2205607,Landri Sales
PI,11134,25.39033640348717,39.425599700149924,14.035263296662755,27366,2205706,Luís Correia
PI,11150,17.33247835844822,9.073562310830372,-8.258916047617848,20140,2205805,Luzilândia
PI,11177,28.062181720718307,6.317917614354309,-21.744264106364,4911,2205904,Manoel Emídio
PI,11193,34.127243066884176,11.743666169895677,-22.3835768969885,4326,2206001,Marcos Parente
PI,11215,22.66991029344686,28.843617177194783,6.173706883747922,9161,2206100,Matias Olímpio
PI,11231,30.255107331743233,22.36855036855037,-7.886556963192863,27715,2206209,Miguel Alves
PI,11258,55.50561797752809,41.517857142857146,-13.987760834670944,1890,2206308,Miguel Leão
PI,11274,22.025742812462408,23.961511382304625,1.9357685698422173,10471,2206407,Monsenhor Gil
PI,11290,50.274066461116824,60.928338762214985,10.65427230109816,7493,2206506,Monsenhor Hipólito
PI,11312,32.86318758815233,18.846261551386167,-14.016926036766161,9414,2206605,Monte Alegre do Piauí
PI,11339,21.36487010469174,6.5807196459495865,-14.784150458742154,6697,2206704,Nazaré do Piauí
PI,11355,49.65466568699485,43.303894599681485,-6.350771087313369,8626,2206803,Nossa Senhora dos Remédios
PI,11371,68.94671623296159,46.72663668165917,-22.22007955130242,5156,2206902,Novo Oriente do Piauí
PI,11398,33.69695928534616,23.012833999579215,-10.684125285766946,31019,2207009,Oeiras
PI,11410,10.319337670017742,15.204855842185129,4.885518172167387,4267,2203420,Domingos Mourão
PI,11436,15.447486718430731,8.258789265654254,-7.188697452776477,6037,2207207,Padre Marcos
PI,11452,27.674706246134818,54.503330437300896,26.828624191166078,4497,2207306,Paes Landim
PI,11479,51.24932102118414,23.340091231626964,-27.909229789557173,4922,2207405,Palmeira do Piauí
PI,11495,17.199602780536246,14.081979599546656,-3.1176231809895896,13336,2207504,Palmeirais
PI,11517,40.11369692662995,62.46977547495682,22.35607854832687,7622,2207603,Parnaguá
PI,11533,32.66136511174998,32.88892745950989,0.2275623477599069,118012,2207702,Parnaíba
PI,11550,8.857628690678622,6.612962284877335,-2.2446664058012873,17045,2207801,Paulistana
PI,11576,17.76679027606098,39.287930499534596,21.521140223473616,35307,2207900,Pedro II
PI,11592,37.47698188853407,29.267209803094545,-8.209772085439525,54209,2208007,Picos
PI,11614,55.80186097427477,10.67052182293818,-45.13133915133659,9384,2208106,Pimenteiras
PI,11630,35.941212707911646,19.932124824103965,-16.00908788380768,15109,2208205,Pio IX
PI,11657,25.969156015633253,25.889466320207877,-0.07968969542537607,25820,2208304,Piracuruca
PI,11673,40.472226013375185,44.75020605673872,4.277980043363534,53165,2208403,Piripiri
PI,11690,37.93351561375737,57.227958697378874,19.294443083621502,9998,2208502,Porto
PI,11711,50.66225165562914,15.535652772993455,-35.12659888263569,3706,2208601,Prata do Piauí
PI,11738,58.25372564004586,33.910221741481884,-24.343503898563974,7001,2208700,Redenção do Gurguéia
PI,11754,29.47560507107184,33.27774689642394,3.802141825352102,14520,2208809,Regeneração
PI,11770,9.835669405509908,22.247343432059687,12.411674026549779,5576,2208908,Ribeiro Gonçalves
PI,11797,22.241169305724725,9.52269536733739,-12.718473938387335,5426,2209005,Rio Grande do Piauí
PI,11819,15.752250321474497,19.062623079952736,3.3103727584782394,5902,2209104,Santa Cruz do Piauí
PI,11835,53.11587147030185,21.83114791810444,-31.28472355219741,5552,2209203,Santa Filomena
PI,11851,16.90278456277479,5.106284658040665,-11.796499904734127,5269,2209302,Santa Luz
PI,11878,43.52640545144804,86.82714177407126,43.30073632262322,6371,2209401,Santo Antônio de Lisboa
PI,11894,11.107168204400283,4.672589667653834,-6.434578536746449,3644,2209500,Santo Inácio do Piauí
PI,11916,54.85502360080917,60.119987369750554,5.264963768941385,3968,2209609,São Félix do Piauí
PI,11932,38.73406783322532,26.42241379310345,-12.31165404012187,6210,2209708,São Francisco do Piauí
PI,11959,39.26211453744494,15.21113243761996,-24.050982099824978,5172,2209807,São Gonçalo do Piauí
PI,11975,8.552123552123552,8.890892696122632,0.3387691439990803,6905,2209906,São João da Serra
PI,11991,37.90976681311254,28.462902000506457,-9.446864812606083,15074,2210003,São João do Piauí
PI,12009,39.99499123466066,22.30300187617261,-17.69198935848805,5375,2209872,São João da Fronteira
PI,12017,25.191455058444177,15.31719532554257,-9.874259732901606,3370,2210102,São José do Peixe
PI,12025,44.333437402435216,29.857099422316814,-14.476337980118402,4131,2209955,São João da Varjota
PI,12033,19.302775984506134,8.51528384279476,-10.787492141711374,6004,2210201,São José do Piauí
PI,12041,19.293078055964653,21.109027591749264,1.8159495357846112,4633,2210623,Sebastião Barros
PI,12050,65.2432062114638,27.514600908500974,-37.728605302962826,5605,2210300,São Julião
PI,12068,15.06060606060606,10.008434073657577,-5.052171986948483,4233,2210631,Sebastião Leal
PI,12076,39.56350938454823,40.935412026726056,1.3719026421778224,15608,2210409,São Miguel do Tapuio
PI,12084,27.759562841530055,15.969786889668196,-11.78977595186186,4654,2200459,Alvorada do Gurguéia
PI,12092,58.499045051117854,59.72448204794446,1.225436996826609,11540,2210508,São Pedro do Piauí
PI,12106,5.25611620795107,4.46616829595553,-0.7899479119955402,7632,2201051,Assunção do Piauí
PI,12114,39.89117577478117,6.476095255408108,-33.41508051937306,27448,2210607,São Raimundo Nonato
PI,12122,41.57058951490102,2.761982128350934,-38.80860738655009,5863,2201739,Betânia do Piauí
PI,12130,14.623009243791069,4.068857589984351,-10.554151653806718,12481,2210706,Simões
PI,12149,16.989351403678604,16.26192541196878,-0.7274259917098256,6086,2201945,Boqueirão do Piauí
PI,12157,9.587348653323449,18.93140623148916,9.34405757816571,10328,2210805,Simplício Mendes
PI,12165,20.279358510087945,15.113471752776437,-5.165886757311508,5023,2202554,Caridade do Piauí
PI,12173,60.30179918746373,30.81064911755908,-29.49115006990465,4298,2210904,Socorro do Piauí
PI,12181,9.639188833289438,5.34452296819788,-4.294665865091559,5409,2203271,Curral Novo do Piauí
PI,12190,41.10033549444978,32.20872842768373,-8.89160706676605,591943,2211001,Teresina
PI,12203,70.68163153572407,53.87359836901121,-16.808033166712853,5219,2205524,Júlio Borges
PI,12211,30.681818181818183,43.459697244145424,12.77787906232724,38746,2211100,União
PI,12220,81.83520599250936,58.852165001281065,-22.983040991228293,4865,2205599,Lagoa do Sítio
PI,12238,41.87741418263975,24.562109925508356,-17.31530425713139,18908,2211209,Uruçuí
PI,12246,56.30114566284779,16.96168060688582,-39.339465055961966,7087,2206357,Milton Brandão
PI,12254,50.73732718894009,12.839868083547087,-37.897459105393004,17670,2211308,Valença do Piauí
PI,12262,5.2631578947368425,12.242562929061785,6.979405034324943,3407,2207355,Pajeú do Piauí
PI,12270,9.657009657009658,9.05186653452263,-0.6051431224870285,4173,2211407,Várzea Grande
PI,12289,4.16243654822335,7.2841133816743575,3.1216768334510077,3909,2207850,Pavussu
PI,12297,32.55395683453237,1.6221198156682028,-30.93183701886417,6674,2203354,Dirceu Arcoverde
PI,12300,11.965039180229054,7.9320901753409405,-4.032949004888113,4489,2208858,Riacho Frio
PI,12319,34.93083966491331,9.646922631680495,-25.28391703323281,6144,2200251,Alagoinha do Piauí
PI,12327,6.189555125725338,8.654906284454245,2.4653511587289074,6389,2200053,Acauã
PI,12335,8.507286333202048,38.845234028015035,30.33794769481299,3328,2201572,Belém do Piauí
PI,12343,55.99173553719008,10.520722635494154,-45.47101290169593,3662,2202075,Cajazeiras do Piauí
PI,12351,38.485887628594035,54.437564499484004,15.951676870889969,4536,2202117,Campo Alegre do Fidalgo
PI,12360,13.55421686746988,15.48904659055847,1.9348297230885905,4645,2202711,Cocal de Telha
PI,12378,63.97896581945662,3.929024081115336,-60.04994173834128,2841,2204154,Francisco Macedo
PI,12386,16.989247311827956,19.499679281590762,2.5104319697628057,3917,2205359,João Costa
PI,12394,10.27190332326284,33.83936451897617,23.567461195713328,6898,2205276,Jatobá do Piauí
PI,12408,16.874027993779162,13.54581673306773,-3.3282112607114325,5603,2205458,Joca Marques
PI,12416,22.574257425742573,23.664804469273744,1.0905470435311706,5439,2205516,Juazeiro do Piauí
PI,12424,42.48857833915614,19.617660446062814,-22.870917893093328,5239,2205581,Lagoa do Piauí
PI,12432,30.99173553719008,23.32782824112304,-7.663907296067041,3244,2205540,Lagoinha do Piauí
PI,12440,23.484536082474225,13.403673309886674,-10.080862772587551,6714,2205854,Madeiro
PI,12459,20.014450867052023,35.82155477031802,15.807103903266,5871,2206670,Morro do Chapéu do Piauí
PI,12467,48.47392963119966,17.432150313152402,-31.041779318047258,6452,2206050,Massapê do Piauí
PI,12475,13.762811127379209,13.326293558606125,-0.436517568773084,6070,2206696,Murici dos Portelas
PI,12483,56.366542354821526,56.8973525313516,0.5308101765300748,2707,2207108,Olho D'Água do Piauí
PI,12491,51.0989010989011,49.72191323692992,-1.3769878619711804,3276,2207934,Pedro Laurentino
PI,12505,59.762703120969825,25.05598407564071,-34.706719045329116,4778,2209658,São Francisco de Assis do Piauí
PI,12513,19.520816967792616,11.420310805926997,-8.100506161865619,6735,2210938,Sussuapara
PI,12521,50.40241448692153,66.71214188267395,16.309727395752418,2724,2210979,Tanque do Piauí
PI,12530,8.485700890764182,48.77236787349147,40.28666698272728,2989,2210953,Tamboril do Piauí
PI,12548,18.455445544554454,1.7782822550132424,-16.677163289541213,3000,2211605,Vila Nova do Piauí
PI,12556,11.920777279521674,8.362128541810643,-3.5586487377110316,3670,2211506,Vera Mendes
PI,12564,17.154929577464788,11.527146295801016,-5.627783281663772,4305,2211704,Wall Ferraz
PI,12572,27.617521367521366,23.008706868752014,-4.608814498769352,7639,2202083,Cajueiro da Praia
PI,12580,13.30743079164643,15.1998151998152,1.8923844081687697,5297,2203255,Curralinhos
PI,12599,62.11031175059952,55.243116578793206,-6.867195171806316,2106,2208551,Porto Alegre do Piauí
PI,12602,26.14510197258442,30.808894618111506,4.663792645527085,3891,2208874,Ribeira do Piauí
PI,12610,75.64346997140133,78.29246139872843,2.648991427327104,2882,2209757,São Gonçalo do Gurguéia
PI,12629,52.24471830985915,40.014367816091955,-12.230350493767197,3574,2210375,São Luis do Piauí
PI,12637,6.0109289617486334,5.960264900662252,-0.05066406108638155,2599,2203859,Floresta do Piauí
PI,12653,9.760956175298805,5.747877204441542,-4.013078970857263,1954,2209450,Santo Antônio dos Milagres
PI,12661,18.91480730223124,31.020408163265305,12.105600861034066,2835,2210383,São Miguel da Baixa Grande
PI,12670,11.631740051801271,13.673421849522478,2.041681797721207,5366,2202539,Caraúbas do Piauí
PI,12688,19.049676025917925,28.388164701013864,9.338488675095938,5777,2202653,Caxingó
PI,12696,5.571360834518729,18.89635984233712,13.324999007818391,5586,2202729,Cocal dos Alves
PI,12700,18.773946360153257,10.396893874029336,-8.37705248612392,3027,2210391,São Miguel do Fidalgo
PI,12718,29.318348399706817,21.976564227282775,-7.341784172424042,5401,2207793,Pau D'Arco do Piauí
PI,12726,25.101037684325505,14.620500369471129,-10.480537314854375,11555,2206720,Nazária
PI,12734,38.086696562032884,11.808118081180812,-26.278578480852072,4352,2200954,Aroeiras do Itaim
PR,74004,8.380149812734082,53.924756154203436,45.544606341469354,2850,4108551,Godoy Moreira
PR,74012,52.874346739377415,59.30087390761548,6.426527168238067,5976,4100103,Abatiá
PR,74020,36.95995785036881,53.55266795687034,16.592710106501528,5098,4109757,Ibema
PR,74039,41.5301882180396,41.902931283037,0.37274306499740106,5781,4100202,Adrianópolis
PR,74047,28.113695090439276,28.598536188669016,0.4848410982297402,5115,4113452,Lindoeste
PR,74055,45.21938441388343,33.273488928785156,-11.945895485098276,8981,4100301,Agudos do Sul
PR,74063,61.298701298701296,52.4546553808948,-8.844045917806497,5332,4117453,Ouro Verde do Oeste
PR,74071,35.97158707549291,46.228243520559396,10.256656445066483,77677,4100400,Almirante Tamandaré
PR,74080,43.30288123682361,52.95262816353018,9.64974692670657,10276,4124020,Santa Tereza do Oeste
PR,74098,50.4156541757258,57.43977976600138,7.024125590275581,10403,4100608,Alto Paraná
PR,74101,14.582371942778034,40.545294635004396,25.962922692226364,2828,4101051,Anahy
PR,74110,38.2738865274441,37.862001943634596,-0.41188458380950266,7424,4100707,Alto Piquiri
PR,74128,27.410207939508506,36.827586206896555,9.417378267388049,2817,4101150,Ângulo
PR,74136,36.84713985077482,53.77375899612475,16.926619145349925,7430,4100806,Alvorada do Sul
PR,74144,18.07967313585291,73.6133548734518,55.53368173759888,2309,4103024,Boa Esperança do Iguaçu
PR,74152,51.80761781794706,59.979353062629045,8.171735244681983,4058,4100905,Amaporã
PR,74160,61.40278917145201,58.24575586095392,-3.157033310498086,3020,4103222,Bom Sucesso do Sul
PR,74179,27.035009990443925,50.04938493310586,23.014374942661938,14532,4101002,Ampére
PR,74187,28.12,31.848906560636184,3.728906560636183,3350,4103370,Brasilândia do Sul
PR,74195,57.189956885620084,65.23001143460287,8.040054548982788,16359,4101101,Andirá
PR,74209,24.012539184952978,59.82658959537572,35.814050410422745,4161,4103479,Cafezal do Sul
PR,74217,57.30505192747756,55.2387144714843,-2.0663374559932564,15653,4101200,Antonina
PR,74225,25.295957114138933,37.07964601769911,11.78368890356018,12050,4104428,Candói
PR,74233,18.165212096610514,52.0033044196613,33.83809232305079,6911,4101309,Antônio Olinto
PR,74241,26.010966415352982,71.30242825607064,45.29146184071766,3622,4106571,Cruzeiro do Iguaçu
PR,74250,19.959374597679776,41.75979331891372,21.800418721233946,94186,4101408,Apucarana
PR,74268,73.83483237939492,43.64575059571088,-30.189081783684045,3479,4107124,Diamante do Sul
PR,74276,53.62630812028083,69.49012742606091,15.863819305780076,84444,4101507,Arapongas
PR,74284,48.05107526881721,70.82360786928976,22.77253260047255,3721,4107538,Entre Rios do Oeste
PR,74292,38.73255040992688,58.761600249551584,20.029049839624705,19002,4101606,Arapoti
PR,74306,24.38035150968905,34.497404436054744,10.117052926365695,2837,4107553,Farol
PR,74314,32.08085612366231,44.23220044653932,12.151344322877016,10853,4101705,Araruna
PR,74322,27.240611186523267,59.933403771651776,32.69279258512851,94018,4107652,Fazenda Rio Grande
PR,74330,30.921650608980187,53.06760453302071,22.145953924040526,7140,4114906,Marilândia do Sul
PR,74349,43.59544317866074,56.425091352009744,12.829648173349007,4381,4107850,Flor da Serra do Sul
PR,74357,27.832326783047666,53.00447392780006,25.172147144752397,111879,4101804,Araucária
PR,74365,22.448394495412845,54.35041716328963,31.902022667876782,4366,4109658,Honório Serpa
PR,74373,34.72206994847056,71.54547580079495,36.823405852324385,12321,4101903,Assaí
PR,74381,40.0,46.39423076923077,6.3942307692307665,2131,4110052,Iguatu
PR,74390,42.455450911308354,61.39157002985904,18.936119118550685,19627,4102109,Astorga
PR,74403,50.868621064060804,52.608695652173914,1.74007458811311,2427,4110656,Iracema do Oeste
PR,74411,18.646457525555164,40.4628592758492,21.816401750294034,3479,4102208,Atalaia
PR,74420,33.31877729257642,44.046038069942455,10.727260777366034,2996,4117297,Novo Itacolomi
PR,74438,44.811940298507466,64.27350427350427,19.461563974996807,12129,4102307,Balsa Nova
PR,74446,23.52022001375086,31.50709012070784,7.986870106956982,21624,4111258,Itaperuçu
PR,74454,64.26327011558747,66.50084930842029,2.2375791928328113,24411,4102406,Bandeirantes
PR,74462,54.234150856085144,58.68868622134582,4.454535365260675,5439,4111555,Ivaté
PR,74470,28.569179915000788,32.563326429823164,3.9941465148223756,8859,4102505,Barbosa Ferraz
PR,74489,39.14713791778717,65.88493953829241,26.737801620505245,3461,4113429,Lidianópolis
PR,74497,53.84093606918772,63.45311130587204,9.612175236684322,7600,4102604,Barracão
PR,74500,71.40427599611273,71.3014192927592,-0.10285670335352393,5176,4115358,Maripá
PR,74519,62.301396244583536,63.48528015194682,1.1838839073632812,2805,4102703,Barra do Jacaré
PR,74527,31.657501963864885,42.09650582362729,10.439003859762405,3238,4115739,Mato Rico
PR,74535,60.69673473845146,35.98620033309541,-24.71053440535605,12282,4102802,Bela Vista do Paraíso
PR,74543,50.45301119204122,52.339441380537274,1.8864301884960568,7691,4115754,Mauá da Serra
PR,74551,42.04194613009688,48.86460101867572,6.822654888578839,12807,4102901,Bituruna
PR,74560,29.066002490660026,41.309312357269725,12.2433098666097,4929,4115853,Mercedes
PR,74578,28.260140797854508,60.715479772651285,32.455338974796774,3974,4103008,Boa Esperança
PR,74586,27.002137806281862,39.2986318603554,12.296494054073538,8591,4117057,Nova Laranjeiras
PR,74594,54.47945404385073,40.96190616267098,-13.517547881179752,10205,4103107,Bocaiúva do Sul
PR,74608,23.94727206151593,61.03803768218983,37.090765620673906,3758,4117214,Nova Santa Bárbara
PR,74616,58.747834694382576,67.0889348500517,8.341100155669125,5316,4103206,Bom Sucesso
PR,74624,59.500274574409666,76.85287610619469,17.35260153178502,4506,4118451,Pato Bragado
PR,74632,23.207920792079207,33.47799132052077,10.270070528441565,6279,4103305,Borrazópolis
PR,74640,17.74110366168128,57.66208251473478,39.9209788530535,2579,4119251,Pinhal de São Bento
PR,74659,39.55981941309255,50.264550264550266,10.704730851457718,2223,4103404,Cafeara
PR,74667,50.89240183579806,71.50837988826815,20.61597805247009,2622,4119657,Pitangueiras
PR,74675,30.9720885466795,44.696673189823876,13.724584643144375,6940,4103503,Califórnia
PR,74683,34.301780693533274,68.22781150621567,33.9260308126824,4065,4120853,Quatro Pontes
PR,74691,57.98558872436456,47.02813649191824,-10.957452232446322,17863,4103602,Cambará
PR,74705,37.49085588880761,35.158194098826876,-2.332661789980733,3754,4121257,Ramilândia
PR,74713,52.7538007462271,56.532692531297236,3.7788917850701367,76178,4103701,Cambé
PR,74721,18.80153930731171,75.53249590387766,56.730956596565946,2352,4121356,Rancho Alegre D'Oeste
PR,74730,24.60217755443886,45.09390166701836,20.491724112579497,6442,4103800,Cambira
PR,74748,23.757159221076748,26.32883161937802,2.5716723983012706,11105,4122156,Rio Bonito do Iguaçu
PR,74756,38.499452354874045,65.20330652368186,26.703854168807815,12369,4103909,Campina da Lagoa
PR,74764,34.38843298163345,30.74074074074074,-3.6476922408927095,3289,4123824,Santa Lúcia
PR,74772,35.15819555011227,49.161988773055334,14.003793222943067,35488,4104006,Campina Grande do Sul
PR,74780,25.515280739161337,61.449383638401194,35.93410289923986,3695,4104055,Campo Bonito
PR,74799,38.65511551155115,51.49315636665284,12.838040855101688,6393,4104105,Campo do Tenente
PR,74802,23.67281475541299,36.64481425449655,12.971999499083562,8018,4123857,Santa Maria do Oeste
PR,74810,37.94239950716156,64.80674440971387,26.86434490255231,94798,4104204,Campo Largo
PR,74829,54.26745778183478,36.745796241345204,-17.521661540489575,2710,4123956,Santa Mônica
PR,74837,19.82301560056452,47.87272762101795,28.04971202045343,70261,4104303,Campo Mourão
PR,74845,42.76729559748428,39.51250801796023,-3.2547875795240486,2070,4125555,São Manoel do Paraná
PR,74853,35.007470405700495,58.37705918242831,23.369588776727817,11737,4104402,Cândido de Abreu
PR,74861,61.576354679802954,62.712765957446805,1.1364112776438517,5033,4125753,São Pedro do Iguaçu
PR,74870,26.542891524840982,35.74181981174361,9.198928286902628,15204,4104501,Capanema
PR,74888,66.74157303370787,46.776981970857,-19.964591062850864,5500,4127882,Tunas do Paraná
PR,74896,31.162472959125584,50.90951492537314,19.747041966247554,11860,4104600,Capitão Leônidas Marques
PR,74900,50.70371706964995,52.622950819672134,1.9192337500221868,7525,4128534,Ventania
PR,74918,35.15736766809728,51.89796905222437,16.74060138412709,12148,4104709,Carlópolis
PR,74926,61.51724137931034,36.0198108959928,-25.497430483317544,3269,4128625,Alto Paraíso
PR,74934,51.81177882709968,49.729702617147446,-2.082076209952234,239254,4104808,Cascavel
PR,74942,23.837209302325583,39.70549566132001,15.868286358994425,5209,4128633,Doutor Ulysses
PR,74950,36.948410805958424,65.60927253317065,28.66086172721223,55971,4104907,Castro
PR,74969,28.123848138591963,26.063049853372434,-2.06079828521953,3584,4128658,Virmond
PR,74977,54.207180254300674,59.320710521178995,5.113530266878321,7096,4105003,Catanduvas
PR,74985,45.93072373979161,25.140924464487036,-20.789799275304574,4694,4113254,Laranjal
PR,74993,21.135940409683425,54.27271195010956,33.13677154042614,8551,4105102,Centenário do Sul
PR,75000,46.81957594345913,62.92993630573248,16.110360362273354,9902,4110953,Itaipulândia
PR,75019,45.634713674767916,52.14982042072858,6.515106745960665,13491,4105201,Cerro Azul
PR,75027,27.621019932694796,44.55469506292352,16.933675130228725,5165,4116950,Nova Esperança do Sudoeste
PR,75035,35.24086901763224,47.09279011949635,11.851921101864107,16862,4105409,Chopinzinho
PR,75043,18.80674092488566,35.99637606556027,17.18963514067461,99263,4119152,Pinhais
PR,75051,50.89392693527546,58.00628131667905,7.112354381403591,58478,4105508,Cianorte
PR,75060,16.783048398747894,24.58883796171475,7.805789562966854,5302,4126272,Saudade do Iguaçu
PR,75078,47.46425884123401,42.58064516129032,-4.883613679943693,8899,4105607,Cidade Gaúcha
PR,75086,7.207207207207207,30.82437275985663,23.61716555264942,2525,4101853,Ariranha do Ivaí
PR,75094,44.14932552546272,46.750863557858374,2.601538032395652,13247,4105706,Clevelândia
PR,75108,8.870034708831469,18.32321699544765,9.45318228661618,3263,4101655,Arapuã
PR,75116,34.46365459929315,37.118376994287964,2.6547223949948133,13764,4114401,Mangueirinha
PR,75124,45.25093322272916,60.852878464818765,15.601945242089606,2988,4102752,Bela Vista da Caroba
PR,75132,35.07024829901918,52.10356273511839,17.03331443609921,161810,4105805,Colombo
PR,75140,14.225630875804057,33.400100150225335,19.174469274421277,5080,4103040,Boa Ventura de São Roque
PR,75159,40.839066706551,60.0,19.160933293449,17627,4105904,Colorado
PR,75167,48.458149779735685,66.44182124789208,17.983671468156395,3699,4103156,Bom Jesus do Sul
PR,75175,39.510703363914374,67.59219088937093,28.081487525456552,6609,4106001,Congonhinhas
PR,75183,52.484584693507436,9.071351738974544,-43.413232954532894,3735,4103958,Campina do Simão
PR,75191,55.37706381079875,78.79982479194042,23.42276098114167,3221,4106100,Conselheiro Mairinck
PR,75205,32.98618065291408,56.28543499511242,23.29925434219834,21484,4104253,Campo Magro
PR,75213,29.343837686164473,47.20451457832584,17.86067689216137,13637,4106209,Contenda
PR,75221,33.22632423756019,56.8487850177991,23.62246078023891,17446,4104659,Carambeí
PR,75230,41.0734252702199,60.1830016036223,19.1095763334024,13858,4106308,Corbélia
PR,75248,19.61783439490446,38.72802481902792,19.110190424123463,5280,4106456,Coronel Domingos Soares
PR,75256,30.604686318972032,66.34040675518473,35.7357204362127,35102,4106407,Cornélio Procópio
PR,75264,34.0607210626186,30.313253012048193,-3.7474680505704043,2730,4106852,Cruzmaltina
PR,75272,39.57389948778858,46.5706184381945,6.996718950405921,17708,4106506,Coronel Vivida
PR,75280,12.376055820785897,39.917231000752444,27.541175179966547,3757,4106555,Corumbataí do Sul
PR,75299,27.14688328912467,35.00561264139539,7.858729352270718,16510,4106605,Cruzeiro do Oeste
PR,75302,62.87349014621742,78.38370565045992,15.510215504242495,2112,4107520,Esperança Nova
PR,75310,30.272452068617557,29.284164859002168,-0.9882872096153896,3922,4106704,Cruzeiro do Sul
PR,75329,33.0955334987593,48.54338188727042,15.447848388511119,4416,4107546,Espigão Alto do Iguaçu
PR,75337,47.63791225116371,74.09030679849148,26.45239454732777,13735,4106803,Cruz Machado
PR,75345,15.388246400755252,29.441260744985673,14.053014344230421,5554,4107736,Fernandes Pinheiro
PR,75353,35.908712516881536,53.26013848632798,17.351425969446446,1409805,4106902,Curitiba
PR,75361,16.1609907120743,29.208079512664316,13.047088800590014,4360,4108452,Foz do Jordão
PR,75370,16.11731467778824,47.29127748239689,31.173962804608653,10807,4107009,Curiúva
PR,75388,29.789295228868976,17.96836381611468,-11.820931412754295,5428,4108650,Goioxim
PR,75396,39.3984962406015,56.1211742660837,16.722678025482196,4379,4107108,Diamante do Norte
PR,75400,41.897366644159355,47.37750172532781,5.480135081168456,3758,4107157,Diamante D'Oeste
PR,75418,23.324609405979857,73.3272949237979,50.00268551781804,33145,4107207,Dois Vizinhos
PR,75426,31.957928802588995,31.31986664051775,-0.6380621620712468,6603,4108957,Guamiranga
PR,75434,29.757511860832896,72.91938429428646,43.16187243345357,5175,4107306,Doutor Camargo
PR,75442,11.555346503606145,25.3180461755929,13.762699671986756,8865,4110078,Imbaú
PR,75450,46.8641518167091,47.89424426766495,1.0300924509558556,5490,4107405,Enéas Marques
PR,75469,41.78981937602627,64.17788657690738,22.38806720088111,3122,4114351,Manfrinópolis
PR,75477,16.260966267144447,40.938400329263274,24.677434062118827,10061,4107504,Engenheiro Beltrão
PR,75485,7.945736434108527,30.750521195274498,22.80478476116597,3876,4115457,Marquinho
PR,75493,23.4709314890858,37.808370044052865,14.337438554967065,12177,4107603,Faxinal
PR,75507,41.87180112113088,33.22345184836355,-8.648349272767327,5670,4118857,Perobal
PR,75515,37.495746852670976,40.395970823202504,2.9002239705315276,3851,4107702,Fênix
PR,75523,49.209858880145674,46.21779376216025,-2.992065117985426,24920,4119954,Pontal do Paraná
PR,75531,47.04724409448819,51.58989598811293,4.542651893624736,4346,4107801,Floraí
PR,75540,35.98440545808967,56.172575822298164,20.188170364208496,3139,4120150,Porto Barreiro
PR,75558,20.528714676390155,42.18723548332487,21.658520806934714,8070,4107900,Floresta
PR,75566,31.174577634754627,68.48534201954398,37.31076438478935,3188,4120333,Prado Ferreira
PR,75574,45.49681190223167,23.70266479663394,-21.79414710559773,9394,4108007,Florestópolis
PR,75582,30.999296270232232,58.862385321100916,27.863089050868684,3470,4120655,Quarto Centenário
PR,75590,16.615067079463365,42.962572482867685,26.34750540340432,2410,4108106,Flórida
PR,75604,27.956186208613392,25.338189386056193,-2.617996822557199,5460,4121752,Reserva do Iguaçu
PR,75612,32.59514082992905,60.1638971090371,27.56875627910805,6080,4108205,Formosa do Oeste
PR,75620,14.125386996904025,38.915281076801264,24.789894079897238,3520,4122172,Rio Branco do Ivaí
PR,75639,43.454702352681466,64.7699531769006,21.315250824219135,206636,4108304,Foz do Iguaçu
PR,75647,47.93741109530583,68.97034135422496,21.032930258919123,4396,4126355,Serranópolis do Iguaçu
PR,75655,39.408733387577975,54.574689203498174,15.1659558159202,66802,4108403,Francisco Beltrão
PR,75663,53.87974470943903,48.744200927851544,-5.1355437815874865,9024,4126678,Tamarana
PR,75671,42.16514954486346,53.54084321475626,11.375693669892797,8666,4108502,General Carneiro
PR,75698,24.97408062450448,60.01148911725282,35.03740849274834,21161,4108601,Goioerê
PR,75710,34.75426563120005,14.116565122427865,-20.637700508772184,23809,4108809,Guaíra
PR,75736,50.293442204644045,30.150103519668736,-20.14333868497531,5399,4108908,Guairaçá
PR,75744,15.09703196347032,22.614840989399294,7.517809025928974,4714,4122651,Rosário do Ivaí
PR,75752,36.221542643560994,49.91042637047653,13.688883726915535,4064,4109005,Guapirama
PR,75760,49.586776859504134,19.43127962085308,-30.155497238651055,6025,4117271,Nova Tebas
PR,75779,67.22044728434504,29.149232914923292,-38.07121436942175,1979,4109104,Guaporema
PR,75787,28.571428571428573,36.254448398576514,7.683019827147941,2942,4126652,Sulina
PR,75795,37.47747747747748,39.67701076630779,2.1995332888303096,4224,4109203,Guaraci
PR,75809,29.35402876055695,37.68284188530299,8.328813124746041,5952,4113734,Luiziana
PR,75817,50.20988805970149,66.03166749134093,15.821779431639435,11100,4109302,Guaraniaçu
PR,75833,32.0212263666783,52.14154820942343,20.120321842745135,133653,4109401,Guarapuava
PR,75850,55.81395348837209,60.37139470564994,4.557441217277848,7430,4109500,Guaraqueçaba
PR,75876,52.46733355669363,57.52821112260037,5.060877565906736,32482,4109609,Guaratuba
PR,75892,44.25845111704553,71.3097713097713,27.051320192725775,21626,4109708,Ibaiti
PR,75914,40.6407615258933,59.62439511483217,18.983633588938865,39987,4109807,Ibiporã
PR,75930,30.631479736098022,54.60397971127585,23.972499975177826,7070,4109906,Icaraíma
PR,75957,51.08621860149355,54.67768595041322,3.5914673489196716,4057,4110003,Iguaraçu
PR,75973,39.3278720247694,44.7273145221539,5.3994424973844986,23459,4110102,Imbituva
PR,75990,18.64881693648817,40.99176123115188,22.342944294663706,8367,4110201,Inácio Martins
PR,76015,39.50682056663169,63.020833333333336,23.514012766701647,2546,4110300,Inajá
PR,76031,23.550877192982455,50.53650571495218,26.985628521969723,11266,4110508,Ipiranga
PR,76058,42.77229941730166,60.169891458235014,17.397592040933354,12170,4110607,Iporã
PR,76074,29.53971982946141,60.96992862902022,31.430208799558805,45671,4110706,Irati
PR,76090,43.25206043956044,39.653284671532845,-3.5987757680275934,7961,4110805,Iretama
PR,76112,18.99020346646571,61.715558856294095,42.72535538982838,3512,4110904,Itaguajé
PR,76139,49.17859035506094,68.7431091510474,19.564518795986466,5267,4111001,Itambaracá
PR,76155,25.556706369756604,37.44549884585791,11.888792476101308,5052,4111100,Itambé
PR,76171,44.0243557065987,39.38600320093118,-4.63835250566752,9159,4111209,Itapejara d'Oeste
PR,76198,39.81481481481482,42.54674077817079,2.7319259633559767,2788,4111308,Itaúna do Sul
PR,76210,19.09114651344999,45.84737602311026,26.75622950966027,10656,4111407,Ivaí
PR,76236,19.271171756551873,30.536801328168234,11.265629571616362,24012,4111506,Ivaiporã
PR,76252,19.093198992443323,56.97410268059973,37.88090368815641,3152,4111605,Ivatuba
PR,76279,13.694074969770254,71.99529826623568,58.30122329646542,4523,4111704,Jaboti
PR,76295,57.3620334325624,68.65409907935116,11.292065646788757,29710,4111803,Jacarezinho
PR,76317,34.37748871781258,45.38047231045436,11.002983592641776,11056,4111902,Jaguapitã
PR,76333,52.393572966705314,70.96987752399868,18.576304557293362,25982,4112009,Jaguariaíva
PR,76350,38.69678682107323,57.04832900577938,18.351542184706148,16534,4112108,Jandaia do Sul
PR,76376,31.779206859592712,50.222469410456064,18.443262550863352,4944,4112207,Janiópolis
PR,76392,26.91756272401434,75.90446083596768,48.986898111953344,3943,4112306,Japira
PR,76414,42.66162434719971,47.50748634842346,4.84586200122375,7452,4112405,Japurá
PR,76430,21.08785419336466,31.83941605839416,10.751561865029501,9012,4112504,Jardim Alegre
PR,76457,44.75728155339806,60.66907775768535,15.911796204287292,1350,4112603,Jardim Olinda
PR,76473,32.27774549680419,54.60822575803062,22.330480261226434,9482,4112702,Jataizinho
PR,76490,33.7379718726869,54.299138606108066,20.561166733421167,9226,4112801,Joaquim Távora
PR,76511,37.5,80.64024390243902,43.140243902439025,2911,4112900,Jundiaí do Sul
PR,76538,31.458179126572908,62.330623306233065,30.872444179660157,5485,4113007,Jussara
PR,76554,11.854996734160679,58.94965817277812,47.09466143861744,4004,4113106,Kaloré
PR,76570,21.50420546710724,52.12865863202379,30.624453164916552,36461,4113205,Lapa
PR,76597,31.74000325538495,39.94922958852352,8.209226333138574,24303,4113304,Laranjeiras do Sul
PR,76619,12.645403377110695,76.21839501648955,63.572991639378856,3502,4113403,Leópolis
PR,76635,29.025228396613862,65.83032642443568,36.80509802782182,15868,4113502,Loanda
PR,76651,17.20321931589537,39.6551724137931,22.451953097897732,3851,4113601,Lobato
PR,76678,45.840443026892665,67.12081740004348,21.280374373150813,393747,4113700,Londrina
PR,76694,56.01577909270217,53.916272788656315,-2.0995063040458533,4003,4113809,Lupionópolis
PR,76716,35.92360020931449,37.2578040904198,1.33420388110531,10552,4113908,Mallet
PR,76732,38.10791192838132,67.52518169067959,29.417269762298268,10615,4114005,Mamborê
PR,76759,38.45115825774046,56.278176040203974,17.827017782463514,19903,4114104,Mandaguaçu
PR,76775,30.473938418192795,59.50010479983232,29.026166381639527,27663,4114203,Mandaguari
PR,76791,30.400172117039588,65.06325494961047,34.66308283257088,19907,4114302,Mandirituba
PR,76813,37.88294194778877,30.376028202115158,-7.506913745673614,11018,4114500,Manoel Ribas
PR,76830,51.6901902061363,55.825603568081185,4.1354133619448845,40475,4114609,Marechal Cândido Rondon
PR,76856,22.455403987408186,37.3841961852861,14.928792197877915,4789,4114708,Maria Helena
PR,76872,29.079703039641405,61.3374935966097,32.25779055696829,30178,4114807,Marialva
PR,76899,49.75124378109453,56.95763330898466,7.206389527890131,7588,4115101,Mariluz
PR,76910,42.30456820543538,64.88571104301441,22.58114283757903,301630,4115200,Maringá
PR,76937,44.91134321107602,47.74177712322042,2.8304339121444,5494,4115309,Mariópolis
PR,76953,36.73839184597961,48.98687543172922,12.248483585749604,11777,4115408,Marmeleiro
PR,76970,18.386989711251246,23.748395378690628,5.3614056674393815,3950,4115507,Marumbi
PR,76996,59.485214657628454,71.534795042898,12.049580385269543,13751,4115606,Matelândia
PR,77011,44.446400901535426,68.15084544110755,23.704444539572123,37479,4115804,Medianeira
PR,77038,52.68176400476758,62.5974025974026,9.91563859263502,2160,4115903,Mirador
PR,77054,53.88219544846051,21.77688710754843,-32.105308340912075,1851,4116000,Miraselva
PR,77070,29.99040964515687,44.426588750913076,14.436179105756207,9161,4116109,Moreira Sales
PR,77097,39.175358222048935,61.0673665791776,21.892008357128667,14680,4116208,Morretes
PR,77119,15.898959881129272,37.28560775540641,21.386647874277138,3547,4116307,Munhoz de Melo
PR,77135,14.105793450881611,49.75929978118162,35.653506330300004,3173,4116406,Nossa Senhora das Graças
PR,77151,84.03010033444816,76.95542472666106,-7.0746756077871,1565,4116505,Nova Aliança do Ivaí
PR,77178,8.779527559055119,90.36323202372128,81.58370446466617,3349,4116604,Nova América da Colina
PR,77194,29.668449197860962,74.61062513334755,44.94217593548659,6004,4116802,Nova Cantu
PR,77216,58.07960790138126,62.639457703714164,4.559849802332906,19494,4116901,Nova Esperança
PR,77232,45.89865939559191,79.1481394804587,33.24948008486678,6087,4117008,Nova Fátima
PR,77259,53.35748119253274,61.2520158334555,7.894534640922764,9738,4117107,Nova Londrina
PR,77275,41.49897929425489,35.27696793002915,-6.222011364225736,20079,4117305,Ortigueira
PR,77291,25.569502556950255,35.391498881431765,9.82199632448151,2830,4117404,Ourizona
PR,77313,31.18789633994108,48.07794082270868,16.890044482767603,30395,4117503,Paiçandu
PR,77330,24.128419624689126,34.853128388891506,10.72470876420238,32260,4117602,Palmas
PR,77356,16.964213587527265,59.08650165858637,42.1222880710591,26972,4117701,Palmeira
PR,77372,38.54191980558931,49.90094105993066,11.35902125434135,10878,4117800,Palmital
PR,77399,44.92351969301284,65.74838336575364,20.824863672740797,24631,4117909,Palotina
PR,77410,49.065051356333946,46.47110078419983,-2.593950572134119,9489,4118006,Paraíso do Norte
PR,77437,35.38119911176906,47.07488299531981,11.693683883550754,7616,4118105,Paranacity
PR,77453,55.95227662531141,53.71878357909455,-2.2334930462168643,108348,4118204,Paranaguá
PR,77470,33.874709976798144,57.957244655581945,24.0825346787838,2106,4118303,Paranapoema
PR,77496,77.8745787786636,67.53597510911369,-10.338603669549912,63953,4118402,Paranavaí
PR,77518,50.80563844016874,49.58075402165586,-1.2248844185128789,64404,4118501,Pato Branco
PR,77534,58.792341678939614,74.55081001472755,15.758468335787931,4763,4118600,Paula Freitas
PR,77550,46.470301850048685,52.20066256507336,5.730360715024673,5698,4118709,Paulo Frontin
PR,77577,25.759219088937094,55.39780714084903,29.63858805191194,9916,4118808,Peabiru
PR,77593,61.15874855156431,46.39394655947032,-14.764801992093986,5285,4119004,Pérola d'Oeste
PR,77615,32.11422845691383,36.21899859616285,4.10477013924902,10850,4119103,Piên
PR,77631,47.159624413145536,83.10077519379846,35.94115078065292,5879,4119202,Pinhalão
PR,77658,23.932075915153654,45.71393204183945,21.781856126685796,23848,4119301,Pinhão
PR,77674,32.639986687744404,53.93388302381136,21.293896336066958,18800,4119400,Piraí do Sul
PR,77690,25.70175960641949,47.56217341767179,21.860413811252297,73927,4119509,Piraquara
PR,77712,32.32695511687787,36.97860384698509,4.651648730107219,25676,4119608,Pitanga
PR,77739,58.21969696969697,42.99625468164794,-15.223442288049029,3432,4119707,Planaltina do Paraná
PR,77755,42.51621588544854,37.62033115132846,-4.895884734120081,10281,4119806,Planalto
PR,77771,29.16422485687238,53.70322238429917,24.538997527426787,257944,4119905,Ponta Grossa
PR,77798,31.7389485427416,48.64303722378763,16.90408868104603,9608,4120002,Porecatu
PR,77810,40.18394057304563,62.5,22.316059426954368,3870,4120101,Porto Amazonas
PR,77836,58.2654528030666,63.92654132050721,5.661088517440611,3003,4120200,Porto Rico
PR,77852,69.55593509820666,79.11663807890223,9.560702980695567,3274,4120309,Porto Vitória
PR,77879,38.97488820089439,49.98203377650018,11.00714557560579,3886,4120408,Presidente Castelo Branco
PR,77895,63.732029049948125,41.00946372239748,-22.722565327550647,8333,4120507,Primeiro de Maio
PR,77917,37.12469941600825,41.02967390164622,3.904974485637972,39039,4120606,Prudentópolis
PR,77933,28.59726688102894,70.07252559726962,41.475258716240674,6645,4120705,Quatiguá
PR,77950,34.20887564685589,61.022994611823634,26.814118964967747,18192,4120804,Quatro Barras
PR,77976,55.552099533437016,48.52249832102082,-7.029601212416196,7996,4121000,Querência do Norte
PR,77992,40.3250075233223,57.349323493234934,17.024315969912635,4291,4121109,Quinta do Sol
PR,78018,27.18673817649927,60.74200265000947,33.5552644735102,14118,4121208,Quitandinha
PR,78034,23.565217391304348,63.942523574315224,40.37730618301087,3224,4121307,Rancho Alegre
PR,78050,58.08367071524966,66.1873156342183,8.103644918968634,14523,4121406,Realeza
PR,78077,22.00776364028467,52.10532163092989,30.097557990645225,12149,4121505,Rebouças
PR,78093,38.51271085768591,47.83804048987753,9.325329632191618,5351,4121604,Renascença
PR,78115,27.343300747556068,39.89296304332104,12.549662295764971,20368,4121703,Reserva
PR,78131,55.26744702918951,40.87547169811321,-14.391975331076303,9867,4121802,Ribeirão Claro
PR,78158,45.369629036562586,62.71535856280371,17.345729526241122,10165,4121901,Ribeirão do Pinhal
PR,78174,13.733807176430128,35.38744538974477,21.653638213314643,11268,4122008,Rio Azul
PR,78190,9.199318568994888,56.7157712305026,47.51645266150771,3019,4122107,Rio Bom
PR,78212,34.33723003764613,23.185637891520244,-11.151592146125886,27280,4122206,Rio Branco do Sul
PR,78239,28.229385657556644,65.35395878845132,37.124573130894674,24157,4122305,Rio Negro
PR,78255,51.17711707542804,54.47957644414209,3.3024593687140467,49517,4122404,Rolândia
PR,78271,44.654468471193105,32.86334056399132,-11.791127907201783,8952,4122503,Roncador
PR,78298,46.20615604867574,49.91410574537125,3.7079496966955148,6991,4122602,Rondon
PR,78310,35.16624040920716,68.00080450522928,32.83456409602212,6748,4122701,Sabáudia
PR,78336,39.56611570247934,64.35106743476787,24.784951732288533,3590,4122800,Salgado Filho
PR,78352,35.356037151702786,63.63369533313766,28.277658181434873,4614,4122909,Salto do Itararé
PR,78379,41.54282473057289,47.805229071719836,6.262404341146947,11161,4123006,Salto do Lontra
PR,78395,33.02286198137172,76.03666521169795,43.01380323032623,3048,4123105,Santa Amélia
PR,78417,12.386081193040596,60.372017792155276,47.98593659911468,3121,4123204,Santa Cecília do Pavão
PR,78433,68.56440325326273,75.85803432137286,7.29363106811013,6773,4123303,Santa Cruz de Monte Castelo
PR,78450,31.668876123140375,48.22578230273993,16.556906179599554,9149,4123402,Santa Fé
PR,78476,25.857142857142858,44.10071942446043,18.24357656731757,1684,4123600,Santa Inês
PR,78492,55.01034028952811,64.33457103771741,9.3242307481893,7006,4123709,Santa Isabel do Ivaí
PR,78514,55.09630254463658,65.94269870609982,10.84639616146324,8779,4123808,Santa Izabel do Oeste
PR,78530,38.628212791392706,49.6288441145281,11.000631323135394,9361,4123907,Santa Mariana
PR,78557,33.323244552058114,54.128718882817246,20.805474330759132,4659,4124004,Santana do Itararé
PR,78573,53.82355341549008,59.28583488097248,5.462281465482398,15509,4124400,Santo Antônio do Sudoeste
PR,78590,57.1367848338009,75.21398487387347,18.07720004007257,32125,4124103,Santo Antônio da Platina
PR,78611,45.99341383095499,53.59056806002144,7.597154229066447,2358,4124202,Santo Antônio do Caiuá
PR,78638,14.85748938750758,84.7247990105133,69.86730962300571,2247,4124301,Santo Antônio do Paraíso
PR,78654,49.609375,53.485023041474655,3.875648041474655,4802,4124509,Santo Inácio
PR,78670,62.98472385428907,66.59979939819458,3.6150755439055047,5076,4124608,São Carlos do Ivaí
PR,78697,22.1435468297393,32.30252100840336,10.15897417866406,8538,4124707,São Jerônimo da Serra
PR,78719,25.407119181438247,52.57309941520468,27.165980233766433,9176,4124806,São João
PR,78735,44.50867052023121,47.31121281464531,2.8025422944140956,4585,4124905,São João do Caiuá
PR,78751,35.04985860991219,26.12883804936785,-8.921020560544342,9056,4125001,São João do Ivaí
PR,78778,16.550143266475644,58.05029197950185,41.500148713026206,11622,4125100,São João do Triunfo
PR,78794,34.00380538189725,70.84647739221872,36.842672010321465,4820,4125308,São Jorge do Ivaí
PR,78816,31.614105949976697,57.89304641079171,26.278940460815015,8006,4125209,São Jorge d'Oeste
PR,78832,28.64803838554897,59.38461538461539,30.73657699906642,4737,4125407,São José da Boa Vista
PR,78859,48.01994813997073,66.25925417296096,18.239306032990235,227009,4125506,São José dos Pinhais
PR,78875,39.04773250734652,56.004461519395214,16.956729012048697,34022,4125605,São Mateus do Sul
PR,78891,36.08593290170688,48.43646041250832,12.350527510801435,21857,4125704,São Miguel do Iguaçu
PR,78913,22.284935772674192,42.961212837172674,20.676277064498482,6943,4125803,São Pedro do Ivaí
PR,78930,76.02427921092564,62.5,-13.524279210925641,2695,4125902,São Pedro do Paraná
PR,78956,50.23832221163013,75.87221521647751,25.633893004847387,6561,4126009,São Sebastião da Amoreira
PR,78972,60.08438818565401,58.55855855855856,-1.5258296270954474,4816,4126108,São Tomé
PR,78999,20.246305418719214,78.61042183622828,58.36411641750907,5485,4126207,Sapopema
PR,79014,23.279618931792847,22.781034660084337,-0.49858427170850916,13756,4126306,Sengés
PR,79030,30.208333333333332,64.83635380037869,34.62802046704536,4818,4126405,Sertaneja
PR,79057,59.01355344950576,50.24749868351764,-8.766054765988116,13311,4126504,Sertanópolis
PR,79073,35.69241851251576,61.62090345438441,25.928484941868653,16432,4126603,Siqueira Campos
PR,79090,63.474387527839646,53.11148086522463,-10.362906662615018,4157,4126702,Tamboara
PR,79111,58.97494046944098,62.69272793492777,3.7177874654867864,11635,4126801,Tapejara
PR,79138,14.463705308775731,40.961408259986456,26.497702951210726,8082,4127007,Teixeira Soares
PR,79154,22.074517880546715,54.30082608577115,32.226308205224434,51913,4127106,Telêmaco Borba
PR,79170,17.079944455465185,32.61413383364603,15.534189378180844,13355,4127205,Terra Boa
PR,79197,59.20660398991057,71.34684147794994,12.140237488039368,11783,4127304,Terra Rica
PR,79219,39.699903194578894,48.06739345887017,8.367490264291277,13332,4127403,Terra Roxa
PR,79235,28.469345484672743,56.02125147579693,27.551905991124187,14864,4127502,Tibagi
PR,79251,38.19921215531795,55.2653748946925,17.066162739374548,13059,4127601,Tijucas do Sul
PR,79278,64.43590379370195,62.79878842434343,-1.6371153693585256,107766,4127700,Toledo
PR,79294,48.17035352491214,71.87627187627187,23.705918351359735,6647,4127809,Tomazina
PR,79316,35.32544378698225,49.9900139804274,14.664570193445151,6721,4127908,Tuneiras do Oeste
PR,79332,32.91018291018291,82.95209622470972,50.04191331452681,19130,4128005,Ubiratã
PR,79359,50.39856516540454,56.844929468503615,6.446364303099074,82990,4128104,Umuarama
PR,79375,63.7490882567469,72.22667054884262,8.477582292095718,40641,4128203,União da Vitória
PR,79391,35.49939831528279,49.16167664670659,13.6622783314238,2155,4128302,Uniflor
PR,79413,38.88032078963603,53.16289741068502,14.282576621048989,8555,4128401,Uraí
PR,79430,39.89113530326594,66.33296626288917,26.441830959623232,14548,4128500,Wenceslau Braz
PR,79456,18.806699232379625,34.743258219431105,15.93655898705148,6888,4128609,Verê
PR,79472,48.06474313863477,54.79956663055255,6.73482349191778,5942,4128708,Vitorino
PR,79499,40.866336633663366,48.37137727622467,7.505040642561305,5372,4128807,Xambrê
PR,79510,30.570476014076682,51.650763358778626,21.080287344701944,14510,4100509,Altônia
PR,79537,49.17821923681578,58.778093387153035,9.599874150337257,27256,4102000,Assis Chateaubriand
PR,79553,37.7185964110184,48.953946474663766,11.235350063645363,23208,4120903,Quedas do Iguaçu
PR,79570,64.9286338479464,59.98217468805704,-4.946459159889358,8788,4105300,Céu Azul
PR,79596,31.58730158730159,61.436619718309856,29.849318131008268,4758,4108700,Grandes Rios
PR,79618,20.4252352736145,35.294117647058826,14.868882373444325,3803,4110409,Indianópolis
PR,79634,47.59022332278626,45.41742488127469,-2.172798441511567,35293,4115705,Matinhos
PR,79650,32.86811779769526,55.89906196327124,23.030944165575974,9631,4116703,Nova Aurora
PR,79677,41.68219323928666,62.39865809337434,20.716464854087675,4854,4117206,Nova Olímpia
PR,79693,41.366749235028415,26.8141592920354,-14.552589942993016,9508,4118907,Pérola
PR,79715,26.19235197866796,54.41195008193622,28.219598103268257,21071,4123501,Santa Helena
PR,79731,48.78721058434399,54.131736526946106,5.344525942602118,4694,4126900,Tapira
PR,79758,31.292517006802722,62.944162436548226,31.651645429745503,5989,4115002,Marilena
PR,79774,29.367945823927766,42.88787951231174,13.519933688383976,6100,4108320,Francisco Alves
PR,79790,53.97018030513176,66.08574416172883,12.115563856597063,7055,4117222,Nova Santa Rosa
PR,79812,46.72841939298384,36.73989799921538,-9.988521393768458,7107,4103057,Boa Vista da Aparecida
PR,79839,29.57579353307624,63.21517412935324,33.63938059627699,4330,4103354,Braganey
PR,79855,35.77414205905826,59.711155378486055,23.93701331942779,13247,4103453,Cafelândia
PR,79871,36.21393384940183,68.18115198592994,31.96721813652811,9120,4127858,Três Barras do Paraná
PR,79898,47.1788946658964,58.306451612903224,11.127556947006823,6593,4128559,Vera Cruz do Oeste
PR,79910,55.54368153887256,70.00272702481593,14.459045485943363,4649,4120358,Pranchita
PR,79936,63.19118547235258,57.618651124063284,-5.572534348289295,6257,4127957,Tupãssi
PR,79952,37.71278917503274,42.527568195008705,4.8147790199759655,8864,4117255,Nova Prata do Iguaçu
PR,79979,21.91756589421546,37.11782585374576,15.200259959530296,7384,4112751,Jesuítas
PR,79995,12.988966900702106,59.54741927281973,46.55845237211763,5235,4125357,São Jorge do Patrocínio
PR,84514,21.386079714455683,51.7327897130312,30.34670999857552,9117,4104451,Cantagalo
PR,84530,8.053839364518977,20.43391631613903,12.380076951620053,11863,4127965,Turvo
PR,84557,20.464054773678203,70.48799380325329,50.02393902957509,3441,4100459,Altamira do Paraná
PR,84573,56.85016556291391,71.21516164994426,14.364996087030356,6360,4107751,Figueira
PR,84590,13.73033014501697,24.286172601860763,10.555842456843793,4235,4113759,Lunardelli
PR,84611,34.37000924602841,49.6911188825833,15.321109636554887,72031,4126256,Sarandi
PR,84638,59.637665894249,85.9879242140329,26.350258319783904,6202,4112959,Juranda
PR,84654,38.895304080061585,55.13185353822804,16.236549458166458,6988,4107256,Douradina
PR,84670,40.43478260869565,67.52023444041306,27.085451831717414,18871,4124053,Santa Terezinha de Itaipu
PR,84697,54.18531192419058,65.14116282067809,10.955850896487512,9671,4116059,Missal
PR,84719,31.984732824427482,41.4059482425647,9.421215418137216,3463,4125456,São José das Palmeiras
RJ,58009,44.19881520011559,46.72501614176053,2.5262009416449374,19085,3304151,Quissamã
RJ,58017,34.964168328034916,53.37672475631883,18.412556428283914,136830,3300100,Angra dos Reis
RJ,58025,54.79164090515643,62.53943217665615,7.747791271499722,10505,3304128,Quatis
RJ,58033,42.958547067794264,63.95385448545988,20.995307417665614,111249,3300209,Araruama
RJ,58041,73.32539433824297,69.22073564568217,-4.104658692560804,346129,3300456,Belford Roxo
RJ,58050,42.123890225898435,37.02321290024953,-5.100677325648903,69309,3300308,Barra do Piraí
RJ,58068,53.02804808242702,50.98100280286515,-2.047045279561871,12616,3301157,Cardoso Moreira
RJ,58076,57.349169233304835,54.21871153496238,-3.130457698342454,133743,3300407,Barra Mansa
RJ,58084,52.499592900179124,60.604629192253185,8.105036292074061,8788,3306156,Varre-Sai
RJ,58092,62.88055426020918,60.905735910427225,-1.9748183497819554,22628,3300506,Bom Jardim
RJ,58106,51.75919689534623,46.993567633075415,-4.765629262270814,44941,3301850,Guapimirim
RJ,58114,60.001831837332844,57.464561702934624,-2.53727013439822,28469,3300605,Bom Jesus do Itabapoana
RJ,58122,38.08489418965258,59.66688857025809,21.581994380605508,104568,3304144,Queimados
RJ,58130,45.051475761952375,55.33669978288045,10.285224020928077,179136,3300704,Cabo Frio
RJ,58149,51.70582226762002,45.67308619127484,-6.032736076345181,76652,3302270,Japeri
RJ,58157,64.6390028879769,50.400313026727666,-14.238689861249235,46722,3300803,Cachoeiras de Macacu
RJ,58165,32.68046122255568,67.91092598526113,35.23046476270545,8032,3300951,Comendador Levy Gasparian
RJ,58173,49.81868600682594,61.663090128755364,11.844404121929422,12296,3300902,Cambuci
RJ,58181,41.74731539175394,58.77113721440558,17.023821822651634,10135,3300159,Aperibé
RJ,58190,46.22617438162881,55.722029356233634,9.495854974604825,370142,3301009,Campos dos Goytacazes
RJ,58203,48.90487730990609,47.9129002450685,-0.9919770648375916,107503,3304524,Rio das Ostras
RJ,58211,61.46060553180351,54.12877409967261,-7.3318314321308975,15148,3301108,Cantagalo
RJ,58220,47.56281752025264,52.799357085454055,5.2365395652014115,10270,3300225,Areal
RJ,58238,59.68400980659221,47.24599925567547,-12.438010550916736,14237,3301207,Carmo
RJ,58246,59.59231731547575,56.35148042024833,-3.2408368952274245,18820,3303955,Pinheiral
RJ,58254,48.41522723461345,54.819230471471705,6.404003236858259,35993,3301306,Casimiro de Abreu
RJ,58262,43.3983866770752,59.9721059972106,16.573719320135396,30569,3301876,Iguaba Grande
RJ,58270,35.6786703601108,33.903133903133906,-1.7755364569768943,16680,3301405,Conceição de Macabu
RJ,58289,45.53158999809124,44.66445825734172,-0.8671317407495209,39903,3304755,São Francisco de Itabapoana
RJ,58297,59.61007182887363,49.66324567030148,-9.94682615857215,16926,3301504,Cordeiro
RJ,58300,43.73716632443532,42.144735560533746,-1.5924307639015751,13468,3300936,Carapebus
RJ,58319,71.98287396307198,37.921870847727874,-34.06100311534411,10314,3301603,Duas Barras
RJ,58327,58.213875047911074,57.755528989838616,-0.45834605807245765,17925,3304110,Porto Real
RJ,58335,30.297531881465417,30.44358904662113,0.14605716515571388,634424,3301702,Duque de Caxias
RJ,58343,51.988140913847225,56.80994303469705,4.821802120849824,7636,3305133,São José de Ubá
RJ,58351,50.58711896572174,47.54079117267285,-3.0463277930488957,11116,3301801,Engenheiro Paulo de Frontin
RJ,58360,61.25293657008614,58.543926106585026,-2.709010463501116,26468,3305752,Tanguá
RJ,58378,53.08303734752972,60.406514120799834,7.323476773270116,177799,3301900,Itaboraí
RJ,58386,68.54838709677419,69.42552819975555,0.877141102981355,7132,3302452,Macuco
RJ,58394,59.76271689159128,53.205683221438406,-6.557033670152876,100476,3302007,Itaguaí
RJ,58408,49.25428611253078,54.80136907279929,5.547082960268511,36235,3300233,Armação dos Búzios
RJ,58416,57.214066234209625,59.309579925135175,2.09551369092555,19120,3302106,Itaocara
RJ,58424,65.86676133002011,55.31015380129747,-10.556607528722644,60965,3305554,Seropédica
RJ,58432,71.91962218723955,53.38773676723815,-18.5318854200014,76037,3302205,Itaperuna
RJ,58440,59.2314749851584,70.69937369519833,11.467898710039933,26584,3302254,Itatiaia
RJ,58459,40.00375093773443,32.31636222308589,-7.687388714648542,6943,3302304,Laje do Muriaé
RJ,58467,47.379740700351384,65.45042433187497,18.070683631523586,136269,3302858,Mesquita
RJ,58475,29.690085020923462,34.77820710973725,5.08812208881379,185779,3302403,Macaé
RJ,58491,50.53392499284283,62.74690366563158,12.21297867278875,192848,3302502,Magé
RJ,58513,55.74062625013638,53.82322779130881,-1.91739845882757,46501,3302601,Mangaratiba
RJ,58530,35.618601001419925,34.610537114384115,-1.00806388703581,185451,3302700,Maricá
RJ,58556,44.97078094563485,42.61595715712081,-2.3548237885140395,14878,3302809,Mendes
RJ,58572,51.69436776883773,55.35873440285205,3.6643666340143213,24781,3302908,Miguel Pereira
RJ,58599,52.07381920550516,46.49269043344447,-5.581128772060687,21055,3303005,Miracema
RJ,58610,57.30615766202955,36.881104749073764,-20.425052912955785,12453,3303104,Natividade
RJ,58637,63.645096218500846,54.47208293424982,-9.173013284251027,128605,3303203,Nilópolis
RJ,58653,37.663482781452615,41.27574145881366,3.612258677361048,411131,3303302,Niterói
RJ,58670,55.950682116559165,51.50265792462374,-4.448024191935424,155248,3303401,Nova Friburgo
RJ,58696,61.679794278783724,57.27564871921737,-4.404145559566352,614733,3303500,Nova Iguaçu
RJ,58718,65.92787827962142,53.313178166155886,-12.614700113465538,33690,3303609,Paracambi
RJ,58734,55.4561569856124,44.551681195516814,-10.904475790095589,34301,3303708,Paraíba do Sul
RJ,58750,41.04579050208139,44.13012729844413,3.0843367963627415,35457,3303807,Paraty
RJ,58777,46.12202625727253,49.75129082896753,3.6292645716949963,239323,3303906,Petrópolis
RJ,58793,60.81674385036386,62.26539151225344,1.4486476618895736,23699,3304003,Piraí
RJ,58815,33.187328104308854,46.906880833514215,13.719552729205361,13292,3304102,Porciúncula
RJ,58831,63.86127743049964,79.17031802120141,15.30904059070177,98018,3304201,Resende
RJ,58858,48.03815694744421,48.5062449936215,0.46808804617729294,45410,3304300,Rio Bonito
RJ,58874,42.10623556581986,58.7172871360118,16.61105157019194,14700,3304409,Rio Claro
RJ,58890,35.861392611964696,37.97015853279453,2.108765920829832,8711,3304508,Rio das Flores
RJ,58912,63.457462912503786,33.89210606522402,-29.565356847279766,8846,3304607,Santa Maria Madalena
RJ,58939,57.44525860221965,49.21384962783307,-8.231408974386582,33702,3304706,Santo Antônio de Pádua
RJ,58955,53.731808269170855,67.2109842920104,13.479176022839539,30178,3304805,São Fidélis
RJ,58971,51.18696593071074,48.92296117279588,-2.2640047579148614,652951,3304904,São Gonçalo
RJ,58998,58.34425590704595,45.155331137042396,-13.188924770003553,43094,3305000,São João da Barra
RJ,59013,63.58853951099128,40.89205474913548,-22.6964847618558,340086,3305109,São João de Meriti
RJ,59030,43.40459224069675,59.474818006239786,16.070225765543036,74910,3305208,São Pedro da Aldeia
RJ,59056,46.957671957671955,54.462563563037,7.504891605365046,7793,3305307,São Sebastião do Alto
RJ,59072,49.32533733133433,50.07845188284519,0.7531145515108548,15785,3305406,Sapucaia
RJ,59099,62.65266433294438,78.33350535985491,15.680841026910528,92058,3305505,Saquarema
RJ,59110,51.161427419945774,56.93040293040293,5.768975510457153,18674,3305604,Silva Jardim
RJ,59137,75.76384318886905,66.65727434958204,-9.106568839287007,14193,3305703,Sumidouro
RJ,59153,51.259021469389616,50.504051734915386,-0.7549697344742299,133592,3305802,Teresópolis
RJ,59170,40.77991790337859,60.50192499643519,19.722007093056604,9269,3305901,Trajano de Moraes
RJ,59196,61.72724033493675,54.479066503807275,-7.248173831129478,62478,3306008,Três Rios
RJ,59218,56.255301102629346,23.953835709436525,-32.30146539319282,56821,3306107,Valença
RJ,59234,56.68938474465503,41.96276696276696,-14.726617781888066,29259,3306206,Vassouras
RJ,59250,51.695214105793454,50.080393638248,-1.6148204675454565,221697,3306305,Volta Redonda
RJ,59277,52.163257611461965,53.97781678902011,1.814559177558145,35242,3300258,Arraial do Cabo
RJ,59293,74.89356669820246,68.04467987102717,-6.848886827175292,11648,3302056,Italva
RJ,59315,54.67361323935029,36.94424249203065,-17.729370747319642,24302,3303856,Paty do Alferes
RJ,59331,65.84125942932108,66.22873505137275,0.3874756220516673,16230,3305158,São José do Vale do Rio Preto
RJ,60011,42.66525423604232,38.99173757354835,-3.6735166624939737,4942710,3304557,Rio de Janeiro
RN,16004,78.3622828784119,72.23656418681061,-6.125718691601293,5580,2414159,Tenente Laurentino Cruz
RN,16012,42.790899869584116,52.14487160457177,9.353971734987653,9368,2400109,Acari
RN,16020,60.75935942305653,63.984206073140925,3.2248466500843946,13225,2413359,Serra do Mel
RN,16039,73.65703960765194,69.30004458314757,-4.356995024504371,45542,2400208,Assú
RN,16047,81.75413022351798,80.92009685230025,-0.8340333712177284,5551,2401859,Caiçara do Norte
RN,16055,27.624730227243873,62.61530790326602,34.99057767602215,10537,2400307,Afonso Bezerra
RN,16063,66.45812597753448,74.3785084202085,7.9203824426740255,9650,2412559,São Miguel do Gostoso
RN,16071,68.47267631947688,63.547008547008545,-4.92566777246833,3009,2400406,Água Nova
RN,16080,82.15182538149507,67.22182849043232,-14.929996891062757,7286,2404853,Itajá
RN,16098,49.750849377123444,53.069126523175036,3.3182771460515923,11794,2400505,Alexandria
RN,16101,71.15671641791045,72.91220556745182,1.7554891495413756,3784,2401651,Bodó
RN,16110,24.675636713118692,28.10298761233908,3.4273508992203894,5165,2400604,Almino Afonso
RN,16128,59.829320329167935,80.82390484479258,20.994584515624645,4238,2414456,Triunfo Potiguar
RN,16136,61.54939587775409,72.2761970853574,10.726801207603309,12059,2400703,Alto do Rodrigues
RN,16144,40.36992360273422,86.21323529411765,45.843311691383434,3409,2403756,Fernando Pedroza
RN,16152,32.076190476190476,62.997213073220166,30.92102259702969,10218,2400802,Angicos
RN,16160,6.799531066822977,69.89028850060951,63.090757433786536,3211,2407252,Major Sales
RN,16179,72.34358430540827,76.1184625078765,3.77487820246823,5909,2400901,Antônio Martins
RN,16187,59.936686598663385,77.17469446441409,17.238007865750703,3918,2414753,Venha-Ver
RN,16195,33.676612974210016,53.863245713327466,20.18663273911745,30214,2401008,Apodi
RN,16209,66.75883256528418,62.91051521542634,-3.848317349857844,4196,2413557,Serrinha dos Pintos
RN,16217,40.21992669110296,71.66569029486429,31.44576360376133,22032,2401107,Areia Branca
RN,16225,62.386980108499095,73.3125,10.925519891500905,9237,2411056,Tibau
RN,16233,70.99328214971209,75.55944493061632,4.566162780904236,11505,2401206,Arez
RN,16241,40.24390243902439,45.3687165093136,5.1248140702892115,5114,2409332,Santa Maria
RN,16250,47.949434073203,68.94869140913795,20.99925733593495,8813,2401305,Campo Grande
RN,16268,64.54933467235752,76.9802856805572,12.430951008199685,10981,2408953,Rio do Fogo
RN,16276,69.13556740289414,73.51555136663525,4.379983963741111,7402,2401404,Baía Formosa
RN,16284,65.42432636615462,35.535483870967745,-29.88884249518687,5102,2410256,Porto do Mangue
RN,16292,68.114731272626,76.68148971650918,8.566758443883174,4679,2401503,Barcelona
RN,16306,59.66132446325975,87.96445880452343,28.30313434126368,4775,2406155,Jundiá
RN,16314,40.98444274419791,57.22350526045676,16.239062516258855,4925,2401602,Bento Fernandes
RN,16330,64.25299246342544,77.28706624605678,13.034073782631339,9081,2401701,Bom Jesus
RN,16357,34.33890474249219,67.43499648629655,33.096091743804365,10102,2401800,Brejinho
RN,16373,58.30365814179346,72.68163024217365,14.377972100380191,4194,2401909,Caiçara do Rio do Vento
RN,16390,58.234211064675456,63.56654791800502,5.332336853329565,45030,2402006,Caicó
RN,16411,61.983855945358584,65.0990099009901,3.115153955631513,8619,2402105,Campo Redondo
RN,16438,62.64124703019065,70.13657752783197,7.495330497641326,24685,2402204,Canguaretama
RN,16454,62.36001092597651,67.30143985137018,4.941428925393666,18974,2402303,Caraúbas
RN,16470,38.88635326335007,66.65218335867912,27.765830095329058,6324,2402402,Carnaúba dos Dantas
RN,16497,53.980868285504044,63.21623731459797,9.235369029093924,8684,2402501,Carnaubais
RN,16519,56.097446927896755,64.3379738996812,8.240526971784448,60279,2402600,Ceará-Mirim
RN,16535,64.745366992558,71.4306049822064,6.6852379896483995,9719,2402709,Cerro Corá
RN,16551,36.64921465968586,83.90076537344946,47.2515507137636,4897,2402808,Coronel Ezequiel
RN,16578,69.01639344262296,83.7983193277311,14.781925885108137,4073,2402907,Coronel João Pessoa
RN,16594,66.95100178536005,72.21559268098648,5.2645908956264265,6954,2403004,Cruzeta
RN,16616,59.74490455466023,31.659181739524534,-28.085722815135696,32921,2403103,Currais Novos
RN,16632,66.61777032690696,81.94996028594122,15.332189959034253,6324,2403202,Doutor Severiano
RN,16659,50.75599582898853,46.237702738633345,-4.518293090355186,5141,2403301,Encanto
RN,16675,49.267605633802816,50.541516245487365,1.273910611684549,4769,2403400,Equador
RN,16691,61.392070484581495,84.99564838990426,23.603577905322766,7959,2403509,Espírito Santo
RN,16713,55.18830959295625,68.77342419080068,13.58511459784443,39503,2403608,Extremoz
RN,16730,61.114165292285136,71.68771118619954,10.5735458939144,7070,2403707,Felipe Guerra
RN,16756,73.69816027439975,74.10967538606997,0.41151511167021226,8396,2403806,Florânia
RN,16772,57.38816086760054,48.39537869062901,-8.99278217697153,2866,2403905,Francisco Dantas
RN,16799,80.55425082198215,78.0564263322884,-2.4978244896937554,2857,2404101,Galinhos
RN,16810,50.05052418845522,78.6028364402056,28.552312251750386,22259,2404200,Goianinha
RN,16837,49.05946956420143,60.78100382624353,11.721534262042098,12132,2404309,Governador Dix-Sept Rosado
RN,16853,67.76930821228247,72.58485639686684,4.815548184584372,9557,2404408,Grossos
RN,16870,33.95616868942635,81.88115202333212,47.92498333390577,15624,2404507,Guamaré
RN,16896,68.73079112122937,71.20521172638436,2.4744206051549895,11530,2404606,Ielmo Marinho
RN,16918,49.62889658584859,64.91977495311524,15.29087836726665,12911,2404705,Ipanguaçu
RN,16934,25.149342891278376,68.92045454545455,43.77111165417617,2185,2404804,Ipueira
RN,16950,44.74805715718225,72.82051282051282,28.072455663330565,5188,2404903,Itaú
RN,16977,64.12705464238117,77.60577915376678,13.478724511385607,6322,2405009,Jaçanã
RN,16993,51.34148959004078,39.189189189189186,-12.152300400851594,6396,2405108,Jandaíra
RN,17019,26.32183908045977,22.651006711409394,-3.670832369050377,4470,2405207,Janduís
RN,17051,64.75409836065573,45.77668821038556,-18.977410150270174,5744,2405405,Japi
RN,17078,74.89677952105698,83.71005455962587,8.81327503856889,3154,2405504,Jardim de Angicos
RN,17094,43.09886391104665,46.85767097966728,3.7588070686206336,11094,2405603,Jardim de Piranhas
RN,17116,32.88025889967638,62.458383273405246,29.57812437372887,10313,2405702,Jardim do Seridó
RN,17132,57.79691749773345,64.85216648474206,7.0552489870086035,27694,2405801,João Câmara
RN,17159,58.360258481421646,84.52914798206278,26.168889500641136,3079,2405900,João Dias
RN,17175,19.099756690997566,32.208193764493686,13.10843707349612,5250,2406007,José da Penha
RN,17191,55.47995139732685,68.58374078064142,13.10378938331457,15421,2406106,Jucurutu
RN,17213,62.13411389036722,66.00105097214924,3.8669370817820266,4715,2407609,Messias Targino
RN,17230,51.86425541415495,67.34909244406923,15.484837029914281,6392,2406205,Lagoa d'Anta
RN,17256,45.183365502719774,87.63148965049203,42.448124147772255,7692,2406304,Lagoa de Pedras
RN,17272,29.292139225655063,67.49034749034749,38.198208264692425,3313,2406403,Lagoa de Velhos
RN,17299,38.35141483055587,49.94049551011577,11.589080679559899,12875,2406502,Lagoa Nova
RN,17310,38.17491563554556,84.33491857616372,46.160002940618156,9612,2406601,Lagoa Salgada
RN,17337,83.28615907161053,82.19215525488588,-1.0940038167246513,9478,2406700,Lajes
RN,17353,57.51031303081776,69.68124536693847,12.170932336120707,5228,2406809,Lajes Pintadas
RN,17370,74.4718940207662,67.72413793103448,-6.747756089731723,3465,2406908,Lucrécia
RN,17396,23.75874125874126,68.20877817319098,44.45003691444972,7356,2407005,Luís Gomes
RN,17418,38.641999801606985,70.6008477917981,31.958847990191117,54336,2407104,Macaíba
RN,17434,57.469849864632046,56.44909918334268,-1.020750681289364,22528,2407203,Macau
RN,17450,47.68670309653916,55.480453050785535,7.793749954246373,7027,2407302,Marcelino Vieira
RN,17477,68.83489573369046,30.62768701633706,-38.207208717353396,7608,2407401,Martins
RN,17493,57.96330763094922,78.96329928111994,20.999991650170728,10437,2407500,Maxaranguape
RN,17515,12.568807339449542,9.11221799003809,-3.456589349411452,4171,2404002,Frutuoso Gomes
RN,17531,37.03322552190532,71.9784885366544,34.945263014749074,9621,2407708,Montanhas
RN,17558,54.394485351715495,85.13996889580093,30.745483544085438,17266,2407807,Monte Alegre
RN,17574,85.31098367887076,90.63504823151125,5.324064552640493,3052,2407906,Monte das Gameleiras
RN,17590,31.491045182964115,65.37610696664969,33.88506178368557,187604,2408003,Mossoró
RN,17612,46.292744682157654,58.00650327015236,11.713758587994704,570792,2408102,Natal
RN,17639,70.33633523249402,84.46076536528798,14.124430132793961,23401,2408201,Nísia Floresta
RN,17655,41.32231404958678,70.3585374511892,29.036223401602427,27945,2408300,Nova Cruz
RN,17671,55.95839524517088,59.51124687586781,3.552851630696935,4686,2408409,Olho d'Água do Borges
RN,17698,47.024471635150164,76.79929783499122,29.77482619984106,4578,2408508,Ouro Branco
RN,17710,10.154798761609907,88.62015503875969,78.46535627714978,4235,2408607,Paraná
RN,17736,72.58420762009939,63.12897628687102,-9.455231333228369,4339,2408706,Paraú
RN,17752,77.18696397941682,61.950646298472385,-15.236317680944431,5531,2408805,Parazinho
RN,17779,21.219765543849235,66.97670721043008,45.75694166658084,17459,2408904,Parelhas
RN,17795,48.33535050813594,66.89101494419104,18.555664436055103,147053,2403251,Parnamirim
RN,17817,74.5506928248045,80.80304421991865,6.252351395114147,10054,2409100,Passa e Fica
RN,17833,47.808896210873144,88.26907301066448,40.46017679979134,4547,2409209,Passagem
RN,17850,29.982760907041506,38.18394997394476,8.201189066903257,9944,2409308,Patu
RN,17876,50.78850855745721,57.03934405389945,6.250835496442235,21143,2409407,Pau dos Ferros
RN,17892,87.35808530223996,86.34651600753295,-1.0115692947070016,4340,2409506,Pedra Grande
RN,17914,74.4168547780286,64.16950435111616,-10.247350426912433,3295,2409605,Pedra Preta
RN,17930,23.901728086612533,77.5144138372838,53.61268575067126,6554,2409704,Pedro Avelino
RN,17957,65.44800371402043,66.62790697674419,1.1799032627237551,11912,2409803,Pedro Velho
RN,17973,31.494578029231494,58.261761312652226,26.76718328342073,10927,2409902,Pendências
RN,17990,17.945906432748536,22.71901126862959,4.773104835881053,3574,2410009,Pilões
RN,18015,60.58714748035136,67.98561151079137,7.39846403044001,11674,2410108,Poço Branco
RN,18031,52.10978342046303,58.016877637130804,5.9070942166677725,6895,2410207,Portalegre
RN,18058,52.53876558224384,83.09838472834068,30.559619146096836,9064,2410306,Serra Caiada
RN,18074,66.74330760387585,64.5651173492867,-2.178190254589154,8502,2410405,Pureza
RN,18090,62.98785215818041,62.082087523783635,-0.9057646343967747,4932,2410504,Rafael Fernandes
RN,18112,83.45446772124839,64.4770959377701,-18.97737178347829,2759,2410702,Riacho da Cruz
RN,18139,75.56068601583114,79.46037099494097,3.8996849791098356,3843,2410801,Riacho de Santana
RN,18155,43.127962085308056,62.206871477913104,19.07890939260505,6908,2410900,Riachuelo
RN,18171,29.11832946635731,78.46195213767142,49.34362267131411,4641,2411007,Rodolfo Fernandes
RN,18198,47.75107825015404,86.7619639527657,39.01088570261166,4187,2411106,Ruy Barbosa
RN,18210,29.493384962891255,46.700167504187604,17.20678254129635,4097,2411908,São Francisco do Oeste
RN,18236,44.85241910944315,60.511335754244776,15.658916644801629,27655,2411205,Santa Cruz
RN,18252,51.05566218809981,62.21786064769382,11.16219845959401,2634,2411429,Santana do Seridó
RN,18279,52.54715915508867,65.16106026387733,12.61390110878866,11145,2411403,Santana do Matos
RN,18295,21.484013387452823,60.63814462690867,39.15413123945585,19111,2411502,Santo Antônio
RN,18317,69.21807984163642,85.97156398104265,16.753484139406225,4258,2411601,São Bento do Norte
RN,18333,68.40978593272172,81.70992366412214,13.300137731400426,4458,2411700,São Bento do Trairí
RN,18350,71.4479484571041,51.4228987425546,-20.025049714549503,3720,2411809,São Fernando
RN,18376,50.240045184976,66.90243110723866,16.662385922262658,77507,2412005,São Gonçalo do Amarante
RN,18392,37.70066100094429,67.55077658303465,29.85011558209036,5308,2412104,São João do Sabugi
RN,18414,54.18595920410462,73.39667458432304,19.210715380218417,35785,2412203,São José de Mipibu
RN,18430,70.83657083657084,52.92170591979631,-17.914864916774533,10539,2412302,São José do Campestre
RN,18457,37.21709974853311,64.73551637279597,27.518416624262862,4515,2412401,São José do Seridó
RN,18473,53.364697975300345,58.71757925072046,5.352881275420117,19462,2412500,São Miguel
RN,18490,44.88694519400763,59.70762905436272,14.82068386035509,14676,2412609,São Paulo do Potengi
RN,18511,70.6449668474985,74.82255520504732,4.177588357548828,6473,2412708,São Pedro
RN,18538,66.79349705984089,51.841508116599755,-14.951988943241133,7520,2412807,São Rafael
RN,18554,70.01661129568106,76.31278538812785,6.29617409244679,9586,2412906,São Tomé
RN,18570,38.332911071700025,54.107099588078505,15.77418851637848,5396,2413003,São Vicente
RN,18597,65.18137035378415,74.12060301507537,8.939232661291229,5748,2413102,Senador Elói de Souza
RN,18619,34.118852459016395,83.19479580773401,49.075943348717615,3761,2413201,Senador Georgino Avelino
RN,18635,38.016147635524796,61.64412510566357,23.627977470138774,6185,2413300,Serra de São Bento
RN,18651,75.48728813559322,70.46576518566216,-5.021522949931054,6262,2413409,Serra Negra do Norte
RN,18678,63.593932322053675,80.24357239512855,16.649640073074877,7068,2413508,Serrinha
RN,18694,41.82424916573971,69.48804185351271,27.663792687773004,6813,2413607,Severiano Melo
RN,18716,65.33298236377995,80.11218765935747,14.779205295577526,5161,2413706,Sítio Novo
RN,18732,24.581939799331103,66.94560669456067,42.363666895229564,2762,2413805,Taboleiro Grande
RN,18759,57.69656699889258,67.66267440424744,9.966107405354862,10547,2413904,Taipu
RN,18775,47.46747211895911,64.23524048324596,16.76776836428685,12583,2414001,Tangará
RN,18791,42.59171033825631,54.43796310893899,11.846252770682675,8199,2414100,Tenente Ananias
RN,18813,68.26209635280594,76.61602621388144,8.3539298610755,13647,2414209,Tibau do Sul
RN,18830,71.55576382380507,82.52212389380531,10.966360070000249,2747,2414308,Timbaúba dos Batistas
RN,18856,58.39670313496541,77.47482642880132,19.078123293835908,28140,2414407,Touros
RN,18872,53.507837467660934,53.36962919364332,-0.13820827401761449,8841,2414506,Umarizal
RN,18899,58.57236698051237,79.00759277082665,20.435225790314277,12260,2414605,Upanema
RN,18910,69.38620863854509,83.54114713216957,14.154938493624485,5582,2414704,Várzea
RN,18937,22.98611111111111,19.193989071038253,-3.792122040072858,3667,2410603,Rafael Godeiro
RN,18953,67.32838114754098,78.1725888324873,10.844207684946326,11416,2414803,Vera Cruz
RN,18970,82.53094910591471,76.32293080054274,-6.208018305371979,1958,2414902,Viçosa
RN,18996,75.47169811320755,94.03453689167975,18.562838778472198,3253,2415008,Vila Flor
RN,30031,55.61145510835913,71.44132880871584,15.829873700356707,22038,2401453,Baraúna
RO,19,64.8455015108685,52.2196708763873,-12.625830634481204,28924,1100106,Guajará-Mirim
RO,35,62.17446308967058,50.11974400821521,-12.054719081455374,367053,1100205,Porto Velho
RO,51,66.26067933898956,76.33648678907299,10.075807450083431,97933,1100122,Ji-Paraná
RO,78,21.573296818876386,53.00098083597405,31.42768401709766,72511,1100023,Ariquemes
RO,94,30.00662397880327,38.66837143620472,8.661747457401454,69972,1100049,Cacoal
RO,116,37.89326134357803,70.03593890386344,32.14267756028541,27485,1100189,Pimenta Bueno
RO,132,25.43479625792679,72.08322359757703,46.64842733965024,71590,1100304,Vilhena
RO,159,31.770354479517827,79.9174099768748,48.147055497356966,41256,1100114,Jaru
RO,175,52.745327102803735,66.77912188539207,14.033794782588338,28281,1100155,Ouro Preto do Oeste
RO,191,66.35289938726578,67.63438022345386,1.2814808361880807,15677,1100254,Presidente Médici
RO,213,59.29612000576951,73.12600850814141,13.829888502371901,9103,1100080,Costa Marques
RO,230,45.56677890011223,72.71095152603232,27.144172625920085,13477,1100064,Colorado do Oeste
RO,256,63.24752475247525,63.75296088739962,0.5054361349243663,23348,1100098,Espigão D'Oeste
RO,272,58.53832805961009,79.67876385076751,21.140435791157422,13276,1100056,Cerejeiras
RO,299,65.12996914784212,55.21294778331996,-9.917021364522157,41088,1100288,Rolim de Moura
RO,310,63.02655511094944,70.791134595626,7.764579484676567,18187,1100015,Alta Floresta D'Oeste
RO,337,61.92504258943782,56.92177487607302,-5.003267713364799,11029,1100346,Alvorada D'Oeste
RO,353,57.295373665480426,59.3768604881921,2.0814868227116747,6813,1100296,Santa Luzia D'Oeste
RO,370,56.389214536928485,62.747726184777406,6.358511647848921,13407,1100148,Nova Brasilândia D'Oeste
RO,396,46.41847892861531,76.69299277432364,30.274513845708334,25006,1100130,Machadinho D'Oeste
RO,418,43.98620040771522,57.21567135793077,13.22947095021555,17090,1100320,São Miguel do Guaporé
RO,434,38.40737133867705,55.622219226102196,17.214847887425144,19454,1100338,Nova Mamoré
RO,450,45.82156973461321,76.51757188498402,30.69600215037081,4949,1100031,Cabixi
RO,477,72.50165697032182,50.24986493787142,-22.251792032450396,20465,1100809,Candeias do Jamari
RO,493,66.45275503429963,44.7561919504644,-21.69656308383523,7204,1101104,Itapuã do Oeste
RO,515,48.19769602378298,60.30357142857143,12.10587540478845,7035,1100502,Novo Horizonte do Oeste
RO,531,42.66075388026608,58.25986968187045,15.59911580160437,3409,1100908,Castanheiras
RO,558,47.80849629130142,61.5835090185055,13.775012727204086,5538,1101807,Vale do Paraíso
RO,566,57.630878438331855,66.62361888362749,8.992740445295631,9186,1101708,Urupá
RO,574,56.14817091915155,71.37952559300874,15.231354673857183,8333,1101302,Mirante da Serra
RO,582,57.1975916803503,68.98558391747123,11.787992237120932,9665,1101500,Seringueiras
RO,590,37.93222088422501,68.95195759958968,31.019736715364665,7587,1101609,Theobroma
RO,604,28.14410480349345,40.591112056134385,12.447007252640937,6153,1101203,Ministro Andreazza
RO,612,45.799962749115295,64.91196550485088,19.11200275573559,7202,1101005,Governador Jorge Teixeira
RO,620,23.162508428860416,64.2618570474282,41.099348618567774,3901,1100601,Cacaulândia
RO,639,43.27402135231317,65.80024333591417,22.526221983601005,12087,1100403,Alto Paraíso
RO,647,34.16770963704631,58.15384615384615,23.986136516799846,3508,1100262,Rio Crespo
RO,655,49.30683918669131,64.02226861517049,14.715429428479176,5751,1100072,Corumbiara
RO,663,24.738436123348016,56.08695652173913,31.348520398391116,10191,1101401,Monte Negro
RO,671,32.02247191011236,71.09021246952281,39.06774055941045,7516,1100700,Campo Novo de Rondônia
RO,680,50.26521848951756,73.4375,23.172281510482442,11176,1100940,Cujubim
RO,698,37.955742887249734,70.50259274032709,32.546849853077354,6627,1101757,Vale do Anari
RO,701,70.92084006462035,51.68461271274748,-19.23622735187287,3875,1101450,Parecis
RO,710,42.53977784449114,48.97665033150764,6.436872487016501,4530,1101484,São Felipe D'Oeste
RO,728,48.57142857142857,71.10647181628393,22.53504324485536,3046,1101476,Primavera de Rondônia
RO,736,48.57007426133671,66.24643553954675,17.676361278210045,8837,1100379,Alto Alegre dos Parecis
RO,744,41.493975903614455,59.162922676755734,17.66894677314128,5350,1101435,Nova União
RO,752,47.98413747521481,63.56513222331048,15.58099474809567,3927,1101559,Teixeirópolis
RO,779,40.47125841532885,79.96855529028126,39.49729687495241,23317,1100452,Buritis
RO,787,47.211155378486055,73.34504979496192,26.13389441647587,2285,1101468,Pimenteiras do Oeste
RO,795,79.72813871347533,83.71829243142916,3.990153717953831,12702,1101492,São Francisco do Guaporé
RO,809,47.44295830055075,73.81360777587193,26.37064947532118,7696,1100924,Chupinguaia
RR,3000,64.66916354556804,69.56251939187092,4.893355846302882,7649,1400233,Caroebe
RR,3018,53.91091373973893,66.36680147331995,12.455887733581022,240595,1400100,Boa Vista
RR,3026,76.3852508563369,60.09381805997655,-16.291432796360347,7593,1400282,Iracema
RR,3034,65.66151202749141,70.12465146793505,4.463139440443641,15259,1400209,Caracaraí
RR,3042,64.35503793894476,68.95155008568312,4.5965121467383625,7631,1400027,Amajari
RR,3050,49.13737330170369,72.98223464694742,23.84486134524373,13408,1400050,Alto Alegre
RR,3069,57.963011657463404,78.74781392095139,20.784802263487983,17613,1400175,Cantá
RR,3077,57.34113328745125,75.74717285945073,18.40603957199948,12329,1400159,Bonfim
RR,3085,62.017875352408375,72.76256200129394,10.744686648885569,23761,1400472,Rorainópolis
RR,3093,81.14691215957039,58.56570307836616,-22.58120908120423,14383,1400308,Mucajaí
RR,3107,42.95837023914969,39.19521202088374,-3.76315821826595,9128,1400704,Uiramutã
RR,3115,36.92126216455323,57.603965183752415,20.682703019199188,9685,1400407,Normandia
RR,3123,51.405797101449274,63.450439146800505,12.044642045351232,9760,1400456,Pacaraima
RR,3131,57.42086752637749,73.55881727292065,16.137949746543157,5727,1400506,São João da Baliza
RS,84735,39.46861763573354,46.56188605108055,7.093268415347012,3213,4301552,Áurea
RS,84743,41.094475993804856,21.689155422288856,-19.405320571516,2549,4321634,Três Arroios
RS,84751,33.93866020984665,68.12106918238993,34.18240897254328,3181,4313359,Nova Roma do Sul
RS,84760,48.36295603367633,47.36177732895733,-1.0011787047190026,4932,4315156,Progresso
RS,84778,38.41138114997036,37.901234567901234,-0.510146582069126,2336,4314555,Pirapó
RS,84786,37.27921833897031,46.60564454614798,9.326426207177668,3370,4310850,Jaboticaba
RS,84794,28.970163618864294,73.97392563978754,45.00376202092325,2437,4318440,São Jorge
RS,84808,47.224126113776556,52.85223367697594,5.628107563199386,1850,4300554,Alto Alegre
RS,84816,43.70587222317892,53.339864624153904,9.633992400974982,14667,4313060,Nova Hartz
RS,84824,45.77235772357724,67.21854304635761,21.446185322780373,3119,4306452,Dois Lajeados
RS,84832,46.64737095996141,57.98146240988672,11.33409144992531,2596,4318051,São Domingos do Sul
RS,84840,62.92051756007394,56.3776493256262,-6.542868234447738,3346,4322152,Tunas
RS,84859,49.756394640682096,59.5223130106851,9.765918370003007,4198,4318424,São João da Urtiga
RS,84867,52.804986642920746,69.75881261595548,16.953825973034732,1395,4309258,Guabiju
RS,84875,33.37616447157083,48.34394904458599,14.967784573015159,3825,4315354,Quinze de Novembro
RS,84883,50.28831562974203,65.41353383458646,15.12521820484443,3822,4306734,Doutor Maurício Cardoso
RS,84891,63.71835443037975,55.754981063724685,-7.963373366655063,8031,4304689,Capela de Santana
RS,84905,36.755485893416925,40.896895362207744,4.141409468790819,3757,4311122,Jaquirana
RS,84913,42.22222222222222,65.23136246786632,23.009140245644097,2018,4322558,Vanini
RS,84921,36.55705996131528,38.26603325415677,1.7089732928414847,5325,4302451,Boqueirão do Leão
RS,84930,28.68565717141429,52.18733916623778,23.501681994823485,2439,4307864,Fagundes Varela
RS,84948,28.917486752460256,36.44681662218834,7.52932986972808,3300,4300059,Água Santa
RS,84956,31.673195299384442,44.067796610169495,12.394601310785053,2147,4320651,Silveira Martins
RS,84964,54.47787610619469,55.64610011641444,1.1682240102197454,3410,4309951,Ibirapuitã
RS,84972,50.446122168840084,56.14739146296972,5.701269294129638,3655,4309753,Ibarama
RS,84980,42.62512918942861,32.43379148508213,-10.19133770434648,8416,4313953,Pantano Grande
RS,84999,53.75395748530077,59.19724770642202,5.443290221121252,5497,4310439,Ipê
RS,85006,22.66633565044687,32.15113583681038,9.484800186363511,5878,4321956,Trindade do Sul
RS,85014,47.97787104158718,65.17098445595855,17.193113414371368,12534,4300109,Agudo
RS,85022,43.827424177701836,42.78238116005233,-1.0450430176495047,2930,4307054,Ernestina
RS,85030,42.16205211726384,42.37323795497581,0.21118583771196597,5799,4300208,Ajuricaba
RS,85049,57.262845849802375,45.29822675980655,-11.964619089995821,2615,4306353,Dezesseis de Novembro
RS,85057,12.424111014744145,40.44134204008106,28.017231025336915,5602,4300307,Alecrim
RS,85065,30.208333333333332,33.30103359173127,3.0927002583979366,3961,4302659,Brochier
RS,85073,23.70240529749732,26.80128737541528,3.0988820779179598,55756,4300406,Alegrete
RS,85081,47.187024835276226,44.583333333333336,-2.6036915019428903,2616,4306973,Erebango
RS,85090,33.42696629213483,44.218608852755196,10.791642560620367,6272,4300505,Alpestre
RS,85103,50.75090626618332,55.609492988133766,4.858586721950445,7421,4306932,Entre-Ijuís
RS,85111,37.187179565274775,38.98890367421451,1.8017241089397373,135963,4300604,Alvorada
RS,85120,54.83409610983982,44.877300613496935,-9.956795496342885,4338,4313037,Nova Esperança do Sul
RS,85138,41.313612434194035,56.43642072213501,15.122808287940977,4872,4300703,Anta Gorda
RS,85146,28.97136797454931,25.727639685574676,-3.2437282889746335,6036,4314159,Paverama
RS,85154,60.20162676137014,74.62410363173721,14.42247687036707,10710,4300802,Antônio Prado
RS,85162,24.284729403653913,24.6755494030109,0.39081999935698875,7779,4321436,Terra de Areia
RS,85170,27.46196957566053,28.087523669261518,0.6255540936009893,6202,4300901,Aratiba
RS,85189,26.58072437077962,35.22623747342848,8.645513102648863,4102,4309555,Harmonia
RS,85197,52.03596373903998,35.25946068434172,-16.77650305469826,17325,4301008,Arroio do Meio
RS,85200,40.08163265306123,51.9280205655527,11.846387912491473,3183,4304101,Campos Borges
RS,85219,28.76513954713007,21.185714285714287,-7.579425261415782,10248,4301107,Arroio dos Ratos
RS,85227,34.08545367258761,52.78528934559221,18.6998356730046,2482,4305157,Cerro Grande
RS,85235,60.960092539039906,62.72016951397166,1.7600769749317564,9941,4301206,Arroio do Tigre
RS,85243,57.67584097859327,53.79229871645274,-3.88354226214053,2098,4310462,Ipiranga do Sul
RS,85251,39.84347520225114,46.810183819915466,6.966708617664324,14461,4301305,Arroio Grande
RS,85260,34.444743210540466,53.4181240063593,18.973380795818834,4895,4311254,Lagoão
RS,85278,68.15514526978674,71.1356719525869,2.9805266828001606,8654,4301404,Arvorezinha
RS,85286,54.03959336543606,44.45637583892618,-9.583217526509884,4871,4307559,Estação
RS,85294,53.08360927152318,63.17152103559871,10.087911764075528,5869,4301503,Augusto Pestana
RS,85308,37.5,41.66788588149232,4.167885881492317,9495,4301057,Arroio do Sal
RS,85316,47.50023260862823,56.085709267607285,8.585476658979054,87800,4301602,Bagé
RS,85324,48.974100235452404,58.05182026894064,9.077720033488234,3728,4318481,São José do Hortêncio
RS,85332,32.0,28.72446437468859,-3.2755356253114094,5354,4301701,Barão de Cotegipe
RS,85340,31.584309730005096,40.1061776061776,8.521867876172507,2557,4314456,Pinhal
RS,85359,34.608323133414935,40.72216649949849,6.113843366083557,4352,4301800,Barracão
RS,85367,56.05009052504526,48.10583283223091,-7.944257692814354,8189,4321667,Três Cachoeiras
RS,85375,27.310869280188804,30.656934306569344,3.34606502638054,10239,4301909,Barra do Ribeiro
RS,85383,43.14747264200104,64.33710174717369,21.18962910517265,2409,4319752,São Vendelino
RS,85391,36.828644501278774,48.71190436100353,11.88325985972476,8271,4302006,Barros Cassal
RS,85405,44.073346430910284,53.421052631578945,9.34770620066866,1939,4315172,Protásio Alves
RS,85413,51.52056745510905,75.74809989142237,24.227532436313318,92061,4302105,Bento Gonçalves
RS,85421,54.61818181818182,42.89080911233307,-11.727372705848744,1660,4315131,Pouso Novo
RS,85430,31.386406152567034,35.54730172602141,4.1608955734543756,5645,4302204,Boa Vista do Buricá
RS,85448,51.261829652996845,59.577836411609496,8.316006758612652,2554,4307831,Eugênio de Castro
RS,85456,30.005051355447044,38.21869488536155,8.213643529914506,8592,4302303,Bom Jesus
RS,85464,16.04692781865182,12.531380753138075,-3.5155470655137453,6418,4306056,Cristal
RS,85472,42.69855953482225,42.62406526172671,-0.07449427309553869,9902,4302402,Bom Retiro do Sul
RS,85480,54.48497854077253,57.4443413729128,2.959362832140272,5911,4319158,São Miguel das Missões
RS,85499,52.78696869432426,54.235781990521325,1.4488132961970663,5117,4302501,Bossoroca
RS,85502,35.3858456617353,37.35014468788756,1.9642990261522542,6780,4309050,Glorinha
RS,85510,22.92768959435626,39.63831867057674,16.710629076220478,2865,4302600,Braga
RS,85529,49.8548783210538,65.1956106870229,15.340732365969103,5695,4320263,Segredo
RS,85537,30.291102160380813,34.348492590700054,4.057390430319241,14823,4302709,Butiá
RS,85545,44.86196319018405,43.39162261081741,-1.470340579366642,3209,4300455,Alegria
RS,85553,44.01713709677419,48.64962623583313,4.63248913905894,25010,4302808,Caçapava do Sul
RS,85561,61.5592609283461,74.61953853706432,13.060277608718216,2529,4316436,Saldanha Marinho
RS,85570,45.433508176488736,50.66875108563488,5.2352429091461445,8495,4302907,Cacequi
RS,85588,35.78811369509044,41.16112198303979,5.373008287949354,2231,4318465,São José do Herval
RS,85596,80.39857227840571,47.828696257531746,-32.56987602087396,64487,4303004,Cachoeira do Sul
RS,85600,18.151969981238274,36.826495304003956,18.674525322765682,2612,4323507,Vista Alegre
RS,85618,37.40390105293907,39.59250249588706,2.1886014429479914,102519,4303103,Cachoeirinha
RS,85626,30.76923076923077,32.724505327245055,1.9552745580142847,1809,4310751,Ivorá
RS,85634,43.6397400185701,40.717948717948715,-2.9217913006213863,3985,4303202,Cacique Doble
RS,85642,64.47956028856063,61.13002042205582,-3.349539866504813,3675,4323408,Vila Maria
RS,85650,55.48890221955609,64.55321944809461,9.06431722853852,4013,4303301,Caibaté
RS,85669,21.885813148788927,39.16114790286976,17.27533475408083,2822,4321329,Taquaruçu do Sul
RS,85677,27.147282455646298,40.911799761620976,13.764517305974678,4303,4303400,Caiçara
RS,85685,33.75695541663804,36.59058924310102,2.833633826462979,24070,4310330,Imbé
RS,85693,25.702168520444907,24.554792608719925,-1.147375911724982,49751,4303509,Camaquã
RS,85707,40.49751243781095,41.40546006066734,0.9079476228563905,2508,4320230,Sede Nova
RS,85715,23.58169934640523,26.94547379565908,3.3637744492538495,5136,4303608,Cambará do Sul
RS,85723,36.79083094555874,48.40394660475914,11.613115659200403,4296,4322251,Tupandi
RS,85731,34.56962911126662,59.42028985507246,24.85066074380584,4989,4303707,Campina das Missões
RS,85740,21.05098529871755,43.23131253678635,22.1803272380688,4370,4315750,Riozinho
RS,85758,60.87871612733491,57.656947727869714,-3.2217683994651978,4618,4303806,Campinas do Sul
RS,85766,46.53968253968254,51.75970873786408,5.220026198181543,2167,4315453,Relvado
RS,85774,33.45499081445193,58.01832614410781,24.563335329655878,51980,4303905,Campo Bom
RS,85782,29.158215010141987,24.038004750593824,-5.120210259548163,2800,4310363,Imigrante
RS,85790,35.59870550161812,55.991663772143106,20.392958270524986,3967,4304002,Campo Novo
RS,85804,35.94224924012158,33.48331458567679,-2.4589346544447963,12724,4305454,Cidreira
RS,85812,56.0818681013922,65.78064836666253,9.69878026527033,22407,4304200,Candelária
RS,85820,52.22222222222222,57.142857142857146,4.9206349206349245,1514,4312351,Montauri
RS,85839,35.786021725763476,66.383701188455,30.59767946269153,5545,4304309,Cândido Godói
RS,85847,26.148744670772146,27.134445534838076,0.9857008640659295,2652,4323705,Vista Gaúcha
RS,85855,41.31351327856739,49.82739785885951,8.513884580292121,34975,4304408,Canela
RS,85863,54.34281322059954,65.27672479150871,10.933911570909174,1657,4323606,Vista Alegre do Prata
RS,85871,46.909522505249704,64.48513766200271,17.57561515675301,43549,4304507,Canguçu
RS,85880,59.49579831932773,61.83978873239437,2.343990413066635,3182,4304952,Caseiros
RS,85898,42.350805512627815,51.07600077128483,8.725195258657017,252753,4304606,Canoas
RS,85901,31.58379373848987,25.26829268292683,-6.31550105556304,2718,4310553,Itacurubi
RS,85910,19.80050699878761,48.97866270070113,29.178155701913518,45685,4304705,Carazinho
RS,85928,16.408204102051027,23.850429509853463,7.442225407802436,2654,4306957,Entre Rios do Sul
RS,85936,52.32521017345962,69.68591370558376,17.36070353212414,23695,4304804,Carlos Barbosa
RS,85944,33.248592700199744,25.188453759882332,-8.060138940317412,7118,4305173,Cerro Grande do Sul
RS,85952,45.43492695883134,61.25297923050732,15.818052271675981,7526,4304903,Casca
RS,85960,50.919026328862394,49.08916586768936,-1.829860461173034,2637,4303558,Camargo
RS,85979,38.249754178957716,53.86965376782077,15.619899588863056,7517,4305009,Catuípe
RS,85987,48.91546726130144,55.873092758537176,6.957625497235739,5367,4314027,Paraíso do Sul
RS,85995,29.57952066297302,62.338336260578,32.75881559760498,342426,4305108,Caxias do Sul
RS,86010,35.34493247353693,49.93599590373784,14.591063430200911,10195,4305207,Cerro Largo
RS,86029,36.593229446534124,58.583106267029976,21.98987682049585,2419,4308052,Faxinalzinho
RS,86037,49.75785033588502,56.54205607476636,6.78420573888134,7697,4305306,Chapada
RS,86045,35.81267217630854,46.451803666469544,10.639131490161006,4601,4300638,Amaral Ferrador
RS,86053,62.11958467597565,56.329343489299966,-5.790241186675686,3635,4305405,Chiapetta
RS,86061,33.90334572490706,55.60455714810731,21.70121142320025,3442,4323309,Vila Flores
RS,86070,21.19815668202765,38.524299396949274,17.326142714921623,3627,4305504,Ciríaco
RS,86088,64.10754778101717,58.25617283950617,-5.851374941511004,3490,4305132,Cerro Branco
RS,86096,40.252340252340254,54.4468546637744,14.194514411434149,2995,4305603,Colorado
RS,86100,56.2037037037037,61.75115207373272,5.5474483700290165,1399,4300661,André da Rocha
RS,86118,52.644444444444446,57.35099337748344,4.706548933038995,6118,4305702,Condor
RS,86126,35.997559487492374,38.11297330850403,2.115413821011657,2014,4314753,Poço das Antas
RS,86134,34.28929634853471,45.86280638262872,11.573510034094006,8077,4305801,Constantina
RS,86142,20.65772669220945,45.39600772698004,24.738281034770587,4078,4321857,Três Palmeiras
RS,86150,37.33162283515074,44.542843465773096,7.211220630622357,5810,4305900,Coronel Bicaco
RS,86169,81.12157534246575,79.63636363636364,-1.4852117061021062,2805,4312757,Nova Alvorada
RS,86177,15.575565831102457,21.27473077886301,5.699164947760552,10489,4306007,Crissiumal
RS,86185,42.98183533852324,46.15384615384615,3.1720108153229134,5309,4312450,Morro Redondo
RS,86193,68.1329703395902,73.19581337157852,5.062843031988322,45722,4306106,Cruz Alta
RS,86207,41.166822867853796,38.346384154767385,-2.8204387130864106,5271,4316956,Santa Maria do Herval
RS,86215,44.34931506849315,49.32094353109364,4.971628462600492,9328,4306205,Cruzeiro do Sul
RS,86223,46.834514788560256,59.13403064947701,12.299515860916756,5073,4301651,Barão
RS,86231,40.364986081039284,46.83348779734322,6.468501716303933,4085,4306304,David Canabarro
RS,86240,30.287114845938376,37.462904009064914,7.175789163126538,26775,4306767,Eldorado do Sul
RS,86258,60.58850434517457,55.75405068550062,-4.834453659673947,24787,4306403,Dois Irmãos
RS,86274,29.380928607089366,34.06879539536796,4.6878667882785905,10375,4306502,Dom Feliciano
RS,86282,26.308539944903583,38.352524357838796,12.043984412935213,2870,4300570,Alto Feliz
RS,86290,58.06116669813102,72.81169208040943,14.750525382278411,29233,4306601,Dom Pedrito
RS,86304,29.12398076521012,47.364135965805005,18.240155200594884,6067,4300646,Ametista do Sul
RS,86312,30.509181969949918,42.082239720035,11.57305775008508,3059,4306700,Dona Francisca
RS,86320,30.268199233716476,22.943396226415093,-7.324803007301384,3684,4300851,Arambaré
RS,86339,40.1165430603905,52.8780640613987,12.761521001008205,16616,4306809,Encantado
RS,86347,44.00977995110024,50.551314673452076,6.541534722351834,4618,4301750,Barão do Triunfo
RS,86355,47.1630457709344,49.869152764147856,2.706106993213453,18702,4306908,Encruzilhada do Sul
RS,86363,22.365165759524988,27.325275880189174,4.960110120664186,2600,4301859,Barra do Guarita
RS,86371,45.060351613749674,17.922568782348133,-27.13778283140154,79130,4307005,Erechim
RS,86380,34.720327421555254,18.344370860927153,-16.3759565606281,1751,4301925,Barra do Rio Azul
RS,86398,35.33678756476684,45.56048834628191,10.22370078151507,5214,4307104,Herval
RS,86401,46.18165386353366,58.37083708370837,12.189183220174712,2716,4301958,Barra Funda
RS,86410,37.91044776119403,29.349789283564117,-8.56065847762991,4359,4307203,Erval Grande
RS,86428,40.231362467866326,49.24242424242424,9.011061774557916,2075,4302154,Boa Vista das Missões
RS,86436,31.39279437609842,35.51049280829993,4.117698432201511,5497,4307302,Erval Seco
RS,86444,68.24797843665768,69.55445544554455,1.3064770088868727,2604,4302378,Bom Progresso
RS,86452,29.19412062848454,39.87372510927635,10.67960448079181,2884,4307401,Esmeralda
RS,86460,70.61680427391939,81.6123188405797,10.995514566660319,2886,4303673,Campestre da Serra
RS,86479,61.83489827856025,60.02312624829181,-1.8117720302684432,12400,4307500,Espumoso
RS,86487,24.60835509138381,26.436376454000705,1.8280213626168944,8121,4304358,Candiota
RS,86495,48.740904551291194,50.719529035540376,1.9786244842491811,37229,4307609,Estância Velha
RS,86509,30.588776448942042,30.490018148820326,-0.09875830012171605,2872,4304697,Capitão
RS,86517,38.55847888569534,31.467075709433548,-7.091403176261789,65833,4307708,Esteio
RS,86525,48.64620938628159,61.25,12.60379061371841,1396,4304853,Carlos Gomes
RS,86533,58.034297414896336,43.60873796907105,-14.425559445825286,24675,4307807,Estrela
RS,86541,52.88028802880288,41.36807817589577,-11.512209852907112,2650,4305116,Centenário
RS,86550,57.42056666968408,64.96353755399693,7.542970884312851,57062,4307906,Farroupilha
RS,86568,50.54347826086956,40.16227180527383,-10.38120645559573,2510,4305371,Charrua
RS,86576,42.151599742323384,49.43980929678188,7.288209554458497,5638,4308003,Faxinal do Soturno
RS,86584,38.8612493090105,31.65112452002194,-7.210124788988562,2354,4305587,Colinas
RS,86592,24.42022263450835,40.00459822968157,15.58437559517322,11110,4308102,Feliz
RS,86606,52.002053388090346,38.914027149321264,-13.088026238769082,2451,4305850,Coqueiros do Sul
RS,86614,49.86483780536644,74.22548215018465,24.360644344818205,25103,4308201,Flores da Cunha
RS,86622,55.25830258302583,56.18698441796517,0.92868183493934,2668,4305871,Coronel Barros
RS,86630,33.54981783621099,42.437768240343345,8.887950404132354,8245,4308300,Fontoura Xavier
RS,86649,53.73936408419167,48.05137289636847,-5.687991187823201,2867,4305975,Coxilha
RS,86657,34.40934065934066,30.676035861400532,-3.733304797940125,5763,4308409,Formigueiro
RS,86665,22.40757439134355,39.580283064909715,17.172708673566163,2624,4306320,Derrubadas
RS,86673,27.033747779751334,51.92276312211042,24.889015342359084,25048,4308508,Frederico Westphalen
RS,86681,36.69609079445145,27.24952137843012,-9.44656941602133,2066,4306429,Dois Irmãos das Missões
RS,86690,51.666744370366914,71.17410457766711,19.507360207300195,26403,4308607,Garibaldi
RS,86703,33.01787592008412,37.196467991169975,4.178592071085852,1179,4306924,Engenho Velho
RS,86711,42.18081087887182,44.30379746835443,2.1229865894826148,5195,4308706,Gaurama
RS,86720,43.41637010676157,40.794627867935084,-2.621742238826485,2516,4308656,Garruchos
RS,86738,51.169412243237744,52.12623097582811,0.9568187325903637,6173,4308805,General Câmara
RS,86746,37.065052950075646,43.027591349739,5.962538399663352,1673,4308854,Gentil
RS,86754,47.83818890332158,48.686698886320656,0.8485099829990759,6760,4319802,São Vicente do Sul
RS,86762,42.288278182837914,68.69737493808816,26.409096755250246,2631,4309126,Gramado dos Loureiros
RS,86770,59.01858125449132,36.122644522516765,-22.895936731974558,12197,4308904,Getúlio Vargas
RS,86789,42.50513347022587,51.144708423326136,8.639574953100265,3049,4309159,Gramado Xavier
RS,86797,37.35009671179884,59.50139650356884,22.15129979177,12735,4309001,Giruá
RS,86800,43.97685428721726,52.1889400921659,8.212085804948643,4884,4309654,Hulha Negra
RS,86819,55.65692663443347,63.336328731312804,7.679402096879336,34790,4309100,Gramado
RS,86827,55.69620253164557,74.14790996784566,18.451707436200095,2071,4310413,Inhacorá
RS,86835,23.500053397885445,37.06736795158673,13.567314553701287,191980,4309209,Gravataí
RS,86843,73.53139770425388,69.44649446494465,-4.084903239309227,1824,4310579,Itapuca
RS,86851,37.438696117113466,37.67082353878641,0.2321274216729421,74475,4309308,Guaíba
RS,86860,56.557377049180324,65.4924983692107,8.935121320030369,2108,4311429,Lajeado do Bugre
RS,86878,42.29262361523912,64.68790328058141,22.395279665342287,18948,4309407,Guaporé
RS,86886,78.64150943396227,81.15840893230984,2.51689949834757,1717,4311270,Lagoa dos Três Cantos
RS,86894,44.771307676808384,63.02963776070253,18.258330083894144,5851,4309506,Guarani das Missões
RS,86908,46.08961870303368,56.87465488680287,10.785036183769193,4683,4311627,Lindolfo Collor
RS,86916,37.74785194976867,51.26247288503254,13.514620935263864,14887,4309605,Horizontina
RS,86924,25.177935943060497,37.96928327645051,12.791347333390014,1511,4311643,Linha Nova
RS,86932,32.10774058577406,30.599405170441546,-1.508335415332514,24421,4305355,Charqueadas
RS,86940,33.88316151202749,33.657115104419624,-0.22604640760786765,5536,4311759,Manoel Viana
RS,86959,41.52972811472961,43.07173513182097,1.5420070170913647,4020,4309704,Humaitá
RS,86967,21.602937999567942,17.275969683459653,-4.326968316108289,5922,4311775,Maquiné
RS,86975,55.32851304621188,54.487384222293194,-0.8411288239186874,3988,4309803,Ibiaçá
RS,86983,45.29078744209985,52.976791120080726,7.686003677980878,2435,4311791,Maratá
RS,86991,52.71587743732591,60.56238185255199,7.846504415226079,5419,4309902,Ibiraiaras
RS,87009,35.21582733812949,43.926332288401255,8.710504950271762,3608,4311981,Mariana Pimentel
RS,87017,57.81026297942883,65.0423402617398,7.232077282310968,16439,4310009,Ibirubá
RS,87025,48.637784725323804,54.74604496253122,6.108260237207418,3019,4312138,Mato Castelhano
RS,87033,30.593394289979475,56.249094858797974,25.6557005688185,26693,4310108,Igrejinha
RS,87041,28.18471337579618,37.425804436113715,9.241091060317537,4115,4312153,Mato Leitão
RS,87050,39.60239511491414,48.099782353926,8.497387239011864,63737,4310207,Ijuí
RS,87068,44.056984903253245,41.84062850729517,-2.2163563959580728,6369,4312252,Minas do Leão
RS,87076,48.28767123287671,49.19210053859964,0.9044293057229282,3634,4310306,Ilópolis
RS,87084,42.35015772870663,52.37898220935043,10.028824480643806,3034,4312385,Monte Belo do Sul
RS,87092,41.18967452300786,49.69935245143386,8.509677928426001,5501,4310405,Independência
RS,87106,63.812154696132595,61.08534322820037,-2.7268114679322224,2764,4312427,Mormaço
RS,87114,38.96075422056567,52.98701298701299,14.02625876644732,5812,4310504,Iraí
RS,87122,53.45029239766082,54.76190476190476,1.311612364243942,3216,4312443,Morrinhos do Sul
RS,87130,34.70730680143188,49.41008018327606,14.702773381844175,26152,4310603,Itaqui
RS,87149,60.98675194152581,64.1259698767686,3.139217935242783,5415,4312476,Morro Reuter
RS,87157,20.49880423641954,17.751251443973818,-2.747552792445724,3342,4310702,Itatiba do Sul
RS,87165,45.49878345498784,38.4157236450268,-7.083059809961036,2237,4312625,Muliterno
RS,87173,61.43591972759545,65.75461454940282,4.3186948218073695,17002,4310801,Ivoti
RS,87181,43.19906596614127,39.24050632911393,-3.958559637027342,2406,4312674,Nicolau Vergueiro
RS,87190,59.66277561608301,36.72435626846771,-22.9384193476153,2991,4310900,Jacutinga
RS,87203,37.3117033603708,46.354166666666664,9.042463306295865,2028,4312955,Nova Boa Vista
RS,87211,16.04122621564482,35.06687588731973,19.025649671674913,20370,4311007,Jaguarão
RS,87220,54.052684903748734,78.7146529562982,24.66196805254946,2410,4313086,Nova Pádua
RS,87238,38.761165617220676,40.120234140167696,1.3590685229470196,8702,4311106,Jaguari
RS,87246,34.89251452979483,41.81467713066226,6.922162600867431,20466,4313375,Nova Santa Rita
RS,87254,38.441868394135696,46.86231081579919,8.420442421663495,14988,4311205,Júlio de Castilhos
RS,87262,41.568627450980394,64.88903610467042,23.32040865369003,3794,4313490,Novo Barreiro
RS,87270,54.7178599946766,44.18960244648318,-10.528257548193423,19900,4311304,Lagoa Vermelha
RS,87289,37.9746835443038,62.27347611202636,24.298792567722558,3081,4313425,Novo Machado
RS,87297,61.116841019596286,31.761393263113984,-29.355447756482302,64158,4311403,Lajeado
RS,87300,33.31103678929766,50.25575447570333,16.944717686405667,1973,4313441,Novo Tiradentes
RS,87319,54.27861819823888,64.21299921691464,9.934381018675758,5420,4311502,Lavras do Sul
RS,87327,56.286127167630056,57.60029444239971,1.3141672747696518,3442,4314035,Pareci Novo
RS,87335,39.539687223369725,37.61814744801512,-1.9215397753546029,4425,4311601,Liberato Salzano
RS,87343,58.33933285337173,75.58279259793319,17.243459744561463,5251,4314076,Passo do Sobrado
RS,87351,50.02574665293512,44.74594306996541,-5.279803582969706,4842,4311700,Machadinho
RS,87360,37.36566547258198,50.694830461367424,13.329164988785443,4533,4314423,Picada Café
RS,87378,60.34848788303625,39.656781208162606,-20.691706674873643,31646,4311809,Marau
RS,87386,31.95244956772334,48.83543337151585,16.882983803792506,3602,4314472,Pinhal Grande
RS,87394,43.63636363636363,50.736497545008184,7.100133908644551,3896,4311908,Marcelino Ramos
RS,87408,47.105852254557085,54.30948419301165,7.2036319384545635,3806,4314498,Pinheirinho do Vale
RS,87416,50.80789946140036,35.860409145607704,-14.947490315792656,2211,4312005,Mariano Moro
RS,87424,31.972543352601157,50.72463768115942,18.752094328558265,3373,4314779,Pontão
RS,87432,40.74702886247878,54.840989399293285,14.093960536814507,4013,4312104,Mata
RS,87440,39.82770046388337,34.922680412371136,-4.905020051512231,1828,4314787,Ponte Preta
RS,87459,40.703679793415105,34.65581553068837,-6.047864262726733,3954,4312203,Maximiliano de Almeida
RS,87467,34.3921139101862,61.073059360730596,26.6809454505444,2251,4315057,Porto Mauá
RS,87475,26.971562591615363,46.2778429073857,19.306280315770334,4473,4312302,Miraguaí
RS,87483,11.6751269035533,60.04382761139518,48.36870070784188,1761,4315073,Porto Vera Cruz
RS,87491,42.78961173723806,46.70937330029613,3.919761563058067,47576,4312401,Montenegro
RS,87505,25.58674643350207,32.20956719817767,6.622820764675602,2670,4315149,Presidente Lucena
RS,87513,28.179012345679013,27.64780271893772,-0.531209626741294,9243,4312500,Mostardas
RS,87521,52.284557547715444,63.14449395289625,10.859936405180804,2385,4315321,Quevedos
RS,87530,24.69437652811736,45.91633466135458,21.221958133237223,3973,4312609,Muçum
RS,87548,41.74354243542435,43.83424862705941,2.090706191635057,2854,4315552,Rio dos Índios
RS,87556,63.14742922071773,67.54502369668246,4.3975944759647305,13469,4312658,Não-Me-Toque
RS,87564,42.84164859002169,40.56064073226545,-2.2810078577562436,2272,4316428,Sagrada Família
RS,87572,45.84777485096354,51.37654770575382,5.528772854790283,9662,4312708,Nonoai
RS,87580,41.778373547810546,52.254283137962126,10.47590959015158,2746,4316477,Salvador das Missões
RS,87599,45.02055011065444,54.408534672105425,9.387984561450985,4136,4312807,Nova Araçá
RS,87602,34.9987989430699,43.6851601262968,8.6863611832269,5711,4316758,Santa Clara do Sul
RS,87610,47.874149659863946,64.62678848474401,16.752638824880066,7205,4312906,Nova Bassano
RS,87629,42.55751014884979,61.7921146953405,19.234604546490708,1750,4317251,Santa Tereza
RS,87637,54.46507515473033,58.73157659669495,4.266501441964621,2805,4313003,Nova Bréscia
RS,87645,32.66957062850031,53.04767652383826,20.378105895337953,2077,4317558,Santo Antônio do Palma
RS,87653,26.188235294117646,42.78519264668849,16.596957352570847,5060,4313102,Nova Palma
RS,87661,33.46636259977195,40.53610503282276,7.069742433050813,2163,4317756,Santo Antônio do Planalto
RS,87670,45.92520858164482,58.91187305185605,12.986664470211231,18126,4313201,Nova Petrópolis
RS,87688,45.61598224195338,50.232288037166086,4.616305795212703,2242,4317954,Santo Expedito do Sul
RS,87696,38.15594226359099,63.86836343732895,25.712421173737965,18975,4313300,Nova Prata
RS,87700,28.472906403940886,45.70694087403599,17.234034470095107,2578,4318432,São João do Polêsine
RS,87718,50.66348037760494,47.686540750989415,-2.9769396266155255,174148,4313409,Novo Hamburgo
RS,87726,28.368163628279234,31.297709923664122,2.9295462953848883,3387,4318622,São José dos Ausentes
RS,87734,21.27698432991197,17.474679773607388,-3.8023045563045805,37246,4313508,Osório
RS,87742,34.30695698353691,40.73672806067172,6.429771077134816,2244,4318499,São José do Inhacorá
RS,87750,25.858778625954198,22.54355400696864,-3.3152246189855568,3753,4313607,Paim Filho
RS,87769,47.88345244639912,50.54704595185996,2.663593505460838,2443,4318457,São José das Missões
RS,87777,42.32843008951473,49.18520149746752,6.856771407952785,24062,4313706,Palmeira das Missões
RS,87785,44.796573875803,54.95849716033202,10.161923284529024,3157,4319125,São Martinho da Serra
RS,87793,26.4381402679275,39.68497046598119,13.246830198053686,5953,4313805,Palmitinho
RS,87807,23.103715170278637,35.447470817120625,12.343755646841988,3188,4319356,São Pedro da Serra
RS,87815,52.4409828167657,58.358873768951,5.917890952185303,32201,4313904,Panambi
RS,87823,35.36087153881071,57.971014492753625,22.610142953942912,2665,4319372,São Pedro do Butiá
RS,87831,48.07611877875366,60.29009880176582,12.213980023012162,5977,4314001,Paraí
RS,87840,28.438864628820962,41.80857310628303,13.369708477462066,2224,4319711,São Valentim do Sul
RS,87858,24.602606204583566,26.462438146648672,1.8598319420651066,149612,4314100,Passo Fundo
RS,87866,56.0,50.10905125408942,-5.890948745910578,2348,4319737,São Valério do Sul
RS,87874,21.290571870170016,23.185879276530834,1.8953074063608177,6862,4314209,Pedro Osório
RS,87882,31.94796954314721,30.246113989637305,-1.7018555535099047,4237,4320354,Sentinela do Sul
RS,87890,48.69255150554675,60.15787287079352,11.465321365246766,3096,4314308,Pejuçara
RS,87904,18.654434250764528,18.55146124523507,-0.10297300552945643,2072,4320453,Sério
RS,87912,23.779850766056967,39.76606511435989,15.986214348302923,243916,4314407,Pelotas
RS,87920,60.26679371129109,52.62506191183754,-7.641731799453552,5324,4320552,Sertão Santana
RS,87939,36.90883190883191,44.85060924720414,7.941777338372233,9524,4314506,Pinheiro Machado
RS,87947,52.32219365895458,57.65381764269829,5.331623983743711,6825,4320677,Sinimbu
RS,87955,29.44823310601364,30.480949406620862,1.0327163006072233,14591,4314605,Piratini
RS,87963,39.76624857468643,37.98175934098264,-1.7844892337037876,4724,4321477,Tiradentes do Sul
RS,87971,25.225072192967556,47.925925925925924,22.700853732958368,7977,4314704,Planalto
RS,87980,28.786964393482197,42.91871921182266,14.131754818340465,1983,4321626,Travesseiro
RS,87998,35.68677141409022,47.2634434338599,11.576672019769681,25742,4314803,Portão
RS,88005,38.28596037898363,42.982806877249104,4.696846498265472,3297,4321832,Três Forquilhas
RS,88013,34.788954137873084,41.38250359977547,6.593549461902384,1062047,4314902,Porto Alegre
RS,88021,50.70175438596491,51.802656546489565,1.1009021605246545,1474,4322186,Tupanci do Sul
RS,88030,26.085568326947637,55.39643730352777,29.31086897658013,3887,4315008,Porto Lucena
RS,88048,27.817745803357315,41.01497504159734,13.197229238240023,1523,4322350,União da Serra
RS,88056,50.72304306821754,57.06223798774589,6.339194919528346,7966,4315107,Porto Xavier
RS,88064,58.036120807406284,67.04206690957271,9.005946102166426,8086,4322533,Vale do Sol
RS,88072,39.66597077244259,42.21655122129056,2.550580448847967,3807,4315206,Putinga
RS,88080,36.85622317596567,58.43482767556362,21.57860449959795,4872,4322541,Vale Real
RS,88099,47.2333230863818,44.66036262687603,-2.5729604595057722,17670,4315305,Quaraí
RS,88102,39.592274678111586,48.09451219512195,8.502237517010364,3746,4323457,Vila Nova do Sul
RS,88110,20.785629688116856,32.08566853482786,11.300038846711004,6768,4315404,Redentora
RS,88129,48.342440801457194,50.0,1.6575591985428062,3443,4323754,Vitória das Missões
RS,88137,27.04691812327507,41.208546628088136,14.161628504813066,12277,4315503,Restinga Sêca
RS,88145,40.479728295478665,41.64405860010852,1.164330304629857,14765,4323804,Xangri-lá
RS,88153,18.024069409459837,26.226226226226228,8.20215681676639,149771,4315602,Rio Grande
RS,88161,28.674203494347378,48.535353535353536,19.86115004100616,2527,4302253,Boa Vista do Sul
RS,88170,39.410323952123484,27.659138628565575,-11.751185323557909,28673,4315701,Rio Pardo
RS,88188,22.692633361558002,34.99377334993773,12.301139988379731,3281,4306379,Dilermando de Aguiar
RS,88196,33.060957672822354,45.004389815627746,11.943432142805392,7666,4315800,Roca Sales
RS,88200,36.59122085048011,40.545263893743446,3.954043043263333,3711,4304671,Capivari do Sul
RS,88218,30.729166666666668,43.87050702213759,13.14134035547092,5375,4315909,Rodeio Bonito
RS,88226,35.82366589327146,52.83540802213001,17.01174212885855,2588,4313011,Nova Candelária
RS,88234,32.2533364190388,37.08456204670439,4.831225627665589,16313,4316006,Rolante
RS,88242,37.87465940054496,43.12590448625181,5.251245085706856,1811,4308250,Floriano Peixoto
RS,88250,32.99088649544325,39.50319130584785,6.512304810404601,7415,4316105,Ronda Alta
RS,88269,32.548240635641314,37.69738730979041,5.149146674149094,4354,4305447,Chuvisca
RS,88277,49.80544747081712,51.39156792504822,1.5861204542311,4481,4316204,Rondinha
RS,88285,18.060064935064936,27.121913580246915,9.061848645181978,3315,4307450,Esperança do Sul
RS,88293,47.88079470198676,54.9631040228517,7.082309320864944,5416,4316303,Roque Gonzales
RS,88307,28.588734100545125,39.16129032258065,10.572556222035523,2080,4306759,Doutor Ricardo
RS,88315,45.826028320971005,49.24576354197277,3.4197352210017655,31275,4316402,Rosário do Sul
RS,88323,46.2494027711419,64.93246623311656,18.683063461974655,2629,4309571,Herveiras
RS,88331,31.863285556780596,46.82882473289384,14.965539176113246,5640,4316501,Salvador do Sul
RS,88340,25.79482831708351,25.846740050804403,0.05191173372089253,6518,4304713,Caraá
RS,88358,47.29468599033817,48.16680096696213,0.872114976623962,13017,4316600,Sananduva
RS,88366,35.04775900073476,42.1792618629174,7.131502862182643,3798,4308078,Fazenda Vilanova
RS,88374,59.42562592047128,59.05832203061422,-0.3673038898570624,6723,4316709,Santa Bárbara do Sul
RS,88382,32.33194527067222,47.54146057608379,15.209515305411571,4530,4310538,Itaara
RS,88390,59.30663285600637,66.34205325566882,7.035420399662449,105166,4316808,Santa Cruz do Sul
RS,88404,41.429765886287626,40.85201793721973,-0.5777479490678985,2953,4307815,Estrela Velha
RS,88412,34.74748001277098,38.45362329924287,3.7061432864718924,206547,4316907,Santa Maria
RS,88420,20.672782874617738,29.095509171410498,8.42272629679276,2125,4302055,Benjamin Constant do Sul
RS,88439,53.112396984043485,26.006047918120494,-27.10634906592299,6598,4317004,Santana da Boa Vista
RS,88447,42.87172507655665,44.22222222222222,1.350497145665571,3970,4311718,Maçambará
RS,88455,39.639862373035,34.92217898832685,-4.7176833847081525,72216,4317103,Sant'Ana do Livramento
RS,88463,32.65602322206096,38.62261516984644,5.966591947785481,2646,4306551,Dom Pedro de Alcântara
RS,88471,18.02942779291553,72.1842397336293,54.15481194071377,57973,4317202,Santa Rosa
RS,88480,61.70316301703163,56.884992264053636,-4.818170752977991,2687,4322376,Unistalda
RS,88498,22.407418275720406,23.207354443309498,0.7999361675890917,23323,4317301,Santa Vitória do Palmar
RS,88501,44.064613072877535,57.24007561436673,13.175462541489196,3449,4322327,Turuçu
RS,88510,71.62508982650652,54.90932791473374,-16.715761911772788,39883,4317400,Santiago
RS,88528,31.591678761490083,25.513616817964643,-6.078061943525441,2662,4306072,Cristal do Sul
RS,88536,42.465753424657535,51.36134699141098,8.895593566753448,58896,4317509,Santo Ângelo
RS,88544,71.29492860659774,72.66152362584378,1.3665950192460485,2854,4312617,Muitos Capões
RS,88552,33.459746898058455,40.86587007741501,7.406123179356555,33691,4317608,Santo Antônio da Patrulha
RS,88560,49.288256227758005,32.406287787182585,-16.88196844057542,2039,4313334,Nova Ramada
RS,88579,42.69968292314661,52.2955764075067,9.59589348436009,8347,4317707,Santo Antônio das Missões
RS,88587,38.67112810707457,39.87667009249743,1.2055419854228546,2794,4311130,Jari
RS,88595,41.073248047096115,41.63451420554191,0.5612661584457967,11312,4317806,Santo Augusto
RS,88609,35.23002421307506,61.70886075949367,26.478836546418606,1894,4322343,Ubiretama
RS,88617,9.954158480681073,51.251582740820105,41.29742426013903,12562,4317905,Santo Cristo
RS,88625,31.65266106442577,36.102518780380024,4.449857715954252,3355,4301875,Barra do Quaraí
RS,88633,51.182084529921966,47.46827451227981,-3.713810017642153,46604,4318002,São Borja
RS,88641,43.10893512851897,48.335183129855714,5.226248001336742,5309,4305124,Cerrito
RS,88650,55.11485704842175,49.40334128878282,-5.711515759638928,14252,4318101,São Francisco de Assis
RS,88668,41.935483870967744,43.365832980076306,1.4303491091085618,3292,4322525,Vale Verde
RS,88676,31.107052787198885,37.12686567164179,6.019812884442903,16421,4318200,São Francisco de Paula
RS,88684,56.628284617655744,57.50088245675962,0.8725978391038751,3764,4313391,Novo Cabrais
RS,88692,52.83893750959619,40.35757113267197,-12.481366376924221,43889,4318309,São Gabriel
RS,88706,28.28767123287671,50.0,21.71232876712329,1804,4320578,Sete de Setembro
RS,88714,30.20911438806965,30.594251454769882,0.3851370667002314,15910,4318408,São Jerônimo
RS,88722,33.08056872037915,30.564568462037638,-2.51600025834151,4093,4320859,Tabaí
RS,88730,16.888717255583447,29.148418491484186,12.259701235900739,20679,4318507,São José do Norte
RS,88749,31.011608623548923,25.847214244686963,-5.16439437886196,2175,4323358,Vila Lângaro
RS,88757,59.48046181172291,48.85390136605696,-10.626560445665952,5762,4318606,São José do Ouro
RS,88765,36.3079615048119,55.82740213523132,19.519440630419417,2669,4320321,Senador Salgado Filho
RS,88773,42.06446014424533,47.23035144612302,5.165891301877686,162606,4318705,São Leopoldo
RS,88781,51.92203573362209,68.47440446021287,16.552368726590778,2485,4322855,Vespasiano Corrêa
RS,88790,29.674644727000747,43.26896387644236,13.594319149441617,35085,4318804,São Lourenço do Sul
RS,88803,50.4359197907585,62.51582946390882,12.079909673150325,3352,4312377,Monte Alegre dos Campos
RS,88811,42.92351679771265,52.38832375055285,9.464806952840199,26266,4318903,São Luiz Gonzaga
RS,88820,69.18604651162791,62.39638281838734,-6.78966369324057,3511,4312054,Marques de Souza
RS,88838,57.35144045843473,77.36423220973782,20.01279175130309,16687,4319000,São Marcos
RS,88846,34.00770712909441,35.31586021505376,1.308153085959347,4888,4305439,Chuí
RS,88854,48.34941594718131,46.77077818951826,-1.5786377576630528,4808,4319109,São Martinho
RS,88862,41.07699154428126,61.19251119251119,20.115519648229927,6414,4300877,Araricá
RS,88870,46.54068881438586,50.430622009569376,3.8899331951835165,4337,4319208,São Nicolau
RS,88889,56.61306202822448,72.11436639604659,15.501304367822108,3747,4314068,Passa Sete
RS,88897,28.68626550298576,38.748787584869056,10.062522081883298,5214,4319307,São Paulo das Missões
RS,88900,39.69465648854962,59.85436893203884,20.15971244348922,2745,4321493,Toropi
RS,88919,41.69799498746867,54.436724000455634,12.738729012986965,12686,4319406,São Pedro do Sul
RS,88927,35.46783625730994,29.796205200281097,-5.6716310570288435,11040,4301636,Balneário Pinhal
RS,88935,33.18803103066125,49.17550514825424,15.987474117592988,17536,4319505,São Sebastião do Caí
RS,88943,15.878378378378379,39.99215070643642,24.11377232805804,3155,4311734,Mampituba
RS,88951,40.870028139021976,53.12082777036048,12.250799631338502,17079,4319604,São Sepé
RS,88978,33.99602385685885,44.08197406942702,10.085950212568171,3073,4319703,São Valentim
RS,88986,55.83756345177665,62.211644086415234,6.374080634638581,3982,4300034,Aceguá
RS,88994,40.72370885180407,51.81482286459465,11.091114012790584,61250,4319901,Sapiranga
RS,89001,37.15680292861501,53.77358490566038,16.61678197704537,1979,4300471,Almirante Tamandaré do Sul
RS,89010,44.56671433868319,42.040353794757834,-2.5263605439253567,102391,4320008,Sapucaia do Sul
RS,89028,50.17636684303351,72.45331069609507,22.27694385306156,2775,4301073,Arroio do Padre
RS,89036,50.144177449168204,57.00422253500259,6.860045085834386,17129,4320107,Sarandi
RS,89044,74.12045319022063,77.07409753008233,2.9536443398616967,2067,4302220,Boa Vista do Cadeado
RS,89052,24.282410556386886,30.703330109161254,6.420919552774368,9356,4320206,Seberi
RS,89060,69.6969696969697,73.63128491620111,3.934315219231408,2195,4302238,Boa Vista do Incra
RS,89079,57.95516675779114,61.75128351397604,3.796116756184901,4334,4320305,Selbach
RS,89087,62.324649298597194,66.16399622997173,3.8393469313745356,2625,4302584,Bozano
RS,89095,44.803085667884694,57.04941129113414,12.246325623249447,12678,4320404,Serafina Corrêa
RS,89109,24.680306905370845,30.609679446888748,5.929372541517903,1944,4304614,Canudos do Vale
RS,89117,56.514299682229286,46.49950347567031,-10.014796206558977,5015,4320503,Sertão
RS,89125,31.2385600976205,28.484479610468654,-2.754080487151846,2112,4304622,Capão Bonito do Sul
RS,89133,21.977214259463434,12.154076290201944,-9.82313796926149,3414,4320602,Severiano de Almeida
RS,89141,60.816326530612244,37.130801687763714,-23.68552484284853,3105,4304655,Capão do Cipó
RS,89150,38.83178493773473,37.89220133262427,-0.9395836051104638,46049,4304630,Capão da Canoa
RS,89168,30.721830985915492,22.327341532639547,-8.394489453275945,1351,4305835,Coqueiro Baixo
RS,89176,48.474970896391156,54.96756137895942,6.492590482568261,10579,4320701,Sobradinho
RS,89184,44.95830174374526,42.667706708268334,-2.290595035476926,1569,4305934,Coronel Pilar
RS,89192,55.829919806150116,56.2773228249492,0.4474030187990863,21730,4320800,Soledade
RS,89206,51.056125528062765,25.35211267605634,-25.704012852006425,1928,4306130,Cruzaltense
RS,89214,52.37919858573954,55.182114302635476,2.8029157168959387,17489,4320909,Tapejara
RS,89222,64.7151071615264,62.84074605451937,-1.874361107007033,2588,4308433,Forquetinha
RS,89230,62.41068654861758,65.82111678471422,3.410430236096637,7887,4321006,Tapera
RS,89247,35.8788676761027,55.59870550161812,19.71983782551542,1940,4316733,Santa Cecília do Sul
RS,89249,51.19047619047619,57.09595038307187,5.905474192595683,3450,4310652,Itati
RS,89257,37.818139750115684,49.01937191673685,11.201232166621168,11792,4321105,Tapes
RS,89265,53.149370125974805,44.54828660436137,-8.601083521613432,2056,4310876,Jacuizinho
RS,89273,41.645797213125284,51.51494770824226,9.869150495116976,41561,4321204,Taquara
RS,89281,49.82042072857876,65.35113174695299,15.530711018374227,2310,4311239,Lagoa Bonita do Sul
RS,89290,40.25819265143992,52.53182461103253,12.273631959592613,19310,4321303,Taquari
RS,89303,52.579666160849776,67.61006289308176,15.030396732231985,1617,4312179,Mato Queimado
RS,89311,29.69915764139591,34.41325584271052,4.714098201314609,10706,4321402,Tenente Portela
RS,89320,30.594679186228483,33.56643356643357,2.971754380205084,1591,4313466,Novo Xingu
RS,89338,38.19151299711175,43.90453665878306,5.713023661671308,33260,4321501,Torres
RS,89346,54.16909620991254,37.19676549865229,-16.97233071126025,2280,4314134,Paulo Bento
RS,89354,38.653748087710355,39.70928182423696,1.0555337365266055,39076,4321600,Tramandaí
RS,89362,44.13716814159292,49.00484131253362,4.867673170940698,2584,4314464,Pinhal da Serra
RS,89370,32.45997088791849,39.31833370461127,6.858362816692782,17414,4321709,Três Coroas
RS,89389,50.36179450072359,28.454070201643017,-21.907724299080574,1733,4315313,Quatro Irmãos
RS,89397,47.41880341880342,65.38514728253354,17.966343863730117,18415,4321808,Três de Maio
RS,89400,39.925965097831835,41.57725321888412,1.651288121052282,2396,4315958,Rolador
RS,89419,35.52478234044012,44.25700454745489,8.732222207014772,18437,4321907,Três Passos
RS,89435,38.15356489945155,43.71653335096185,5.562968451510301,21936,4322004,Triunfo
RS,89443,39.907192575406036,37.20056364490371,-2.706628930502326,2829,4316972,Santa Margarida do Sul
RS,89451,35.281065088757394,64.94387888279823,29.662813794040837,4755,4322103,Tucunduva
RS,89460,26.557773744706594,36.851738865161686,10.293965120455091,2065,4318614,São José do Sul
RS,89478,49.83766233766234,55.95111583421892,6.1134534965565805,15943,4322202,Tupanciretã
RS,89486,45.44753086419753,39.12,-6.327530864197534,1650,4319364,São Pedro das Missões
RS,89494,24.82342807924203,75.67903426238239,50.85560618314035,7111,4322301,Tuparendi
RS,89508,49.64505442498817,49.37701892016613,-0.26803550482203775,2707,4321469,Tio Hugo
RS,89516,52.542210283960095,56.97037226464034,4.428161980680244,84487,4322400,Uruguaiana
RS,89524,43.90815370196813,57.3394495412844,13.43129583931627,2689,4323770,Westfália
RS,89532,52.5942892044587,58.76240981685885,6.168120612400152,47382,4322509,Vacaria
RS,89540,29.216867469879517,81.44956918398378,52.232701714104266,2438,4314548,Pinto Bandeira
RS,89559,40.05206305955625,49.02379971151865,8.971736651962402,53327,4322608,Venâncio Aires
RS,89567,40.102827763496144,45.25650035137034,5.153672587874198,1976,4314175,Pedras Altas
RS,89575,58.47419786949034,63.5678391959799,5.093641326489561,19445,4322707,Vera Cruz
RS,89591,33.60279509488251,57.44014476614699,23.837349671264484,18621,4322806,Veranópolis
RS,89613,24.38299137674695,43.47282948157402,19.089838104827066,4028,4322905,Viadutos
RS,89630,30.347962782002803,39.754799821401996,9.406837039399193,161588,4323002,Viamão
RS,89656,25.1069430733794,28.788951841359772,3.6820087679803706,3837,4323101,Vicente Dutra
RS,89672,18.376122423169342,44.643806485911746,26.267684062742404,10968,4313656,Palmares do Sul
RS,89699,54.754901960784316,62.53701875616979,7.782116795385477,2531,4323200,Victor Graeff
RS,89710,20.96309111880046,25.801479654747226,4.838388535946766,4533,4321352,Tavares
RS,89737,30.829073127361635,35.09251307674292,4.263439949381283,18455,4304663,Capão do Leão
RS,89753,43.209271955599085,49.53711790393013,6.327845948331046,7867,4316451,Salto do Jacuí
RS,89770,34.301147873058746,47.84514243973703,13.543994566678286,3488,4305959,Cotiporã
RS,98213,44.090612285900846,37.133837076907156,-6.95677520899369,25631,4321451,Teutônia
RS,98230,40.14852078093185,56.19391679291458,16.04539601198273,10683,4302352,Bom Princípio
RS,98256,35.791684726436166,49.01255514082117,13.220870414385004,39009,4314050,Parobé
RS,98272,69.72161401313731,81.92573118632929,12.204117173191975,3686,4308458,Fortaleza dos Valos
RS,98299,38.77784123358081,42.2550052687039,3.4771640351230886,6196,4311155,Jóia
SC,80004,28.853527607361965,49.43133951137321,20.577811904011245,6989,4211058,Monte Carlo
SC,80012,49.159755565255345,51.95407630754958,2.794320742294232,12625,4200101,Abelardo Luz
SC,80020,35.865199930155406,53.42876165113182,17.563561720976416,7715,4207650,Iporã do Oeste
SC,80039,44.78468899521531,40.17622507342711,-4.6084639217882,8211,4200200,Agrolândia
SC,80047,33.55359765051395,54.77297104040043,21.219373389886478,3810,4209854,Lindóia do Sul
SC,80055,40.4430559500142,43.534932221063606,3.091876271049408,4554,4200309,Agronômica
SC,80063,33.23741007194245,72.34692319438082,39.10951312243837,8375,4201257,Apiúna
SC,80071,67.38563640673145,75.48828125,8.10264484326855,5464,4200408,Água Doce
SC,80080,33.45786633457866,62.599915860328146,29.142049525749485,3081,4205159,Doutor Pedrinho
SC,80098,41.67120304844856,56.49202733485193,14.820824286403372,4732,4200507,Águas de Chapecó
SC,80101,23.25232523252325,35.95088520845231,12.698559975929061,4538,4209151,José Boiteux
SC,80110,40.57541781256611,54.65705378020265,14.081635967636544,6493,4200606,Águas Mornas
SC,80128,26.848920863309353,40.16370307648885,13.314782213179498,4377,4219358,Vitor Meireles
SC,80136,23.79625328998297,51.794187425860024,27.997934135877053,8139,4200705,Alfredo Wagner
SC,80144,49.044585987261144,48.348813209494324,-0.6957727777668197,2463,4218855,União do Oeste
SC,80152,27.406451612903226,45.3882230328296,17.981771419926375,4991,4200804,Anchieta
SC,80160,23.964341898269534,65.40682414698163,41.442482248712096,2525,4218954,Urupema
SC,80179,35.318937701662946,52.458617332035054,17.139679630372108,5017,4200903,Angelina
SC,80187,39.184636118598384,52.04716672125778,12.862530602659398,3717,4207759,Iraceminha
SC,80195,22.760917838638047,64.75701303832477,41.99609519968672,6942,4201000,Anita Garibaldi
SC,80209,16.341579448144625,39.285714285714285,22.94413483756966,5898,4218251,Timbó Grande
SC,80217,38.18472610955618,48.8871834228703,10.70245731331412,3343,4201109,Anitápolis
SC,80225,20.309477756286267,35.916824196597354,15.607346440311087,2681,4200051,Abdon Batista
SC,80233,54.538767103133736,71.99583387579742,17.45706677266368,9356,4201208,Antônio Carlos
SC,80241,31.925444596443228,78.35119538334708,46.42575078690385,7760,4215653,Santa Rosa do Sul
SC,80250,50.04807114529504,71.6896551724138,21.641584027118753,28342,4201307,Araquari
SC,80268,29.975429975429975,71.67058823529412,41.695158259864144,2766,4204152,Celso Ramos
SC,80276,42.800172724732654,71.75459106629646,28.9544183415638,55062,4201406,Araranguá
SC,80284,54.975887768522576,63.23974082073434,8.263853052211765,2818,4217550,Serra Alta
SC,80292,43.8373804267844,67.12955122777308,23.29217080098868,7195,4201505,Armazém
SC,80306,54.25915386074749,75.55596397721007,21.29681011646258,14810,4204251,Cocal do Sul
SC,80314,42.49605055292259,56.121212121212125,13.625161568289535,3124,4201604,Arroio Trinta
SC,80322,27.48555792034053,49.23936665631791,21.753808735977383,3921,4211454,Nova Itaberaba
SC,80330,46.256345177664976,68.9353921170256,22.679046939360624,6550,4201703,Ascurra
SC,80349,22.124950258654994,40.794148380355274,18.66919812170028,6527,4215679,Santa Terezinha
SC,80357,13.739201974496092,25.740966301258627,12.001764326762535,2919,4201802,Atalanta
SC,80365,68.04670912951168,47.53654574986464,-20.51016337964704,2265,4210852,Mirim Doce
SC,80373,32.58133459985751,40.043103448275865,7.461768848418352,5541,4201901,Aurora
SC,80381,18.98094126798911,65.6528791565288,46.67193788853969,3206,4204178,Cerro Negro
SC,80390,54.73444152968006,70.81420936812323,16.079767838443168,109363,4202008,Balneário Camboriú
SC,80403,29.930858806404657,69.08821349147517,39.157354685070516,9127,4212254,Passo de Torres
SC,80411,52.886507762956484,63.928180216221364,11.04167245326488,29651,4202107,Barra Velha
SC,80420,45.040840140023334,53.09278350515464,8.051943365131308,3307,4202859,Braço do Trombudo
SC,80438,46.145161290322584,79.88800746616892,33.74284617584633,8293,4202206,Benedito Novo
SC,80446,33.96135265700483,60.947630922693264,26.986278265688433,2414,4217758,Sul Brasil
SC,80454,48.76453109524058,58.04532646130873,9.280795366068155,57678,4202305,Biguaçu
SC,80462,39.86013986013986,54.07005426739023,14.209914407250373,2628,4219150,Vargem
SC,80470,58.38317714192632,71.22286242923366,12.83968528730734,268225,4202404,Blumenau
SC,80489,46.67114996637525,60.484124489154354,13.8129745227791,3907,4201273,Arabutã
SC,80497,29.468021518230724,57.416750756811304,27.94872923858058,6587,4202602,Bom Retiro
SC,80500,35.973597359735976,63.56370474847203,27.59010738873605,2566,4200556,Águas Frias
SC,80519,38.764044943820224,30.232558139534884,-8.53148680428534,4908,4202701,Botuverá
SC,80527,33.735449735449734,48.36424255053136,14.628792815081624,6236,4206652,Guatambú
SC,80535,41.38341968911917,62.729174970107614,21.345755280988442,25562,4202800,Braço do Norte
SC,80543,32.38011438627365,45.01763668430335,12.637522298029701,2907,4213153,Planalto Alegre
SC,80551,63.9443661777299,39.132953185135605,-24.811412992594292,101298,4202909,Brusque
SC,80560,39.829974811083126,57.440573103223706,17.61059829214058,3992,4215075,Riqueza
SC,80578,22.527787924646454,38.54009802042548,16.01231009577903,53291,4203006,Caçador
SC,80586,32.960893854748605,55.31077891424076,22.349885059492152,1593,4209458,Lajeado Grande
SC,80594,55.886811520970184,74.30221366698748,18.4154021460173,5294,4203105,Caibi
SC,80608,26.843817787418654,70.88477366255144,44.04095587513278,2423,4215059,Rio Rufino
SC,80616,46.57025695775605,67.2456687926901,20.675411834934046,62277,4203204,Camboriú
SC,80624,30.98009763424709,43.333333333333336,12.353235699086245,3505,4212270,Passos Maia
SC,80632,61.08615761535321,80.67892123976922,19.592763624416015,10132,4203303,Campo Alegre
SC,80640,32.290150412421156,61.79966044142615,29.509510029004993,5102,4216255,São João do Oeste
SC,80659,21.10660115359966,58.47554038680318,37.36893923320352,5981,4203402,Campo Belo do Sul
SC,80667,14.315181518151816,25.57017543859649,11.254993920444674,3186,4203154,Calmon
SC,80675,35.35740335521517,50.23092554960281,14.87352219438764,7540,4203501,Campo Erê
SC,80683,36.973717785149276,63.29006429697925,26.316346511829977,11418,4202057,Balneário Barra do Sul
SC,80691,44.95793901156677,43.21266968325792,-1.7452693283088507,26900,4203600,Campos Novos
SC,80705,27.644673792849243,45.687732342007436,18.043058549158193,3609,4212239,Paraíso
SC,80713,52.24483903565757,62.138498275404615,9.893659239747045,10123,4203709,Canelinha
SC,80721,38.369565217391305,48.240635641316686,9.871070423925381,2208,4215554,Santa Helena
SC,80730,38.24919832060564,65.45399620231314,27.204797881707492,42693,4203808,Canoinhas
SC,80748,34.224890829694324,51.658510059815114,17.43361923012079,2400,4202156,Belmonte
SC,80756,50.45886075949367,71.9454849764884,21.486624216994734,17173,4203907,Capinzal
SC,80764,34.87354085603113,52.82277859597447,17.949237739943342,2570,4211652,Novo Horizonte
SC,80772,48.35371589840075,54.31105271801609,5.9573368196153424,8118,4204004,Catanduvas
SC,80780,36.0655737704918,70.28023598820059,34.214662217708785,1757,4217154,São Miguel da Boa Vista
SC,80799,26.076020122973727,39.90343652371485,13.827416400741125,4374,4204103,Caxambu do Sul
SC,80802,30.687830687830687,55.471698113207545,24.783867425376858,2620,4201653,Arvoredo
SC,80810,46.08585651152475,57.46498345869612,11.379126947171365,163646,4204202,Chapecó
SC,80829,27.701330927137377,35.25230987917555,7.550978952038172,5697,4207684,Ipuaçu
SC,80837,39.20492422558998,37.51711345669744,-1.6878107688925397,60391,4204301,Concórdia
SC,80845,39.96259351620947,59.40594059405941,19.443347077849936,2040,4211850,Ouro Verde
SC,80853,49.23028589381087,49.95909016527573,0.7288042714648597,8081,4204400,Coronel Freitas
SC,80861,17.399157134256473,33.20610687022901,15.806949735972534,2036,4207858,Irati
SC,80870,43.679047724016314,78.16879148667158,34.489743762655266,11990,4204509,Corupá
SC,80888,31.939362258233142,44.65,12.710637741766856,2622,4205431,Formosa do Sul
SC,80896,43.71668608140069,66.37972682155562,22.663040740154933,153706,4204608,Criciúma
SC,80900,16.5014164305949,60.0,43.4985835694051,2360,4210050,Macieira
SC,80918,64.4406875176106,74.35033010254249,9.909642584931888,8864,4204707,Cunha Porã
SC,80926,33.31570597567425,53.83777898747959,20.52207301180534,2635,4213351,Ponte Alta do Norte
SC,80934,43.6416720734081,49.501324981932065,5.859652908523962,31343,4204806,Curitibanos
SC,80942,29.56318252730109,56.006493506493506,26.443310979192415,3557,4216057,São Cristóvão do Sul
SC,80950,41.149832644221306,53.69949274094805,12.549660096726747,7241,4204905,Descanso
SC,80969,37.708600770218226,57.41658407664354,19.707983306425312,3962,4219176,Vargem Bonita
SC,80977,30.726256983240223,38.78295668549906,8.056699702258836,12087,4205001,Dionísio Cerqueira
SC,80985,49.04208416833667,41.28868164476473,-7.753402523571943,19110,4202453,Bombinhas
SC,80993,41.9187898089172,60.25401568920433,18.335225880287133,3429,4205100,Dona Emma
SC,81000,48.09286898839137,75.7882722214296,27.69540323303822,8877,4215455,Sangão
SC,81019,54.37459494491251,55.65335138794855,1.2787564430360376,3844,4205209,Erval Velho
SC,81027,61.703881312752884,64.31705176952325,2.613170456770362,18207,4203956,Capivari de Baixo
SC,81035,30.285549466397462,45.088122605363985,14.802573138966522,8705,4205308,Faxinal dos Guedes
SC,81043,37.74647887323944,46.654332408263954,8.907853535024515,4131,4204350,Cordilheira Alta
SC,81051,51.115662180612446,47.44999337660617,-3.6656688040062733,419575,4205407,Florianópolis
SC,81060,41.14397937891248,56.580981278983224,15.43700190007074,22444,4205456,Forquilhinha
SC,81078,27.539526190836995,67.79164405860011,40.25211786776312,26265,4205506,Fraiburgo
SC,81086,42.18464351005485,79.4894366197183,37.30479310966346,2721,4211256,Morro Grande
SC,81094,35.854214123006834,59.92491787893008,24.070703755923248,2750,4205605,Galvão
SC,81108,16.235718580877933,40.11228945726762,23.87657087638969,2010,4204459,Coronel Martins
SC,81116,36.045187844820035,58.324415227029505,22.27922738220947,16835,4206009,Governador Celso Ramos
SC,81124,48.168067226890756,70.92136150234742,22.753294275456668,4277,4216354,São João do Itaperiú
SC,81132,45.079403272377284,53.79172006463476,8.712316792257475,24083,4205704,Garopaba
SC,81140,47.838412473423105,43.05255579553636,-4.785856677886748,1699,4208955,Jardinópolis
SC,81159,50.544444444444444,72.26759145318269,21.723147008738245,12187,4205803,Garuva
SC,81167,35.188129305776364,71.40319715808171,36.215067852305346,2711,4205191,Ermo
SC,81175,51.932023425099885,65.19583539910758,13.263811974007695,51557,4205902,Gaspar
SC,81183,45.85453457048788,41.16889804325438,-4.685636527233498,4795,4217253,São Pedro de Alcântara
SC,81191,35.335226031884694,59.46524064171123,24.13001460982654,5610,4206108,Grão-Pará
SC,81205,17.79935275080906,21.061359867330015,3.262007116520955,1538,4215695,Santiago do Sul
SC,81213,46.68756815703381,75.36984168180638,28.68227352477257,9437,4206207,Gravatal
SC,81221,37.25044225423301,28.827361563517915,-8.423080690715093,5321,4202131,Bela Vista do Toldo
SC,81230,62.84201235657547,33.813534278959814,-29.028478077615652,17162,4206306,Guabiruba
SC,81248,20.043290043290042,58.20215410107705,38.15886405778701,3119,4203253,Capão Alto
SC,81256,50.456524792807976,38.8068023417898,-11.649722451018178,8880,4206405,Guaraciaba
SC,81264,22.22222222222222,56.562654779593856,34.340432557371635,2599,4211892,Painel
SC,81272,61.21296413368736,77.78090678682061,16.56794265313325,33627,4206504,Guaramirim
SC,81280,37.789799072642964,61.30653266331658,23.516733590673617,3180,4202438,Bocaina do Sul
SC,81299,36.81788297172913,38.9688650820221,2.150982110292972,3992,4206603,Guarujá do Sul
SC,81302,31.808873720136518,35.69405099150141,3.8851772713648955,1764,4200754,Alto Bela Vista
SC,81310,59.334434741562426,64.16898185978101,4.8345471182185875,16803,4206702,Herval d'Oeste
SC,81329,27.282976324689965,48.26012549914432,20.977149174454357,2251,4205555,Frei Rogério
SC,81337,47.136752136752136,75.78629900904782,28.649546872295687,3018,4206801,Ibicaré
SC,81345,38.283062645011604,64.09505208333333,25.811989438321724,3946,4218350,Treviso
SC,81353,41.349739000745714,65.25086035138561,23.901121350639897,15463,4206900,Ibirama
SC,81361,47.182775996335316,62.191424859246425,15.008648862911109,2888,4207577,Iomerê
SC,81370,41.274021129189,71.35715156688208,30.08313043769308,43841,4207007,Içara
SC,81388,46.35,40.78884078884079,-5.5611592111592145,2593,4202537,Bom Jesus
SC,81396,55.041573954795645,61.94854953475643,6.906975579960786,12431,4207106,Ilhota
SC,81400,35.06666666666667,45.89528118939884,10.828614522732167,1985,4206751,Ibiam
SC,81418,42.63157894736842,58.51250845165652,15.880929504288105,10187,4207205,Imaruí
SC,81426,27.754590984974957,57.55218993041343,29.79759894543847,3097,4205175,Entre Rios
SC,81434,45.218417945690675,55.29439939785829,10.075981452167618,42181,4207304,Imbituba
SC,81442,35.47094188376754,55.41237113402062,19.94142925025308,1999,4211876,Paial
SC,81450,23.4390243902439,28.883213373577895,5.444188983333994,5201,4207403,Imbuia
SC,81469,41.758957654723126,63.44294003868472,21.68398238396159,1876,4202578,Bom Jesus do Oeste
SC,81477,55.02370216209967,70.06570941834997,15.0420072562503,50894,4207502,Indaial
SC,81485,25.71846078908914,45.82291145572786,20.104450666638723,2576,4215752,São Bernardino
SC,81493,43.100511073253834,67.52359258054018,24.423081507286348,3857,4207601,Ipira
SC,81507,25.414364640883978,59.409190371991244,33.99482573110727,2456,4215687,Santa Terezinha do Progresso
SC,81515,37.79342723004695,44.091546006539,6.298118776492046,6026,4207700,Ipumirim
SC,81523,21.902834008097166,43.65210222588623,21.749268217789066,3274,4215356,Saltinho
SC,81531,38.97923875432526,62.274523277787324,23.295284523462065,7724,4207809,Irani
SC,81540,27.392739273927393,48.53185595567867,21.13911668175128,2255,4209177,Jupiá
SC,81558,25.646412411118295,59.79365079365079,34.14723838253249,8228,4207908,Irineópolis
SC,81566,24.05119152691968,73.92638036809817,49.875188841178485,3317,4212056,Palmeira
SC,81574,34.162700129813935,51.73184357541899,17.569143445605057,5888,4208005,Itá
SC,81582,39.69230769230769,37.10526315789474,-2.5870445344129536,2976,4202081,Bandeirante
SC,81590,51.85376789101569,54.60520138954089,2.751433498525195,16680,4208104,Itaiópolis
SC,81604,28.851744186046513,51.285819250551064,22.43407506450455,1771,4205357,Flor do Sertão
SC,81612,55.79804166498771,70.54858945778001,14.750547792792304,182250,4208203,Itajaí
SC,81620,36.40081799591002,59.285714285714285,22.884896289804267,1868,4204756,Cunhataí
SC,81639,47.33832648787952,70.17880386380763,22.84047737592811,60030,4208302,Itapema
SC,81647,32.515337423312886,41.010401188707284,8.495063765394399,2564,4214151,Princesa
SC,81655,16.464740602671636,56.01851851851852,39.55377791584688,12187,4208401,Itapiranga
SC,81663,59.31180435804985,70.64714413978867,11.335339781738817,21623,4208450,Itapoá
SC,81671,33.50597609561753,27.36015084852294,-6.145825247094585,19872,4208500,Ituporanga
SC,81680,34.293026231605886,46.794871794871796,12.50184556326591,2043,4217956,Tigrinhos
SC,81698,49.88771254411293,58.26170009551098,8.373987551398052,3843,4208609,Jaborá
SC,81701,21.762835074965924,28.041415012942192,6.278579937976268,2708,4204194,Chapadão do Lageado
SC,81710,32.03113941967445,52.771679473106474,20.74054005343202,9165,4208708,Jacinto Machado
SC,81728,44.74166361304507,70.50851019121664,25.766846578171574,13139,4201950,Balneário Arroio do Silva
SC,81736,49.186602870813395,71.47315355685365,22.28655068604025,16425,4208807,Jaguaruna
SC,81744,31.899594718263824,77.17251712328768,45.27292240502385,12988,4202073,Balneário Gaivota
SC,81752,59.631847972655144,78.21756301544895,18.5857150427938,130890,4208906,Jaraguá do Sul
SC,81760,29.528718703976438,41.955617198335645,12.426898494359207,1855,4202099,Barra Bonita
SC,81779,67.39268956728263,67.77205213701122,0.37936256972858473,22366,4209003,Joaçaba
SC,81787,43.47246891651865,44.46952595936794,0.997057042849292,2907,4202875,Brunópolis
SC,81795,58.54520817935452,67.12742733773146,8.582219158376944,441455,4209102,Joinville
SC,81809,60.42377009254749,76.6000505944852,16.176280501937704,4829,4210035,Luzerna
SC,81817,47.90755777638976,59.57842529448233,11.670867518092571,1979,4209201,Lacerdópolis
SC,81825,46.446917808219176,50.0,3.553082191780824,3214,4219853,Zortéa
SC,81833,24.781128143429548,58.70494603011598,33.92381788668643,124979,4209300,Lages
SC,81850,53.67015490791793,62.28473233964661,8.614577431728677,36420,4209409,Laguna
SC,81876,44.91844416562108,52.323232323232325,7.404788157611243,6020,4209508,Laurentino
SC,81892,32.171781756180735,62.355001094331364,30.18321933815063,12330,4209607,Lauro Müller
SC,81914,32.72496429138232,42.568005181347154,9.843040889964833,8737,4209706,Lebon Régis
SC,81930,29.91551459293395,31.425406203840474,1.509891610906525,3293,4209805,Leoberto Leal
SC,81957,33.61519062453642,46.786269247068795,13.171078622532377,9347,4209904,Lontras
SC,81973,50.69697350244883,43.80850811707548,-6.888465385373344,10211,4210001,Luiz Alves
SC,81990,56.66329284750337,74.15969366047369,17.49640081297032,42430,4210100,Mafra
SC,82015,65.13327601031814,59.89282769991756,-5.240448310400581,3305,4210209,Major Gercino
SC,82031,21.026225769669328,37.94485034173933,16.918624572070005,6050,4210308,Major Vieira
SC,82058,57.84115382105332,71.47156762295081,13.630413801897497,20394,4210506,Maravilha
SC,82066,41.42692750287687,58.28603859250851,16.85911108963164,2215,4210555,Marema
SC,82074,53.26697546072731,80.89812332439678,27.63114786366947,13335,4210605,Massaranduba
SC,82090,15.09433962264151,21.51826484018265,6.423925217541139,2463,4210704,Matos Costa
SC,82112,31.610819539765846,68.1799591002045,36.56913956043866,5868,4210803,Meleiro
SC,82139,45.237232886635276,60.03521126760563,14.797978380970356,3479,4210902,Modelo
SC,82155,56.748936170212765,75.22302642652753,18.47409025631476,7441,4211009,Mondaí
SC,82171,19.12304423411242,35.80123727798843,16.678193043876007,6982,4211108,Monte Castelo
SC,82198,62.41904761904762,72.42286751361162,10.003819894564003,14207,4211207,Morro da Fumaça
SC,82210,54.9408631816328,46.47139431312093,-8.469468868511868,66390,4211306,Navegantes
SC,82236,43.481074086056296,54.674862504044,11.193788417987705,4037,4211405,Nova Erechim
SC,82252,56.901234567901234,60.34720625431134,3.445971686410104,11342,4211504,Nova Trento
SC,82279,39.8316533305622,69.28492406718294,29.453270736620745,12429,4211603,Nova Veneza
SC,82295,48.724935373436736,64.56509846827133,15.840163094834594,19333,4211702,Orleans
SC,82317,56.99138502319417,72.48928007221846,15.497895049024294,5678,4211801,Ouro
SC,82333,55.13233467867122,55.443234136101125,0.31089945742990466,153829,4211900,Palhoça
SC,82350,41.41082727911882,60.6501698204755,19.239342541356677,5410,4212007,Palma Sola
SC,82376,46.780748663101605,66.7966211825861,20.01587251948449,12296,4212106,Palmitos
SC,82392,32.20625528317836,62.496878901373286,30.290623618194928,14657,4212205,Papanduva
SC,82414,54.58784035807535,63.30996751581467,8.722127157739322,7411,4212304,Paulo Lopes
SC,82430,46.79987511707774,76.51234567901234,29.7124705619346,4152,4212403,Pedras Grandes
SC,82457,42.23771983020012,47.54348972061149,5.305769890411369,26267,4212502,Penha
SC,82473,60.93205574912892,71.01271012710127,10.080654377972351,2879,4212601,Peritiba
SC,82490,34.75706214689266,34.751773049645394,-0.005289097247263896,5523,4212700,Petrolândia
SC,82511,49.72424442973748,59.7138139790864,9.989569549348921,23277,4212809,Balneário Piçarras
SC,82538,53.101323786529015,60.66290906031799,7.561585273788978,15631,4212908,Pinhalzinho
SC,82554,42.52146407591505,59.758820902188475,17.237356826273427,3010,4213005,Pinheiro Preto
SC,82570,50.918570009930484,60.83172147001934,9.913151460088855,5246,4213104,Piratuba
SC,82597,80.44580057923045,80.66198595787363,0.21618537864317489,27227,4213203,Pomerode
SC,82619,34.889670610809084,61.4196516595465,26.52998104873742,4025,4213302,Ponte Alta
SC,82635,33.09340749222967,53.49601938386985,20.402611891640177,8142,4213401,Ponte Serrada
SC,82651,37.97478852214297,52.06042043714326,14.085631915000285,20039,4213500,Porto Belo
SC,82678,37.29638958858102,62.501467997651204,25.205078409070182,25684,4213609,Porto União
SC,82694,62.569225757411225,66.89045183290708,4.321226075495851,12260,4213708,Pouso Redondo
SC,82716,27.35363924050633,54.6524876566654,27.29884841615907,6688,4213807,Praia Grande
SC,82732,47.762289068231844,39.57746478873239,-8.184824279499452,1670,4213906,Presidente Castello Branco
SC,82759,50.99832792367464,64.02501633529357,13.026688411618935,14268,4214003,Presidente Getúlio
SC,82775,33.85689354275742,51.26333520494104,17.406441662183624,2237,4214102,Presidente Nereu
SC,82791,40.376601327365336,41.066235864297255,0.6896345369319192,8066,4214201,Quilombo
SC,82813,49.30638129211256,71.23056118999324,21.924179897880677,3744,4214300,Rancho Queimado
SC,82830,40.86453882885147,56.06133205558218,15.196793226730705,5383,4214409,Rio das Antas
SC,82856,34.35554530781646,50.268696820420956,15.913151512604493,5436,4214508,Rio do Campo
SC,82872,30.600750938673343,45.426515930113055,14.825764991439712,6043,4214607,Rio do Oeste
SC,82899,54.10876132930514,71.47887323943662,17.370111910131484,8999,4214706,Rio dos Cedros
SC,82910,42.99534688083283,58.99361523969018,15.998268358857352,51075,4214805,Rio do Sul
SC,82937,50.27873639500929,54.943908165927475,4.665171770918185,4372,4214904,Rio Fortuna
SC,82953,56.090259159964255,72.96796889464913,16.877709734684878,31737,4215000,Rio Negrinho
SC,82970,49.127906976744185,64.57798784604996,15.45008086930578,9463,4215109,Rodeio
SC,82996,34.301958307012,69.56931782458346,35.267359517571464,4125,4215208,Romelândia
SC,83011,48.07453416149068,64.78418717224687,16.709653010756192,6343,4215307,Salete
SC,83038,36.81683899556869,50.59047619047619,13.7736371949075,3446,4215406,Salto Veloso
SC,83054,37.42710936570273,46.290950169448976,8.86384080374625,12253,4215505,Santa Cecília
SC,83070,41.2962962962963,53.229665071770334,11.933368775474037,2019,4215604,Santa Rosa de Lima
SC,83097,44.0914952826987,59.535759096612296,15.444263813913594,20294,4215703,Santo Amaro da Imperatriz
SC,83119,74.09720099558972,70.35095513105287,-3.7462458645368457,63831,4215802,São Bento do Sul
SC,83135,51.935483870967744,67.6923076923077,15.75682382133995,2932,4215901,São Bonifácio
SC,83151,52.56019506248095,58.27214497734729,5.711949914866338,8222,4216008,São Carlos
SC,83178,47.3433242506812,61.994219653179194,14.650895402497994,7343,4216107,São Domingos
SC,83194,58.96629374128749,62.922726476257225,3.956432734969738,42667,4216206,São Francisco do Sul
SC,83216,56.33820252537757,63.89255581702348,7.55435329164591,23137,4216305,São João Batista
SC,83232,24.986371070325276,63.54688021354688,38.5605091432216,7398,4216404,São João do Sul
SC,83259,41.56947444204464,57.387468221923136,15.817993779878499,19522,4216503,São Joaquim
SC,83275,52.045098336619645,57.01136483586081,4.966266499241165,194550,4216602,São José
SC,83291,52.882263887271456,63.280697619608766,10.39843373233731,10947,4216701,São José do Cedro
SC,83313,28.119687181230873,43.74382614422127,15.6241389629904,7722,4216800,São José do Cerrito
SC,83330,33.74856815578465,47.08061002178649,13.332041866001838,19025,4216909,São Lourenço do Oeste
SC,83356,46.82906913445836,75.2547490250346,28.42567989057624,9949,4217006,São Ludgero
SC,83372,40.440627333831216,64.41359152356594,23.972964189734725,3230,4217105,São Martinho
SC,83399,50.337428620868664,40.551747482440554,-9.78568113842811,32021,4217204,São Miguel do Oeste
SC,83410,49.60051134547779,49.177184853810516,-0.4233264916672752,7589,4217303,Saudades
SC,83437,55.7163255592575,76.17863801828997,20.462312459032475,14004,4217402,Schroeder
SC,83453,41.71909696521095,59.974784211036756,18.255687245825804,13942,4217501,Seara
SC,83470,41.339351061234446,50.27541886619233,8.936067804957887,11784,4217600,Siderópolis
SC,83496,46.48575465034142,77.83716170115989,31.351407050818466,22226,4217709,Sombrio
SC,83518,54.18012199497668,55.44989027066569,1.2697682756890103,14737,4217808,Taió
SC,83534,51.743375174337515,72.73831208257438,20.994936908236866,6620,4217907,Tangará
SC,83550,45.615282096845846,60.212912613923564,14.597630517077718,36910,4218004,Tijucas
SC,83577,62.52427184466019,74.57042122842827,12.046149383768082,35846,4218202,Timbó
SC,83593,41.66102678139805,63.638465094775775,21.977438313377725,15074,4218301,Três Barras
SC,83615,51.28880526810912,63.573562359970126,12.284757091861003,6518,4218400,Treze de Maio
SC,83631,69.85155759983274,77.29729729729729,7.445739697464546,6439,4218509,Treze Tílias
SC,83658,44.48742746615087,55.897907564957464,11.410480098806595,5522,4218608,Trombudo Central
SC,83674,72.90637969782969,70.81325740984086,-2.093122287988834,82205,4218707,Tubarão
SC,83682,33.69996944699053,66.82549136390709,33.12552191691656,4043,4218756,Tunápolis
SC,83690,53.60354958628133,71.08744000936439,17.483890423083054,10409,4218806,Turvo
SC,83712,42.437591776798826,56.310679611650485,13.87308783485166,8139,4218905,Urubici
SC,83739,47.23334695545566,68.3672621520565,21.13391519660084,17330,4219002,Urussanga
SC,83755,28.839732888146912,55.974557019536576,27.134824131389664,2999,4219101,Vargeão
SC,83771,17.491601343784993,30.5410912383971,13.049489894612108,5308,4219200,Vidal Ramos
SC,83798,48.564716246971585,63.16865666191989,14.603940414948305,39174,4219309,Videira
SC,83810,40.596676737160124,50.86206896551724,10.265392228357115,3494,4219408,Witmarsum
SC,83836,53.79323031640912,61.79389312977099,8.00066281336187,34900,4219507,Xanxerê
SC,83852,41.791044776119406,56.537753222836095,14.746708446716688,3388,4219606,Xavantina
SC,83879,29.30052403736614,58.94804737891404,29.6475233415479,22987,4219705,Xaxim
SC,83895,35.51034975017844,61.995167414566794,26.484817664388352,3852,4202503,Bom Jardim da Serra
SC,83909,25.517687661777394,50.59344196338765,25.075754301610253,13698,4220000,Balneário Rincão
SC,83917,30.84225409008281,62.31321560256161,31.4709615124788,6447,4210407,Maracajá
SC,83925,34.26081638893135,76.3273687298328,42.066552340901445,8428,4212650,Pescaria Brava
SC,83933,42.17970049916806,73.71536185095508,31.53566135178702,4542,4218103,Timbé do Sul
SC,83950,34.17477805112846,46.3223275580255,12.147549506897036,12108,4204558,Correia Pinto
SC,83976,27.30627306273063,66.88721804511279,39.580944982382164,12683,4211751,Otacílio Costa
SE,31003,38.87043189368771,53.97170837867247,15.101276484984758,6340,2806404,Santana do São Francisco
SE,31011,85.40591271703425,73.24470294972996,-12.1612097673043,3095,2800100,Amparo do São Francisco
SE,31038,53.678474114441414,44.8606739848008,-8.817800129640617,17282,2800209,Aquidabã
SE,31054,44.83152011115148,45.29988966339149,0.46836955224001287,419678,2800308,Aracaju
SE,31070,79.30496453900709,69.99180103853512,-9.313163500471973,9692,2800407,Arauá
SE,31097,74.08435072142065,60.251334136684456,-13.833016584736193,15284,2800506,Areia Branca
SE,31119,55.87305172803253,49.260871439038056,-6.612180288994473,31703,2800605,Barra dos Coqueiros
SE,31135,63.81278538812786,43.42607746863066,-20.386707919497198,8118,2800704,Brejo Grande
SE,31151,60.41385515069726,35.333164749020106,-25.080690401677153,22028,2800670,Boquim
SE,31194,67.9185351270553,48.91398783666377,-19.004547290391535,15709,2801009,Campo do Brito
SE,31216,57.428655486907914,54.38921205711264,-3.039443429795277,4709,2801108,Canhoba
SE,31232,56.19790426291974,53.44220670552254,-2.7556975573972053,24725,2801207,Canindé de São Francisco
SE,31259,53.95757608636684,53.14504392820568,-0.8125321581611615,27100,2801306,Capela
SE,31275,51.018482107746756,22.798397460125482,-28.220084647621274,17132,2801405,Carira
SE,31291,73.46772314145886,64.89089357552115,-8.576829565937715,12532,2801504,Carmópolis
SE,31313,64.8636045698298,73.32076361065285,8.457159040823043,5345,2801603,Cedro de São João
SE,31330,76.18532362777887,35.015408320493066,-41.169915307285805,14629,2801702,Cristinápolis
SE,31356,64.70286007878062,54.03455796007381,-10.668302118706805,7652,2804458,Nossa Senhora Aparecida
SE,31372,44.92961792588337,46.14098634717192,1.2113684212885474,4501,2801900,Cumbe
SE,31399,72.31638418079096,63.325401546698394,-8.990982634092568,4410,2802007,Divina Pastora
SE,31410,61.384771459167,36.289612676056336,-25.095158783110662,50960,2802106,Estância
SE,31437,53.306655433866894,42.70407169296708,-10.602583740899817,6298,2802205,Feira Nova
SE,31453,82.09554395824969,25.076623014767346,-57.01892094348234,13548,2802304,Frei Paulo
SE,31470,62.8110599078341,61.80904522613066,-1.002014681703443,3344,2802502,General Maynard
SE,31496,77.21782590587256,57.441040932502034,-19.776784973370525,9619,2802403,Gararu
SE,31518,53.614830072090626,54.30932703659976,0.6944969645091348,6449,2802601,Graccho Cardoso
SE,31534,56.55639697090474,44.16994198016096,-12.386454990743786,7752,2802700,Ilha das Flores
SE,31550,39.950295122708916,71.1214292924195,31.17113416971059,13697,2802809,Indiaroba
SE,31577,64.84947549935336,57.36448598130841,-7.484989518044948,76642,2802908,Itabaiana
SE,31593,68.36169610736084,68.71823379923761,0.35653769187676687,32187,2803005,Itabaianinha
SE,31615,63.921345112567685,33.18741450068399,-30.733930611883693,4734,2803104,Itabi
SE,31631,59.01964675530859,66.60736856888722,7.587721813578632,29784,2803203,Itaporanga d'Ajuda
SE,31658,68.27034323177786,71.82579872939877,3.555455497620912,14928,2803302,Japaratuba
SE,31674,40.97982008266472,24.26522454737832,-16.714595535286403,11504,2803401,Japoatã
SE,31690,46.23034632489407,30.936544156916057,-15.293802167978015,82328,2803500,Lagarto
SE,31712,50.76844262295082,41.664535924316034,-9.103906698634788,22129,2803609,Laranjeiras
SE,31739,63.16959773600162,54.38629167442727,-8.78330606157435,6860,2803708,Macambira
SE,31755,68.70098874872144,34.84276729559748,-33.85822145312396,4297,2803807,Malhada dos Bois
SE,31771,78.56473423483733,77.83296301137106,-0.7317712234662679,10440,2803906,Malhador
SE,31798,56.37962862417201,38.80923716756047,-17.57039145661154,13205,2804003,Maruim
SE,31810,84.39002403846153,70.65614496565834,-13.733879072803191,9837,2804102,Moita Bonita
SE,31836,70.15420860998073,50.39177775516434,-19.762430854816387,12763,2804201,Monte Alegre de Sergipe
SE,31852,81.84480234260614,35.097248992465396,-46.74755335014075,7509,2804300,Muribeca
SE,31879,62.04313960455362,57.04125177809388,-5.001887826459743,14404,2804409,Neópolis
SE,31895,67.7801192664664,39.05352726663034,-28.72659199983606,30462,2804508,Nossa Senhora da Glória
SE,31917,58.646864686468646,39.04588079803638,-19.600983888432268,21458,2804607,Nossa Senhora das Dores
SE,31933,37.31646713349898,23.076923076923077,-14.239544056575905,6277,2804706,Nossa Senhora de Lourdes
SE,31950,63.5647043460712,49.339034073557,-14.2256702725142,123840,2804805,Nossa Senhora do Socorro
SE,31976,60.986377396569125,51.71071260028315,-9.275664796285973,11849,2804904,Pacatuba
SE,31992,47.26775956284153,38.03081548290117,-9.236944079940365,3372,2805000,Pedra Mole
SE,32018,55.419903810580834,38.879485443466486,-16.54041836711435,7917,2805109,Pedrinhas
SE,32034,69.60321209258385,55.73770491803279,-13.865507174551055,5635,2805208,Pinhão
SE,32050,63.149768399382396,56.267687697686036,-6.88208070169636,8574,2805307,Pirambu
SE,32077,70.42803970223325,63.56417143524466,-6.8638682669885895,22763,2805406,Poço Redondo
SE,32093,65.42225950782998,53.469127943984724,-11.953131563845254,19502,2805505,Poço Verde
SE,32115,66.01754289181883,47.85602187009568,-18.161521021723154,25096,2805604,Porto da Folha
SE,32131,68.12449145646868,58.53558487728174,-9.588906579186933,20110,2805703,Propriá
SE,32158,60.531182954797664,56.6603718768158,-3.8708110779818625,17768,2805802,Riachão do Dantas
SE,32174,54.36161096829477,48.44774060020697,-5.9138703680877995,8232,2805901,Riachuelo
SE,32190,82.04345815996301,60.794250437667,-21.249207722296006,14761,2806008,Ribeirópolis
SE,32212,57.02127659574468,62.918126791971964,5.896850196227284,8983,2806107,Rosário do Catete
SE,32239,41.469919209349754,34.560431549788596,-6.909487659561158,17915,2806206,Salgado
SE,32255,51.341385886840435,42.3561256914205,-8.985260195419933,12169,2806305,Santa Luzia do Itanhy
SE,32298,79.8818407960199,67.50841750841751,-12.373423287602392,4657,2806503,Santa Rosa de Lima
SE,32310,64.72954850245866,39.565655112900906,-25.16389338955775,10453,2806602,Santo Amaro das Brotas
SE,32336,53.84632702222022,38.842532014843734,-15.003795007376489,61856,2806701,São Cristóvão
SE,32352,78.86252490490853,69.88903833221251,-8.973486572696018,8598,2806800,São Domingos
SE,32379,41.909155429382544,49.00489396411093,7.095738534728383,3798,2806909,São Francisco
SE,32395,78.96112381574649,64.69270166453265,-14.26842215121384,3982,2807006,São Miguel do Aleixo
SE,32417,45.735466545633344,32.4028941355674,-13.332572410065943,37093,2807105,Simão Dias
SE,32433,66.70670670670671,51.67877478892598,-15.027931917780734,6786,2807204,Siriri
SE,32450,46.701388888888886,34.02025847013622,-12.681130418752666,3641,2807303,Telha
SE,32476,69.91526748585186,70.9623778840158,1.0471103981639374,42750,2807402,Tobias Barreto
SE,32492,62.62263368799226,33.405309284897754,-29.21732440309451,10521,2807501,Tomar do Geru
SE,32514,75.06421075805386,63.29322791337229,-11.77098284468157,19760,2807600,Umbaúba
SP,61000,41.297808336914485,28.093567251461987,-13.204241085452498,6336,3515350,Euclides da Cunha Paulista
SP,61018,62.56815703380589,66.89821298526694,4.330055951461048,25494,3500105,Adamantina
SP,61026,42.51679902260232,41.209723007348785,-1.3070760152535357,2400,3507456,Borebi
SP,61034,50.101146325016856,65.69008118602189,15.58893486100503,3977,3500204,Adolfo
SP,61042,65.62316801500762,57.27587441804942,-8.347293596958202,11526,3553955,Tarumã
SP,61050,52.675264972545015,58.82655026319168,6.151285290646662,24235,3500303,Aguaí
SP,61069,32.536837913182,34.59616985845129,2.0593319452692924,3384,3532058,Motuca
SP,61077,40.05524861878453,54.983698183511876,14.928449564727345,5911,3500402,Águas da Prata
SP,61085,38.493434692467176,40.72494669509595,2.231512002628776,4414,3519253,Iaras
SP,61093,53.63584036838066,51.56295085120708,-2.0728895171735857,14061,3500501,Águas de Lindóia
SP,61107,30.501089324618736,39.5932382461701,9.092148921551367,5765,3518859,Guatapará
SP,61115,57.501674480910914,53.40050377833753,-4.101170702573384,4335,3500600,Águas de São Pedro
SP,61123,73.14285714285714,54.20336269015212,-18.93949445270502,1702,3513850,Dirce Reis
SP,61131,48.49102377486657,54.7303713329002,6.239347558033629,28853,3500709,Agudos
SP,61140,41.232819658475634,49.00689096068099,7.774071302205357,3546,3515194,Espírito Santo do Turvo
SP,61158,58.98856944925528,62.41379310344828,3.4252236541929975,3964,3500808,Alfredo Marcondes
SP,61166,46.05109721191562,36.71027619367103,-9.34082101824459,14263,3544251,Rosana
SP,61174,63.31797235023041,34.89535941765241,-28.422612932578005,2954,3500907,Altair
SP,61182,60.72031513787282,37.64705882352941,-23.073256314343404,2448,3514957,Embaúba
SP,61190,28.546752648549056,37.087691069991955,8.540938421442899,12706,3501004,Altinópolis
SP,61204,56.6096762459076,37.23069845894349,-19.378977786964107,20245,3520442,Ilha Solteira
SP,61212,64.52380952380952,61.50093808630394,-3.0228714375055787,3662,3501103,Alto Alegre
SP,61220,41.716779825412225,35.47540346101497,-6.241376364397254,14040,3501152,Alumínio
SP,61239,56.8359375,43.969465648854964,-12.866471851145036,3612,3501202,Álvares Florence
SP,61247,57.34032411820782,50.47892720306513,-6.861396915142684,2726,3537156,Pedrinhas Paulista
SP,61255,69.27307863832317,49.44283315524348,-19.830245483079693,17955,3501301,Álvares Machado
SP,61263,54.53126355042928,47.839095744680854,-6.692167805748426,17829,3502754,Araçariguama
SP,61271,53.689320388349515,34.95890410958904,-18.730416278760472,2756,3501400,Álvaro de Carvalho
SP,61280,43.261330704191685,42.31156059674806,-0.9497701074436264,52927,3506359,Bertioga
SP,61298,57.659115426105714,63.072916666666664,5.41380124056095,2634,3501509,Alvinlândia
SP,61301,51.04961832061068,50.1937984496124,-0.8558198709982818,2988,3552551,Suzanápolis
SP,61310,41.51574254667038,52.770867190929884,11.255124644259503,181010,3501608,Americana
SP,61328,37.279735682819386,41.98139025725233,4.701654574432943,7290,3548054,Santo Antônio do Aracanguá
SP,61336,40.61332912524328,44.96817297069809,4.354843845454809,27310,3501707,Américo Brasiliense
SP,61344,55.86734693877551,52.684101858224366,-3.1832450805511456,4337,3510153,Canitar
SP,61352,56.587651598676956,69.50947603121516,12.921824432538202,4769,3501806,Américo de Campos
SP,61360,73.78867483946293,66.75995024875621,-7.028724590706716,4672,3505351,Barra do Chapéu
SP,61379,52.58553553813405,52.6586159597644,0.073080421630344,53743,3501905,Amparo
SP,61387,67.32323232323232,46.44549763033175,-20.877734692900567,2716,3515129,Emilianópolis
SP,61395,51.506657323055364,58.38591829956825,6.879260976512889,4681,3502002,Analândia
SP,61409,82.98113207547169,65.17216642754663,-17.808965647925064,3922,3533254,Novais
SP,61417,49.27980487161739,41.767467361134905,-7.512337510482482,42475,3502101,Andradina
SP,61425,58.4070796460177,59.64912280701754,1.2420431609998417,2275,3532843,Nova Canaã Paulista
SP,61433,41.854953389161004,57.10034716482063,15.245393775659629,17865,3502200,Angatuba
SP,61441,54.95564982645584,45.73699421965318,-9.218655606802663,7141,3545159,Saltinho
SP,61450,45.62449200758602,46.16918256906864,0.5446905614826179,5471,3502309,Anhembi
SP,61468,50.618458610846815,44.58454574846427,-6.033912862382543,4496,3555356,Ubarana
SP,61476,67.00201207243461,53.19744204636291,-13.804570026071701,3315,3502408,Anhumas
SP,61484,49.10228853205209,64.53450731580992,15.432218783757826,22016,3509254,Cajati
SP,61492,49.15342908779606,51.77015386147488,2.6167247736788184,26836,3502507,Aparecida
SP,61506,50.08201202843084,64.67576791808874,14.5937558896579,4857,3509452,Campina do Monte Alegre
SP,61514,60.52819414703783,50.407709414381024,-10.120484732656806,3777,3502606,Aparecida d'Oeste
SP,61522,55.67528735632184,33.284989122552574,-22.390298233769265,1875,3503950,Aspásia
SP,61530,39.984813971146544,49.576237623762374,9.59142365261583,18736,3502705,Apiaí
SP,61549,55.729417428984114,53.002902433578925,-2.7265149954051893,6582,3556354,Vargem
SP,61557,58.81459105679894,42.78279106459123,-16.03179999220771,144887,3502804,Araçatuba
SP,61565,52.780395852968894,54.65449527650993,1.8740994235410326,12546,3540754,Potim
SP,61573,47.63330007759672,56.32165260653255,8.68835252893583,26408,3502903,Araçoiaba da Serra
SP,61581,40.371167294244216,61.66577682861719,21.294609534372974,5139,3500758,Alambari
SP,61590,37.657828282828284,42.46875,4.810921717171716,4523,3503000,Aramina
SP,61603,36.46277856804173,39.84119570294255,3.378417134900822,3039,3522158,Itaoca
SP,61611,64.23891129032258,57.35858715126696,-6.880324139055617,5528,3503109,Arandu
SP,61620,58.33556328605834,32.58737742016596,-25.74818586589238,5542,3554953,Tuiuti
SP,61638,48.898536195808234,41.00594398549264,-7.892592210315591,170072,3503208,Araraquara
SP,61646,22.93423271500843,49.199762892708954,26.265530177700523,2505,3503158,Arapeí
SP,61654,64.97971014492754,53.96517245909297,-11.014537685834568,96612,3503307,Araras
SP,61662,28.27398047099368,30.68540292515056,2.4114224541568774,9490,3557303,Estiva Gerbi
SP,61670,54.497232472324725,53.37078651685393,-1.1264459554707926,6343,3503406,Arealva
SP,61689,47.565326390897695,49.31149981391887,1.746173423021176,14967,3515152,Engenheiro Coelho
SP,61697,36.40368442130557,47.56049186830623,11.15680744700066,3463,3503505,Areias
SP,61700,42.98245614035088,55.15397775876818,12.171521618417302,6413,3543253,Ribeirão Grande
SP,61719,29.979360165118678,35.39701594923684,5.4176557841181605,8193,3503604,Areiópolis
SP,61727,47.67871886610706,48.96333358731449,1.2846147212074257,164275,3519071,Hortolândia
SP,61735,72.56900212314225,57.46841155234657,-15.100590570795681,6455,3503703,Ariranha
SP,61743,46.40311082307194,46.21543717305434,-0.18767365001760083,12570,3519055,Holambra
SP,61751,51.6522437652901,57.391771019677996,5.739527254387895,38528,3503802,Artur Nogueira
SP,61760,62.96296296296296,39.76083707025411,-23.20212589270885,2737,3514924,Elisiário
SP,61778,52.52212564987895,54.43796279928505,1.9158371494061015,71346,3503901,Arujá
SP,61786,66.74856674856674,58.24958123953099,-8.498985509035755,3289,3507159,Bom Sucesso de Itararé
SP,61794,58.155642806805595,42.43198495595119,-15.723657850854408,69743,3504008,Assis
SP,61808,56.52370203160271,47.97843665768194,-8.54526537392077,3157,3540259,Pontalinda
SP,61816,39.49666339667429,47.784014843694955,8.287351447020662,119007,3504107,Atibaia
SP,61824,63.8147961751384,47.489441576724545,-16.325354598413853,3085,3536257,Parisi
SP,61832,62.51408538875673,51.04645227156713,-11.467633117189607,11053,3504206,Auriflama
SP,61840,56.481219994351875,66.92371247590195,10.442492481550076,5121,3553856,Taquarivaí
SP,61859,42.945843394273886,59.12739965095986,16.181556256685973,4189,3504305,Avaí
SP,61867,80.52147239263803,47.136150234741784,-33.38532215789625,2797,3528858,Marapoama
SP,61875,55.87636498241717,61.10251450676983,5.226149524352657,7451,3504404,Avanhandava
SP,61883,47.96557120500783,50.19305019305019,2.227478988042364,1809,3549250,São João de Iracema
SP,61891,46.808797733099446,49.66483011937557,2.8560323862761265,64377,3504503,Avaré
SP,61905,46.15290966642318,45.551474943727044,-0.6014347226961334,11946,3549953,São Lourenço da Serra
SP,61913,59.0931348545686,60.0301154425297,0.9369805879610951,16955,3504602,Bady Bassitt
SP,61921,58.44827586206897,71.80762852404644,13.359352661977468,2570,3557154,Zacarias
SP,61930,52.19084712755599,42.857142857142854,-9.333704270413136,1423,3504701,Balbinos
SP,61948,20.364741641337385,55.36270582999555,34.99796418865816,3305,3522653,Itapirapuã Paulista
SP,61956,53.05701425356339,57.90768066590995,4.850666412346563,7397,3504800,Bálsamo
SP,61964,58.37922895357986,61.70531039640987,3.3260814428300094,1887,3529658,Mesópolis
SP,61972,35.460636515912896,51.25646052397077,15.795824008057878,8231,3504909,Bananal
SP,61980,69.35885167464114,55.26675786593707,-14.092093808704071,6959,3532827,Nova Campina
SP,61999,61.536388140161726,41.100969766115234,-20.435418374046492,4970,3505104,Barbosa
SP,62006,57.70209671554963,56.21208444552293,-1.4900122700266962,13297,3520426,Ilha Comprida
SP,62014,74.81940144478844,73.46938775510205,-1.3500136896863921,2926,3505005,Barão de Antonina
SP,62022,56.002982848620434,47.51420454545455,-8.488778303165887,1877,3527256,Lourdes
SP,62030,41.740272141322514,48.88005552400782,7.139783382685309,23149,3505203,Bariri
SP,62049,50.95264017419706,56.048600105652405,5.095959931455347,2545,3554656,Torre de Pedra
SP,62057,49.60423444859904,48.66972703489807,-0.9345074137009703,28333,3505302,Barra Bonita
SP,62065,66.38141809290954,60.40765904879555,-5.97375904411399,2331,3503356,Arco-Íris
SP,62073,37.3345299528831,37.723378212974296,0.3888482600911942,6314,3505401,Barra do Turvo
SP,62081,55.40911587040088,45.04411001556824,-10.365005854832638,2875,3507753,Brejo Alegre
SP,62090,64.62948301130334,47.45058100707894,-17.178902004224398,85197,3505500,Barretos
SP,62103,48.86845827439887,52.78622087132725,3.917762596928384,3959,3509957,Canas
SP,62111,39.207074256266104,45.634070901736855,6.4269966454707514,23637,3505609,Barrinha
SP,62120,63.50435624394966,38.285714285714285,-25.218641958235374,1476,3540853,Pracinha
SP,62138,43.968688059813836,45.549368489862914,1.5806804300490782,297336,3505708,Barueri
SP,62146,49.7994446158593,51.84368105893476,2.0442364430754623,4725,3541059,Pratânia
SP,62154,63.18403841377597,63.6260375709917,0.4419991572157258,16975,3505807,Bastos
SP,62162,59.056603773584904,61.693548387096776,2.636944613511872,4032,3541653,Quadra
SP,62170,37.207602339181285,49.07117089781194,11.863568558630654,42268,3505906,Batatais
SP,62189,28.964613368283093,43.15276932440657,14.188155956123477,2342,3546256,Santa Cruz da Esperança
SP,62197,41.703877729891765,55.11859268933714,13.414714959445377,277883,3506003,Bauru
SP,62200,70.28265851795264,59.87394957983193,-10.40870893812071,1836,3547650,Santa Salete
SP,62219,52.8476378863,47.041405013529385,-5.8062328727706145,56372,3506102,Bebedouro
SP,62227,61.9520264681555,43.89671361502347,-18.05531285313203,1673,3556958,Vitória Brasil
SP,62235,71.01910828025478,54.352159468438536,-16.666948811816248,2146,3506201,Bento de Abreu
SP,62243,68.09135399673735,70.56159420289855,2.4702402061611934,4916,3521150,Ipiguá
SP,62251,54.689424599683264,61.755368814192344,7.065944214509081,7724,3506300,Bernardino de Campos
SP,62260,30.306674684305474,36.486486486486484,6.1798118021810104,2275,3553658,Taquaral
SP,62278,74.75301866081229,55.37045155633494,-19.382567104477346,6346,3506409,Bilac
SP,62286,55.884995507637015,44.22604422604422,-11.658951281592792,1689,3515657,Fernão
SP,62294,56.55913978494624,63.834546361774976,7.275406576828736,84471,3506508,Birigui
SP,62308,25.464807436918992,43.61997226074896,18.155164823829967,4165,3516853,Gavião Peixoto
SP,62316,63.22798295454545,68.74090247452693,5.51291951998148,24212,3506607,Biritiba Mirim
SP,62324,33.15665488810365,48.68051656372824,15.523861675624588,2457,3525854,Jumirim
SP,62332,31.866611318666113,33.45111896348646,1.584507644820345,9706,3506706,Boa Esperança do Sul
SP,62340,64.87455197132617,60.49304677623262,-4.381505195093553,2205,3532157,Nantes
SP,62359,41.455951038814625,49.957933703516744,8.501982664702119,8535,3506805,Bocaina
SP,62367,66.12554112554112,56.003937007874015,-10.121604117667104,1375,3532868,Nova Castilho
SP,62375,42.55242227042661,42.96022822621245,0.40780595578583956,8935,3506904,Bofete
SP,62383,50.22363026462914,50.21582733812949,-0.007802926499650198,7997,3534757,Ouroeste
SP,62391,42.84118473126516,57.80860583130649,14.967421100041328,47623,3507001,Boituva
SP,62405,40.92526690391459,34.325259515570934,-6.600007388343656,1993,3536570,Paulistânia
SP,62413,36.35434680081748,43.40680439290377,7.0524575920862915,18368,3507100,Bom Jesus dos Perdões
SP,62421,48.96206156048676,44.50261780104712,-4.459443759439637,1918,3543238,Ribeirão dos Índios
SP,62430,53.72945638432364,55.48549810844893,1.7560417241252892,1094,3507209,Borá
SP,62448,54.62809917355372,59.80784627702162,5.179747103467896,1649,3554755,Trabiju
SP,62456,55.09393063583815,53.81583661769975,-1.2780940181383968,3884,3507308,Boracéia
SP,62472,55.19704119372529,65.10409846798481,9.907057274259522,10738,3507407,Borborema
SP,62499,28.640922310471197,29.476248477466505,0.8353261669953085,110798,3507506,Botucatu
SP,62510,63.71715819141929,54.8693433250428,-8.847814866376488,131092,3507605,Bragança Paulista
SP,62553,58.09768637532134,68.216805644644,10.11911926932266,4231,3507704,Braúna
SP,62570,34.90909090909091,50.116877045348296,15.20778613625739,17196,3507803,Brodowski
SP,62596,61.36345235203627,54.356708079713165,-7.006744272323104,17820,3507902,Brotas
SP,62618,55.89151548469855,66.01075062392013,10.11923513922158,14877,3508009,Buri
SP,62634,65.84656676358756,68.56613641316191,2.7195696495743533,13143,3508108,Buritama
SP,62650,70.82142857142857,56.33849193282845,-14.482936638600123,4125,3508207,Buritizal
SP,62677,50.765306122448976,47.260007773027596,-3.5052983494213805,3698,3508306,Cabrália Paulista
SP,62693,55.810877831046454,67.47377238820854,11.66289455716209,36426,3508405,Cabreúva
SP,62715,46.75625753920386,57.890195025600704,11.133937486396846,72593,3508504,Caçapava
SP,62731,50.38298845318395,52.15837872664441,1.7753902734604594,23891,3508603,Cachoeira Paulista
SP,62758,31.386252216543237,20.135866680819447,-11.25038553572379,13330,3508702,Caconde
SP,62774,48.66232827187274,55.564774208842,6.902445936969265,12245,3508801,Cafelândia
SP,62790,64.49332285938728,63.564041368337314,-0.9292814910499629,3330,3508900,Caiabu
SP,62812,38.71612660583147,45.698280936047574,6.982154330216105,72229,3509007,Caieiras
SP,62839,54.63483146067416,52.14534209509084,-2.4894893655833172,3755,3509106,Caiuá
SP,62855,39.98388943061856,60.19637615143233,20.21248672081377,70020,3509205,Cajamar
SP,62871,45.91874084919473,26.189266971389877,-19.72947387780485,7437,3509304,Cajobi
SP,62898,20.66537153958232,37.86284900735585,17.197477467773528,18240,3509403,Cajuru
SP,62910,46.87318761854506,49.364278977380664,2.491091358835604,871091,3509502,Campinas
SP,62936,47.308187497019695,57.78313253012048,10.474945033100788,59440,3509601,Campo Limpo Paulista
SP,62952,44.81749515561356,63.90788336084257,19.09038820522901,38106,3509700,Campos do Jordão
SP,62979,56.494464944649444,65.51600143833153,9.021536493682085,3805,3509809,Campos Novos Paulista
SP,62995,58.51166643655944,53.45666991236612,-5.054996524193321,10409,3509908,Cananéia
SP,63010,55.89348967875901,57.25071758392612,1.3572279051671075,22894,3510005,Cândido Mota
SP,63037,66.7975322490185,45.32374100719424,-21.47379124182426,2853,3510104,Cândido Rodrigues
SP,63053,62.37393016434283,64.64083905849832,2.2669088941554847,34293,3510203,Capão Bonito
SP,63070,42.49666730146639,52.55043776170537,10.05377046023898,14543,3510302,Capela do Alto
SP,63096,54.40598829022456,53.68791697553743,-0.7180713146871298,37609,3510401,Capivari
SP,63118,46.619552414605415,46.98850204169353,0.36894962708811363,106195,3510500,Caraguatatuba
SP,63134,39.941867565521115,26.628923013287835,-13.31294455223328,290282,3510609,Carapicuíba
SP,63150,55.36401673640167,45.198567708333336,-10.165449028068338,9593,3510708,Cardoso
SP,63177,47.26265238271149,49.503928883244704,2.2412765005332176,19558,3510807,Casa Branca
SP,63193,26.106194690265486,54.10103204780011,27.994837357534625,2667,3510906,Cássia dos Coqueiros
SP,63215,47.615047138990015,38.90107793570543,-8.713969203284584,15377,3511003,Castilho
SP,63231,66.61062705096911,59.52139182236664,-7.089235228602476,86117,3511102,Catanduva
SP,63258,72.57352941176471,54.99141525631592,-17.582114155448792,5688,3511201,Catiguá
SP,63274,64.50082131775872,58.876840912769055,-5.623980404989666,8582,3511300,Cedral
SP,63290,48.80834160873883,46.89862276069173,-1.909718848047099,14958,3511409,Cerqueira César
SP,63312,38.675230830991566,60.76049226885453,22.08526143786296,36003,3511508,Cerquilho
SP,63339,48.907411579184505,58.33873406783322,9.431322488648718,13804,3511607,Cesário Lange
SP,63355,65.3809167646116,51.38992437959314,-13.990992385018458,13212,3511706,Charqueada
SP,63371,59.81134993041596,59.651409024271054,-0.15994090614490375,8675,3557204,Chavantes
SP,63398,59.819532908704886,40.44512663085188,-19.374406277853005,5273,3511904,Clementina
SP,63410,39.09209339613188,45.095619987661934,6.003526591530054,14048,3512001,Colina
SP,63436,45.02142677085959,35.35031847133758,-9.671108299522011,5796,3512100,Colômbia
SP,63452,38.735480281004385,53.89863547758284,15.163155196578458,20926,3512209,Conchal
SP,63479,46.558382553384824,42.32664343227977,-4.231739121105051,12626,3512308,Conchas
SP,63495,57.50915750915751,63.30834442653962,5.799186917382109,19566,3512407,Cordeirópolis
SP,63517,59.014224280516046,51.9634394041977,-7.050784876318346,4020,3512506,Coroados
SP,63533,60.16399043389136,58.59624246721021,-1.5677479666811465,3793,3512605,Coronel Macedo
SP,63550,40.29484029484029,45.727198027937554,5.4323577330972626,3523,3512704,Corumbataí
SP,63576,50.36498783373887,50.676821764725446,0.3118339309865732,44572,3512803,Cosmópolis
SP,63592,56.59928656361475,31.543101770772523,-25.056184792842224,7030,3512902,Cosmorama
SP,63614,42.1517336491328,43.12392747892263,0.9721938297898305,193978,3513009,Cotia
SP,63630,36.46518829840181,41.923415492957744,5.458227194555931,27124,3513108,Cravinhos
SP,63657,40.90735068912711,51.38024883359253,10.472898144465425,7311,3513207,Cristais Paulista
SP,63673,71.32911392405063,53.65384615384615,-17.675267770204478,1966,3513306,Cruzália
SP,63690,39.487166975700205,49.443673520878015,9.95650654517781,56185,3513405,Cruzeiro
SP,63711,36.48352930878534,38.97273129568309,2.489201986897747,90309,3513504,Cubatão
SP,63738,44.18422495496201,63.86692759295499,19.682702637992975,18135,3513603,Cunha
SP,63754,47.1873634263595,50.542381432896065,3.355018006536568,24907,3513702,Descalvado
SP,63770,27.63592385292321,27.522069499995546,-0.11385435292766388,330772,3513801,Diadema
SP,63797,29.46014655301331,40.46680812367384,11.006661570660533,9543,3513900,Divinolândia
SP,63819,30.31042128603104,31.40601664177512,1.0955953557440807,6727,3514007,Dobrada
SP,63835,46.9962744489289,46.43681821801099,-0.5594562309179096,18565,3514106,Dois Córregos
SP,63851,41.207008436080464,22.076440387906445,-19.13056804817402,2355,3514205,Dolcinópolis
SP,63878,55.700472228468634,39.10434968930791,-16.596122539160724,6798,3514304,Dourado
SP,63894,72.94631710362047,57.34250698774457,-15.603810115875902,33614,3514403,Dracena
SP,63916,49.561097951790444,49.21473653309849,-0.3463614186919557,9857,3514502,Duartina
SP,63932,38.56414280109847,44.63551401869159,6.071371217593118,7337,3514601,Dumont
SP,63959,54.90839485917419,53.483835005574136,-1.4245598536000514,5070,3514700,Echaporã
SP,63975,49.11715427245779,49.88126833356614,0.7641140611083515,10787,3514809,Eldorado
SP,63991,49.05073140367258,46.264811952601754,-2.785919451070825,13526,3514908,Elias Fausto
SP,64017,49.071594540635196,56.639118842851445,7.567524302216249,206229,3515004,Embu das Artes
SP,64033,51.83034862485349,45.82259736413446,-6.007751260719033,53715,3515103,Embu-Guaçu
SP,64050,70.66299512815081,31.666994686085417,-38.996000442065395,7128,3515202,Estrela d'Oeste
SP,64076,42.14963119072708,35.714285714285715,-6.435345476441363,2464,3515301,Estrela do Norte
SP,64092,43.82893862175936,50.29106266407944,6.462124042320077,12518,3515400,Fartura
SP,64114,64.4787206895574,63.42685080633487,-1.0518698832225368,50193,3515509,Fernandópolis
SP,64130,63.30831408775982,41.10304789550072,-22.205266192259096,5086,3515608,Fernando Prestes
SP,64157,26.04042303669347,30.831587675656802,4.791164638963334,128862,3515707,Ferraz de Vasconcelos
SP,64173,45.97594819611471,34.914228052472254,-11.061720143642454,1428,3515806,Flora Rica
SP,64190,60.91139240506329,65.63665423548215,4.725261830418866,2670,3515905,Floreal
SP,64211,59.42240906598428,38.2730455075846,-21.149363558399685,7407,3516002,Flórida Paulista
SP,64238,79.9405646359584,42.53048780487805,-37.410076831080346,2673,3516101,Florínea
SP,64254,49.99365291850347,43.873324646314224,-6.120328272189248,241705,3516200,Franca
SP,64270,38.42689075630252,36.12107596236306,-2.3058147939394615,126743,3516309,Francisco Morato
SP,64297,28.456788444275183,34.50504006203153,6.04825161775635,107776,3516408,Franco da Rocha
SP,64319,71.71398527865405,68.8203622124327,-2.893623066221352,2682,3516507,Gabriel Monteiro
SP,64335,49.793899422918386,41.875,-7.918899422918386,4626,3516606,Gália
SP,64351,70.04886831275721,62.148230704931734,-7.900637607825473,32368,3516705,Garça
SP,64378,53.946102021174205,55.33558667310478,1.389484651930573,2869,3516804,Gastão Vidigal
SP,64394,61.127946127946124,55.24901469007524,-5.878931437870882,7966,3516903,General Salgado
SP,64416,50.86610963929081,45.65514103730664,-5.21096860198417,7043,3517000,Getulina
SP,64432,61.25693160813309,46.13756613756614,-15.119365470566947,3987,3517109,Glicério
SP,64459,56.94866750134144,49.14625092798812,-7.8024165733533195,8162,3517208,Guaiçara
SP,64475,57.99937868903386,48.727038349983886,-9.272340339049975,4479,3517307,Guaimbê
SP,64491,41.332840080329774,47.0708446866485,5.738004606318725,28555,3517406,Guaíra
SP,64513,61.398117918187054,60.868763257401085,-0.5293546607859696,15943,3517505,Guapiaçu
SP,64530,43.17454157368778,47.17457644954225,4.0000348758544675,13629,3517604,Guapiara
SP,64556,32.92422129242213,33.89714509190458,0.9729237994824445,14159,3517703,Guará
SP,64572,58.630559225011005,59.04280904280904,0.4122498177980347,6153,3517802,Guaraçaí
SP,64599,30.776892430278885,39.7934595524957,9.016567122216813,8095,3517901,Guaraci
SP,64610,39.166666666666664,42.592592592592595,3.425925925925931,1783,3518008,Guarani d'Oeste
SP,64637,53.63984674329502,52.44733581164808,-1.192510931646936,4765,3518107,Guarantã
SP,64653,59.890339114369155,51.28662890913568,-8.603710205233476,23593,3518206,Guararapes
SP,64670,78.65546218487395,79.06506174120577,0.40959955633181266,26373,3518305,Guararema
SP,64696,47.50897469573592,48.52767247915087,1.0186977834149502,90804,3518404,Guaratinguetá
SP,64718,33.483958427474015,59.39776590577951,25.913807478305493,8903,3518503,Guareí
SP,64734,29.82498666795947,32.903975594402205,3.078988926442733,28368,3518602,Guariba
SP,64750,46.112009668876524,50.259718090035605,4.147708421159081,238637,3518701,Guarujá
SP,64777,45.50303105704134,53.27700179209882,7.773970735057482,947757,3518800,Guarulhos
SP,64793,31.485849056603772,27.091963545981773,-4.393885510621999,3558,3518909,Guzolândia
SP,64815,54.04911710980313,57.15491768678768,3.1058005769845494,6937,3519006,Herculândia
SP,64831,44.01443096097081,60.962025316455694,16.94759435548488,8269,3519105,Iacanga
SP,64858,66.1459812553252,63.288009888751546,-2.8579713665736506,4766,3519204,Iacri
SP,64874,44.14386719950814,51.55201342281879,7.408146223310645,26265,3519303,Ibaté
SP,64890,66.8419424682957,64.62734741784037,-2.21459505045533,9094,3519402,Ibirá
SP,64912,72.10810810810811,58.663366336633665,-13.444741771474447,5070,3519501,Ibirarema
SP,64939,41.753772728800456,49.90877833134517,8.155005602544712,41272,3519600,Ibitinga
SP,64955,38.583400028247254,47.07615328859688,8.492753260349623,61950,3519709,Ibiúna
SP,64971,44.2964935641367,45.885286783042396,1.5887932189056926,6048,3519808,Icém
SP,64998,76.0665529010239,57.36505032021958,-18.701502580804316,5971,3519907,Iepê
SP,65013,40.93004115226338,44.32562380833955,3.395582656076172,17539,3520004,Igaraçu do Tietê
SP,65030,29.194581998252257,43.03025741381906,13.8356754155668,19718,3520103,Igarapava
SP,65056,61.98742891349895,73.23636363636363,11.248934722864682,9443,3520202,Igaratá
SP,65072,54.46193382589142,53.16088161541507,-1.3010522104763496,22106,3520301,Iguape
SP,65099,55.229032099008926,61.11911511827857,5.890083019269646,31085,3520400,Ilhabela
SP,65110,53.76238534924384,43.99508939280624,-9.7672959564376,192077,3520509,Indaiatuba
SP,65137,71.50912106135986,62.73600529976814,-8.773115761591725,4063,3520608,Indiana
SP,65153,47.702127659574465,59.492563429571305,11.79043576999684,3164,3520707,Indiaporã
SP,65170,62.61808367071525,51.55844155844156,-11.059642112273693,3159,3520806,Inúbia Paulista
SP,65196,63.042291950886764,47.66671366135627,-15.375578289530495,9987,3520905,Ipaussu
SP,65218,28.12417086760414,46.082854799015585,17.958683931411446,21605,3521002,Iperó
SP,65234,55.86972986619541,57.67338908017708,1.8036592139816747,5852,3521101,Ipeúna
SP,65250,56.473118279569896,56.71325709445151,0.24013881488161104,3303,3521200,Iporanga
SP,65277,35.16837831382852,40.912518853695325,5.744140539866805,11207,3521309,Ipuã
SP,65293,63.575961179544606,68.37517693511137,4.799215755566763,17617,3521408,Iracemápolis
SP,65315,67.95984807379273,60.86376966142362,-7.09607841236911,5489,3521507,Irapuã
SP,65331,53.843778944118554,57.283142389525366,3.439363445406812,4556,3521606,Irapuru
SP,65358,38.01499951300283,21.91358024691358,-16.10141926608925,13507,3521705,Itaberá
SP,65374,35.62997069903725,45.51876379690949,9.888793097872238,16732,3521804,Itaí
SP,65390,61.25858123569794,58.4360768632678,-2.8225043724301386,12327,3521903,Itajobi
SP,65412,46.29972247918594,63.10592459605027,16.806202116864334,3176,3522000,Itaju
SP,65439,43.63384877287559,46.72480410211967,3.090955329244082,85044,3522109,Itanhaém
SP,65455,52.14419324296238,46.1213566815987,-6.0228365613636825,124019,3522208,Itapecerica da Serra
SP,65471,26.38781896966779,59.41524582542814,33.027426855760346,114355,3522307,Itapetininga
SP,65498,58.23599327841305,55.41161811463436,-2.82437516377869,68478,3522406,Itapeva
SP,65510,34.26755997406527,15.506144438712079,-18.761415535353194,168468,3522505,Itapevi
SP,65536,55.95026642984014,54.211303017052906,-1.7389634127872355,53359,3522604,Itapira
SP,65552,61.516241828409264,69.2400482509047,7.723806422495443,28904,3522703,Itápolis
SP,65579,60.331005947763124,54.37162073058156,-5.959385217181563,11006,3522802,Itaporanga
SP,65595,38.82105263157895,39.039083161915954,0.21803053033700337,9473,3522901,Itapuí
SP,65617,56.34953042057983,33.23735088440971,-23.112179536170125,3647,3523008,Itapura
SP,65633,48.02940155246788,46.959853112531334,-1.069548439936547,257861,3523107,Itaquaquecetuba
SP,65650,68.68423267951847,54.72730456097347,-13.956928118545001,33780,3523206,Itararé
SP,65676,60.25679758308157,59.66349017272186,-0.5933074103597136,9789,3523305,Itariri
SP,65692,49.57849035297782,60.0516762273104,10.473185874332579,85162,3523404,Itatiba
SP,65714,42.58826031475968,44.703770197486534,2.1155098827268546,14068,3523503,Itatinga
SP,65730,48.0738245202871,46.82190978324546,-1.2519147370416377,10399,3523602,Itirapina
SP,65757,37.54305396096441,40.86455331412104,3.321499353156632,5150,3523701,Itirapuã
SP,65773,31.449745252431683,35.468564650059314,4.018819397627631,6007,3523800,Itobi
SP,65790,67.54748520201963,54.07142201413752,-13.476063187882112,128650,3523909,Itu
SP,65811,52.7035705111739,59.91339405704046,7.209823545866563,48387,3524006,Itupeva
SP,65838,40.31754032258065,47.50305153107254,7.185511208491896,27366,3524105,Ituverava
SP,65854,42.55794470818207,44.46022727272727,1.902282564545203,5006,3524204,Jaborandi
SP,65870,41.802503176276595,52.90016112006222,11.097657943785627,50931,3524303,Jaboticabal
SP,65897,48.16647542551157,58.29112193866885,10.12464651315728,171237,3524402,Jacareí
SP,65919,76.8891069676153,73.57177148343735,-3.31733548417796,5827,3524501,Jaci
SP,65935,57.64718902169101,65.11093229106794,7.463743269376927,12333,3524600,Jacupiranga
SP,65951,52.95336457237576,60.5220178114696,7.568653239093841,45186,3524709,Jaguariúna
SP,65978,64.77128838239949,56.20780270871235,-8.56348567368714,36025,3524808,Jales
SP,65994,48.06094182825485,68.61775212970596,20.556810301451115,4996,3524907,Jambeiro
SP,66010,42.045554635615765,33.94763268494068,-8.097921950675087,76022,3525003,Jandira
SP,66036,41.84258064516129,48.616339403805064,6.773758758643773,29784,3525102,Jardinópolis
SP,66052,43.44053088310363,51.34405640630164,7.903525523198013,26768,3525201,Jarinu
SP,66079,36.03027091655118,47.44209092035179,11.411820003800607,98724,3525300,Jaú
SP,66095,29.38671209540034,39.87138263665595,10.48467054125561,3344,3525409,Jeriquara
SP,66117,55.26661796932067,50.36818851251841,-4.898429456802262,9451,3525508,Joanópolis
SP,66133,52.79022403258656,47.507456327226244,-5.282767705360314,3518,3525607,João Ramalho
SP,66150,71.55011413156257,52.79738426406477,-18.7527298674978,27281,3525706,José Bonifácio
SP,66176,34.44321124676286,47.79744750926307,13.354236262500216,3690,3525805,Júlio Mesquita
SP,66192,47.40989612571279,66.0522355754365,18.642339449723707,337093,3525904,Jundiaí
SP,66214,54.70787555190471,77.34562951082599,22.637753958921273,14112,3526001,Junqueirópolis
SP,66230,60.45145042440071,61.25049000392003,0.7990395795193166,15227,3526100,Juquiá
SP,66257,54.01354834842036,55.26105405571613,1.2475057072957725,22815,3526209,Juquitiba
SP,66273,58.58077503774535,69.97506234413964,11.394287306394297,5475,3526308,Lagoinha
SP,66290,46.667575303257465,65.01225061253062,18.344675309273157,20780,3526407,Laranjal Paulista
SP,66311,68.46321922796795,59.706422018348626,-8.756797209619329,3884,3526506,Lavínia
SP,66338,33.13083098285962,48.29902491874323,15.168193935883608,6102,3526605,Lavrinhas
SP,66354,56.534269651519146,56.20226706326875,-0.33200258825039697,72901,3526704,Leme
SP,66370,52.95772270822199,55.18545093277404,2.2277282245520453,50784,3526803,Lençóis Paulista
SP,66397,77.14283910397252,79.37294718419602,2.230108080223502,219189,3526902,Limeira
SP,66419,39.50702603086847,41.48401826484018,1.976992233971714,5869,3527009,Lindóia
SP,66435,65.81027667984189,56.25696146134997,-9.553315218491925,53771,3527108,Lins
SP,66451,59.12731229597389,54.04883891143788,-5.078473384536004,61172,3527207,Lorena
SP,66478,46.97467692537536,51.53704490721065,4.562367981835287,39253,3527306,Louveira
SP,66494,55.871232580749705,57.58893721422996,1.7177046334802526,13548,3527405,Lucélia
SP,66516,36.655948553054664,38.53271645736947,1.8767679043148036,2146,3527504,Lucianópolis
SP,66532,36.55013002022537,39.61712699108578,3.0669969708604157,10065,3527603,Luís Antônio
SP,66559,68.99857954545455,63.18425760286225,-5.814321942592294,3792,3527702,Luiziânia
SP,66575,61.027313493681206,55.95446584938704,-5.072847644294164,3317,3527801,Lupércio
SP,66591,55.20951302378256,61.19228521332554,5.9827721895429775,2380,3527900,Lutécia
SP,66613,46.222943722943725,54.024785084291615,7.80184136134789,12402,3528007,Macatuba
SP,66630,78.34618079887876,55.06343713956171,-23.282743659317056,5924,3528106,Macaubal
SP,66656,79.24961715160796,62.11267605633803,-17.136941095269933,4105,3528205,Macedônia
SP,66672,58.14663951120163,57.876543209876544,-0.2700963013250828,2793,3528304,Magda
SP,66699,49.73003165146155,51.45478374836173,1.7247520969001755,38466,3528403,Mairinque
SP,66710,45.06107676066958,48.48583806849106,3.424761307821484,65733,3528502,Mairiporã
SP,66737,51.70618854829381,44.54691259021652,-7.159275958077288,7096,3528601,Manduri
SP,66753,41.73913043478261,40.45323047251688,-1.2858999622657308,3188,3528700,Marabá Paulista
SP,66770,60.126742712294046,48.52162685603615,-11.605115856257896,10406,3528809,Maracaí
SP,66796,64.24270495599815,50.16706443914081,-14.07564051685734,2872,3528908,Mariápolis
SP,66818,59.78831251116924,60.90723148179452,1.1189189706252805,172714,3529005,Marília
SP,66834,69.11076443057722,48.075471698113205,-21.035292732464015,1754,3529104,Marinópolis
SP,66850,75.31075548939337,68.37941568105272,-6.9313398083406526,18046,3529203,Martinópolis
SP,66877,48.373437289958325,50.31266343770607,1.9392261477477462,63725,3529302,Matão
SP,66893,38.845836614677744,34.87637885127425,-3.969457763403497,310158,3529401,Mauá
SP,66915,36.1328125,58.53011408861767,22.397301588617673,5260,3529500,Mendonça
SP,66931,74.9146110056926,54.35501653803749,-20.559594467655117,3765,3529609,Meridiano
SP,66958,44.01276276276276,56.59154929577465,12.578786533011886,15123,3529708,Miguelópolis
SP,66974,33.32809306712781,34.94454560503228,1.6164525379044719,8683,3529807,Mineiros do Tietê
SP,66990,56.59975950420868,62.89387202783684,6.294112523628165,15310,3529906,Miracatu
SP,67016,69.01483050847457,71.2688381137579,2.25400760528332,2892,3530003,Mira Estrela
SP,67032,60.13688930847297,66.88920814670836,6.752318838235382,17999,3530102,Mirandópolis
SP,67059,43.63773260191459,43.77270064440539,0.1349680424907973,12713,3530201,Mirante do Paranapanema
SP,67075,61.7030366767451,64.33087803924126,2.627841362496156,43661,3530300,Mirassol
SP,67091,71.84334908845375,52.329139748384904,-19.514209340068845,4130,3530409,Mirassolândia
SP,67113,54.180490031958605,50.93169666867031,-3.248793363288293,49126,3530508,Mococa
SP,67130,31.063102388452897,50.515967918819285,19.452865530366388,333775,3530607,Mogi das Cruzes
SP,67156,47.42984913263551,47.58718248354757,0.15733335091206158,114174,3530706,Mogi Guaçu
SP,67172,52.553027622239334,43.668366712277646,-8.884660909961688,67646,3530805,Mogi Mirim
SP,67199,53.130434782608695,53.11387900355872,-0.016555779049973296,3151,3530904,Mombuca
SP,67210,59.62777380100215,58.504672897196265,-1.1231009038058843,2121,3531001,Monções
SP,67237,39.79631805718762,45.28337650849814,5.487058451310517,50491,3531100,Mongaguá
SP,67253,59.54555580307418,53.1565103024989,-6.389045500575278,6336,3531209,Monte Alegre do Sul
SP,67270,43.49889402774985,51.08880433902696,7.589910311277109,36025,3531308,Monte Alto
SP,67296,61.08566581849025,54.54623287671233,-6.539432941777918,16980,3531407,Monte Aprazível
SP,67318,52.937034801850736,46.9009900990099,-6.036044702840833,14241,3531506,Monte Azul Paulista
SP,67334,49.53917050691244,42.750621375310686,-6.788549131601755,3327,3531605,Monte Castelo
SP,67350,26.335616438356166,46.83937823834197,20.503761799985806,3833,3531704,Monteiro Lobato
SP,67377,47.823578434515035,48.20452286282306,0.3809444283080268,47316,3531803,Monte Mor
SP,67393,34.197933282474516,45.70651006230753,11.508576779833014,20180,3531902,Morro Agudo
SP,67415,41.22013767040087,42.17419777341192,0.9540601030110523,10613,3532009,Morungaba
SP,67431,51.53970826580227,40.911008013496414,-10.628700252305855,3341,3532108,Murutinga do Sul
SP,67458,55.64588979223126,57.55568934376881,1.909799551537553,4458,3532207,Narandiba
SP,67474,42.40749639596348,71.7627200385821,29.355223642618625,5669,3532306,Natividade da Serra
SP,67490,36.20896717373899,47.954768928220254,11.745801754481263,14473,3532405,Nazaré Paulista
SP,67512,64.03716884143931,56.58326497128794,-7.453903870151372,7059,3532504,Neves Paulista
SP,67539,46.67961850936065,49.1725768321513,2.492958322790649,7745,3532603,Nhandeara
SP,67555,63.561964146531565,46.87384387717351,-16.688120269358052,3881,3532702,Nipoã
SP,67571,62.993818865896266,60.25303110173959,-2.7407877641566785,5431,3532801,Nova Aliança
SP,67598,26.78440029433407,42.47355573637103,15.689155442036963,7172,3532900,Nova Europa
SP,67610,51.65285408324797,44.840877643803125,-6.811976439444848,14793,3533007,Nova Granada
SP,67636,63.86617100371747,41.812865497076025,-22.053305506641443,2019,3533106,Nova Guataporanga
SP,67652,58.906450234942334,51.24947056332063,-7.656979671621706,3505,3533205,Nova Independência
SP,67679,60.181451612903224,53.136340072576466,-7.045111540326758,2635,3533304,Nova Luzitânia
SP,67695,41.94388367126013,56.13468242496386,14.190798753703731,47408,3533403,Nova Odessa
SP,67717,75.44822894903066,71.1379432804018,-4.310285668628865,28604,3533502,Novo Horizonte
SP,67733,25.899112564222325,45.713595749818886,19.81448318559656,6023,3533601,Nuporanga
SP,67750,62.93647454774926,61.920668058455114,-1.0158064892941496,3441,3533700,Ocauçu
SP,67776,55.529685681024446,57.43087557603687,1.901189895012422,2420,3533809,Óleo
SP,67792,59.09027340745403,53.836312713944885,-5.253960693509143,41874,3533908,Olímpia
SP,67814,68.59218263576616,51.47444298820446,-17.117739647561706,4387,3534005,Onda Verde
SP,67830,36.6365568544102,39.05639307649358,2.419836222083376,5159,3534104,Oriente
SP,67857,61.25874125874126,57.70827567118738,-3.55046558755388,5003,3534203,Orindiúva
SP,67873,52.90987695377453,54.37591063623118,1.4660336824566542,29493,3534302,Orlândia
SP,67890,37.71369697260126,40.96812927029584,3.254432297694578,583224,3534401,Osasco
SP,67911,68.11515480717001,62.819783968163726,-5.295370839006289,2450,3534500,Oscar Bressane
SP,67938,66.70853482383973,54.55538421999486,-12.153150603844864,22809,3534609,Osvaldo Cruz
SP,67954,60.54046253202006,59.63409073637814,-0.9063717956419168,76480,3534708,Ourinhos
SP,67970,50.92701243839474,42.09891435464415,-8.82809808375059,6097,3534807,Ouro Verde
SP,67997,65.3853095109186,62.03650336215178,-3.348806148766826,7523,3534906,Pacaembu
SP,68012,56.34118967452301,54.12362682406952,-2.21756285045349,8996,3535002,Palestina
SP,68039,72.25130890052355,50.00935803855512,-22.241950861968434,7352,3535101,Palmares Paulista
SP,68055,69.77114427860697,65.02268692049714,-4.748457358109832,7437,3535200,Palmeira d'Oeste
SP,68071,53.60666893501191,55.32619109833638,1.71952216332447,16108,3535309,Palmital
SP,68098,60.869565217391305,50.10752688172043,-10.762038335670873,9923,3535408,Panorama
SP,68110,53.09209902304847,58.52536865783554,5.433269634787074,29955,3535507,Paraguaçu Paulista
SP,68136,32.446437468858996,48.070453196121115,15.624015727262119,13836,3535606,Paraibuna
SP,68152,67.94228356336261,50.526641883519204,-17.415641679843404,4547,3535705,Paraíso
SP,68179,50.5758538522637,52.41531369011826,1.8394598378545624,13591,3535804,Paranapanema
SP,68195,61.586802827965435,52.99722111949186,-8.589581708473574,3392,3535903,Paranapuã
SP,68217,60.24787273399926,52.68385864374403,-7.5640140902552275,7605,3536000,Parapuã
SP,68233,31.192660550458715,40.081652257444766,8.888991706986051,6139,3536109,Pardinho
SP,68250,59.704057279236274,61.6800697606821,1.976012481445828,14302,3536208,Pariquera-Açu
SP,68276,51.10079575596817,42.160790598290596,-8.940005157677575,10549,3536307,Patrocínio Paulista
SP,68292,54.73962083033357,46.05548854041013,-8.68413228992344,5955,3536406,Paulicéia
SP,68314,50.38306924089196,46.35506195722037,-4.028007283671592,89901,3536505,Paulínia
SP,68330,61.08824874256973,55.77485380116959,-5.313394941400141,6110,3536604,Paulo de Faria
SP,68357,40.854622617957894,47.05833089066622,6.203708272708326,32588,3536703,Pederneiras
SP,68373,67.59620747350809,40.17341040462428,-27.42279706888381,4810,3536802,Pedra Bela
SP,68390,53.69627507163324,36.08786610878661,-17.608408962846624,2682,3536901,Pedranópolis
SP,68411,53.44948550046772,53.07477288609364,-0.3747126143740829,12296,3537008,Pedregulho
SP,68438,76.55616403996488,61.21338378470303,-15.34278025526185,33383,3537107,Pedreira
SP,68454,59.98531571218796,42.256468797564686,-17.728846914623276,7891,3537206,Pedro de Toledo
SP,68470,57.0784,49.70425676330844,-7.374143236691559,43745,3537305,Penápolis
SP,68497,62.49432420160436,56.72118069405664,-5.773143507547715,19123,3537404,Pereira Barreto
SP,68519,44.92880613362541,39.21438082556591,-5.7144253080594964,6469,3537503,Pereiras
SP,68535,52.42119349722442,52.662632755027744,0.24143925780332154,59839,3537602,Peruíbe
SP,68551,55.50107263254674,54.95495495495496,-0.5461176775917806,4487,3537701,Piacatu
SP,68578,43.62189194900331,49.56237893679604,5.940486987792724,42011,3537800,Piedade
SP,68594,42.57289450631961,47.96673433304957,5.393839826729966,22434,3537909,Pilar do Sul
SP,68616,51.96354519421571,56.95477826801831,4.991233073802597,119093,3538006,Pindamonhangaba
SP,68632,74.27483921774511,63.11904442356731,-11.155794794177801,10497,3538105,Pindorama
SP,68659,30.386715602900367,45.129015271195364,14.742299668294997,30946,3515186,Espírito Santo do Pinhal
SP,68675,57.66977363515313,49.630479102956166,-8.039294532196962,11384,3538204,Pinhalzinho
SP,68691,63.59629792860291,38.61974405850091,-24.976553870101995,3115,3538303,Piquerobi
SP,68713,56.07210626185958,44.86564996368918,-11.206456298170401,10044,3538501,Piquete
SP,68730,46.409875266593424,51.465734808775,5.055859542181572,21552,3538600,Piracaia
SP,68756,50.67463867049574,43.61847398790777,-7.056164682587969,310644,3538709,Piracicaba
SP,68772,48.66088756630871,48.89807162534435,0.23718405903564133,21986,3538808,Piraju
SP,68799,57.60463378176382,53.069698467622345,-4.534935314141478,14814,3538907,Pirajuí
SP,68810,51.99789695057834,67.40807174887892,15.410174798300588,7897,3539004,Pirangi
SP,68837,52.493464709430924,46.64895790764201,-5.844506801788917,14158,3539103,Pirapora do Bom Jesus
SP,68853,74.15600326708413,61.291714614499426,-12.864288652584705,19385,3539202,Pirapozinho
SP,68870,65.96402823858108,65.68042734156208,-0.2836008970189994,55161,3539301,Pirassununga
SP,68896,47.869177403369676,55.99011939069576,8.120941987326084,10141,3539400,Piratininga
SP,68918,38.10377675669618,41.38915862226538,3.2853818655691995,24981,3539509,Pitangueiras
SP,68934,57.61658031088083,59.617428267800214,2.0008479569193867,3962,3539608,Planalto
SP,68950,74.45708376421923,58.256410256410255,-16.20067350780898,2775,3539707,Platina
SP,68977,44.16243654822335,52.29818995509372,8.135753406870371,89811,3539806,Poá
SP,68993,55.17578125,52.86604361370716,-2.3097376362928372,4510,3539905,Poloni
SP,69019,58.236078692897635,48.35415259959487,-9.881926093302766,16138,3540002,Pompéia
SP,69035,55.11210762331839,65.85477941176471,10.742671788446323,2952,3540101,Pongaí
SP,69051,31.896465903434546,37.64795918367347,5.751493280238925,28277,3540200,Pontal
SP,69078,65.21464646464646,54.69314079422383,-10.521505670422634,2368,3540309,Pontes Gestal
SP,69094,33.00184162062615,47.629882442169134,14.628040821542982,3679,3540408,Populina
SP,69116,49.502190362405415,40.66820276497696,-8.833987597428454,7483,3540507,Porangaba
SP,69132,67.89182882048114,66.83585979834008,-1.0559690221410563,41162,3540606,Porto Feliz
SP,69159,40.72531242342563,44.42458508115995,3.699272657734319,39960,3540705,Porto Ferreira
SP,69175,59.99371793529473,67.84087458244761,7.847156647152879,13860,3540804,Potirendaba
SP,69191,32.607594936708864,39.16083916083916,6.553244224130296,13603,3540903,Pradópolis
SP,69213,31.710838752615636,46.426873349487586,14.71603459687195,264937,3541000,Praia Grande
SP,69230,47.521982414068745,54.82801491918773,7.306032505118985,3391,3541109,Presidente Alves
SP,69256,65.03385105535644,52.14689265536723,-12.886958399989204,10209,3541208,Presidente Bernardes
SP,69272,55.35420098846787,55.100186746075806,-0.25401424239206705,29804,3541307,Presidente Epitácio
SP,69299,60.6285885506507,67.29174575055886,6.663157199908163,165295,3541406,Presidente Prudente
SP,69310,69.71845564641342,60.67141072301592,-9.0470449233975,26379,3541505,Presidente Venceslau
SP,69337,57.649555940345195,52.2991202346041,-5.350435705741091,26511,3541604,Promissão
SP,69353,52.351941059790306,51.69875424688562,-0.6531868129046856,10121,3541703,Quatá
SP,69370,24.5560848852317,38.77109476417135,14.21500987893965,3299,3541802,Queiroz
SP,69396,36.26331811263318,40.072274643645855,3.808956531012676,7112,3541901,Queluz
SP,69418,52.55549819308209,46.18760285244103,-6.367895340641056,5214,3542008,Quintana
SP,69434,57.38467261904762,55.81352496775382,-1.5711476512937992,7253,3542107,Rafard
SP,69450,61.02838388135902,33.01331681635181,-28.01506706500721,22888,3542206,Rancharia
SP,69477,53.15860215053763,65.68007981376788,12.521477663230243,4304,3542305,Redenção da Serra
SP,69493,63.77107364685004,57.80733863047942,-5.96373501637062,15711,3542404,Regente Feijó
SP,69515,51.09070034443169,55.460700618192526,4.370000273760837,4734,3542503,Reginópolis
SP,69531,49.497556088527276,56.73648412420939,7.238928035682115,45199,3542602,Registro
SP,69558,28.484721640853913,31.088191959587455,2.6034703187335424,6817,3542701,Restinga
SP,69574,41.05075690115761,47.59615384615385,6.545396944996234,2889,3542800,Ribeira
SP,69590,42.652705061082024,54.596351815062306,11.943646753980282,8616,3542909,Ribeirão Bonito
SP,69612,43.55747558226897,57.3969122532734,13.839436671004428,14335,3543006,Ribeirão Branco
SP,69639,43.21347586653709,38.43150016270745,-4.781975703829637,4387,3543105,Ribeirão Corrente
SP,69655,49.23391215526047,58.35597826086956,9.122066105609093,3926,3543204,Ribeirão do Sul
SP,69671,42.47129414517558,39.5667940801725,-2.9045000650030772,85765,3543303,Ribeirão Pires
SP,69698,46.11196957826382,43.879712774701844,-2.232256803561974,471753,3543402,Ribeirão Preto
SP,69710,55.16923076923077,58.33587320938738,3.1666424401566076,4557,3543501,Riversul
SP,69736,36.156452109639666,61.57732248105529,25.420870371415624,5127,3543600,Rifaina
SP,69752,30.08,41.3532254675352,11.273225467535198,7171,3543709,Rincão
SP,69779,65.72043852779953,54.69488391206082,-11.025554615738713,7452,3543808,Rinópolis
SP,69795,47.98219076431303,61.87704412949709,13.894853365184055,151125,3543907,Rio Claro
SP,69817,52.6796484576943,62.6284751474305,9.948826689736201,25297,3544004,Rio das Pedras
SP,69833,30.263438794244482,35.110365302697815,4.846926508453333,33722,3544103,Rio Grande da Serra
SP,69850,63.89976507439311,56.59708546671918,-7.30267960767393,7102,3544202,Riolândia
SP,69876,50.763659266257285,58.21182502804038,7.448165761783095,8328,3544301,Roseira
SP,69892,62.96508299942759,65.53141514973576,2.5663321503081775,2390,3544400,Rubiácea
SP,69914,67.73722627737226,62.16020297209134,-5.5770233052809175,3916,3544509,Rubinéia
SP,69930,39.4585448392555,34.656913967258795,-4.801630871996707,4352,3544608,Sabino
SP,69957,63.35149863760218,50.74204946996466,-12.609449167637514,2091,3544707,Sagres
SP,69973,76.50258362795758,59.0788777130757,-17.42370591488188,5354,3544806,Sales
SP,69990,32.28764478764479,43.626719708271175,11.339074920626388,8526,3544905,Sales Oliveira
SP,70017,49.05902873404939,54.46510771496962,5.406078980920228,14725,3545001,Salesópolis
SP,70033,58.01749271137026,54.03630745461568,-3.9811852567545785,3874,3545100,Salmourão
SP,70050,46.75396257895364,59.07071482339744,12.316752244443798,95308,3545209,Salto
SP,70076,35.618374558303884,48.018329839613905,12.399955281310021,31402,3545308,Salto de Pirapora
SP,70092,68.96698615548456,71.19047619047619,2.2234900349916273,6580,3545407,Salto Grande
SP,70114,37.8272762797968,27.833791628475407,-9.993484651321392,4876,3545506,Sandovalina
SP,70130,84.62960680389499,40.76101834108952,-43.86858846280547,10828,3545605,Santa Adélia
SP,70157,56.60272449263275,56.09299839657937,-0.5097260960533845,5093,3545704,Santa Albertina
SP,70173,25.236151936303187,48.90584593683881,23.66969400053562,138410,3545803,Santa Bárbara d'Oeste
SP,70190,52.701149425287355,59.66820777807995,6.967058352792598,5392,3500550,Águas de Santa Bárbara
SP,70211,58.20688057453956,64.83568075117371,6.628800176634151,11889,3546009,Santa Branca
SP,70238,67.7860696517413,49.76470588235294,-18.02136376938836,2440,3546108,Santa Clara d'Oeste
SP,70254,55.68453397063844,57.68972464741437,2.005190676775932,4140,3546207,Santa Cruz da Conceição
SP,70270,42.41223496697949,30.625915846765754,-11.786319120213737,21443,3546306,Santa Cruz das Palmeiras
SP,70297,66.06014336005428,66.82661684147946,0.7664734814251801,34041,3546405,Santa Cruz do Rio Pardo
SP,70319,37.87303309820944,41.94504310344828,4.0720100052388375,5040,3546504,Santa Ernestina
SP,70335,59.1678981470956,69.69783028513007,10.529932138034468,25810,3546603,Santa Fé do Sul
SP,70351,42.738375515008826,63.2043151833224,20.465939668313574,19153,3546702,Santa Gertrudes
SP,70378,56.673290001010336,55.62332439678284,-1.049965604227495,41695,3546801,Santa Isabel
SP,70394,36.83136899365367,42.529285202008126,5.697916208354457,6326,3546900,Santa Lúcia
SP,70416,36.583679114799445,41.3950227830354,4.811343668235956,4225,3547007,Santa Maria da Serra
SP,70432,40.64171122994652,32.64,-8.001711229946523,2679,3547106,Santa Mercedes
SP,70459,56.153144940747495,57.744360902255636,1.5912159615081407,1925,3547205,Santana da Ponte Pensa
SP,70475,33.28627037012601,59.21319606222289,25.92692569209688,111456,3547304,Santana de Parnaíba
SP,70491,58.53232382061736,54.59610027855153,-3.936223542065825,2471,3547403,Santa Rita d'Oeste
SP,70513,39.44862867699304,35.941425597588115,-3.507203079404924,19993,3547502,Santa Rita do Passa Quatro
SP,70530,29.446269357109337,45.099660904805226,15.65339154769589,18030,3547601,Santa Rosa de Viterbo
SP,70556,55.81571712958574,55.82089552238806,0.005178392802314136,15054,3547700,Santo Anastácio
SP,70572,47.561884950036095,29.790875902377103,-17.771009047658993,572921,3547809,Santo André
SP,70599,19.097818092669772,33.37369823201744,14.275880139347667,5700,3547908,Santo Antônio da Alegria
SP,70610,51.471869012367186,44.76352790796762,-6.708341104399565,16288,3548005,Santo Antônio de Posse
SP,70637,28.598848368522074,43.124650642817215,14.525802274295142,5173,3548104,Santo Antônio do Jardim
SP,70653,45.006808896958695,58.157776781712236,13.150967884753541,6113,3548203,Santo Antônio do Pinhal
SP,70670,51.5015015015015,54.734042553191486,3.232541051689985,2682,3548302,Santo Expedito
SP,70696,62.05336951605609,42.1533571712356,-19.90001234482049,3231,3548401,Santópolis do Aguapeí
SP,70718,43.773345576791385,44.99772402132917,1.224378444537784,348145,3548500,Santos
SP,70734,31.304213135068153,49.93099217911363,18.626779044045477,9073,3548609,São Bento do Sapucaí
SP,70750,28.37376808689385,29.899541789653743,1.525773702759892,626008,3548708,São Bernardo do Campo
SP,70777,46.436909095787975,42.71009897859709,-3.7268101171908867,147533,3548807,São Caetano do Sul
SP,70793,46.674373317402804,50.097145533993256,3.4227722165904524,196178,3548906,São Carlos
SP,70815,63.82716049382716,54.31328036322361,-9.513880130603546,2505,3549003,São Francisco
SP,70831,45.89642923911011,62.12199202161884,16.225562782508725,67128,3549102,São João da Boa Vista
SP,70858,58.94125242091672,29.08982748364069,-29.85142493727603,2242,3549201,São João das Duas Pontes
SP,70874,68.99423446508648,31.78239083750895,-37.21184362757753,1906,3549300,São João do Pau d'Alho
SP,70890,38.83864826273203,39.0924452870626,0.2537970243305736,35828,3549409,São Joaquim da Barra
SP,70912,31.53564899451554,34.26590148254424,2.7302524880286967,6916,3549508,São José da Bela Vista
SP,70939,46.089385474860336,31.57500935278713,-14.514376122073205,3578,3549607,São José do Barreiro
SP,70955,50.52856458801429,44.05281285878301,-6.475751729231284,39191,3549706,São José do Rio Pardo
SP,70971,60.63702299479308,68.32416671625424,7.687143721461162,344003,3549805,São José do Rio Preto
SP,70998,38.27253652433414,57.29031046724493,19.017773942910786,538797,3549904,São José dos Campos
SP,71013,38.2481552336704,53.61242403781229,15.364268804141886,10204,3550001,São Luiz do Paraitinga
SP,71030,52.54824582511189,57.382282521947324,4.834036696835433,29304,3550100,São Manuel
SP,71056,36.67092190708775,52.763374970539715,16.092453063451963,24440,3550209,São Miguel Arcanjo
SP,71072,41.5095479989347,40.61064892806868,-0.8988990708660225,9126158,3550308,São Paulo
SP,71099,64.84972530431972,51.97754660624163,-12.872178698078088,28553,3550407,São Pedro
SP,71110,53.528274528757855,58.15450643776824,4.626231909010386,5673,3550506,São Pedro do Turvo
SP,71137,49.864285714285714,40.77069343153537,-9.093592282750343,60260,3550605,São Roque
SP,71153,51.557940919643045,41.30256913762069,-10.255371782022358,68034,3550704,São Sebastião
SP,71170,30.641173561892202,40.2676399026764,9.626466340784198,8398,3550803,São Sebastião da Grama
SP,71196,34.82002181553751,33.35065609977914,-1.4693657157583715,11157,3550902,São Simão
SP,71218,54.50218274550484,48.03877790834313,-6.463404837161711,255910,3551009,São Vicente
SP,71234,37.04846614630605,48.28798815472886,11.23952200842281,7398,3551108,Sarapuí
SP,71250,35.22068658047258,34.95190105359597,-0.26878552687661283,3202,3551207,Sarutaiá
SP,71277,77.75175644028103,56.776556776556774,-20.975199663724254,3007,3551306,Sebastianópolis do Sul
SP,71293,26.748057713651498,32.205995388162954,5.457937674511456,7366,3551405,Serra Azul
SP,71315,27.084367245657567,43.193085038769546,16.10871779311198,33570,3551504,Serrana
SP,71331,66.30386914123939,46.20474645288541,-20.09912268835398,22276,3551603,Serra Negra
SP,71358,41.534721166995894,44.4763205130172,2.941599346021306,93301,3551702,Sertãozinho
SP,71374,43.92828035859821,58.083579569438584,14.155299210840376,10260,3551801,Sete Barras
SP,71390,52.02925908447381,55.315765561108584,3.286506476634777,11642,3551900,Severínia
SP,71412,50.257201646090536,57.9622641509434,7.705062504852862,5404,3552007,Silveiras
SP,71439,51.3335820199571,44.6784140969163,-6.6551679230408,30482,3552106,Socorro
SP,71455,48.11281269786759,56.56028793283695,8.44747523496936,530590,3552205,Sorocaba
SP,71471,64.92134831460675,55.08110687022901,-9.840241444377739,6041,3552304,Sud Mennucci
SP,71498,57.00926411466527,59.87713143038651,2.8678673157212415,199799,3552403,Sumaré
SP,71510,50.41341395685518,58.079953715640464,7.666539758785284,235438,3552502,Suzano
SP,71536,76.40850535464845,56.9348904175332,-19.473614937115258,8762,3552601,Tabapuã
SP,71552,46.85075608152531,64.01017948031074,17.159423398785428,10716,3552700,Tabatinga
SP,71579,43.241536968859236,46.844065992549226,3.602529023689989,211829,3552809,Taboão da Serra
SP,71595,56.88004032258065,52.90801947220087,-3.972020850379778,5069,3552908,Taciba
SP,71617,66.06321412672503,68.53997682502897,2.4767626983039435,9253,3553005,Taguaí
SP,71633,44.723467862481314,32.788402220851324,-11.93506564162999,4509,3553104,Taiaçu
SP,71650,45.50199570156586,45.26479750778816,-0.2371981937777008,4396,3553203,Taiúva
SP,71676,29.759377211606513,29.44890412194462,-0.3104730896618939,15898,3553302,Tambaú
SP,71692,60.538520107980894,54.321509009009006,-6.217011098971888,19937,3553401,Tanabi
SP,71714,64.68939747781411,63.78137461881304,-0.9080228590010719,6269,3553500,Tapiraí
SP,71730,30.742099322799096,33.57740585774059,2.835306534941491,9228,3553609,Tapiratiba
SP,71757,49.208813960366754,46.152378772271184,-3.05643518809557,38620,3553708,Taquaritinga
SP,71773,45.64282300462004,54.36379432904194,8.720971324421896,18080,3553807,Taquarituba
SP,71790,59.64159515396265,39.11671924290221,-20.52487591106044,5176,3553906,Tarabai
SP,71811,23.723664548335716,74.04466584199793,50.321001293662206,88764,3554003,Tatuí
SP,71838,47.128836043708915,61.018555736200184,13.88971969249127,239596,3554102,Taubaté
SP,71854,38.7934326078656,49.83883964544722,11.045407037581626,3456,3554201,Tejupá
SP,71870,44.861167002012074,30.317364754450846,-14.543802247561228,17019,3554300,Teodoro Sampaio
SP,71897,44.874715261959,43.74725756910926,-1.1274576928497382,6363,3554409,Terra Roxa
SP,71919,42.569282053833525,53.40704185251969,10.837759798686164,29070,3554508,Tietê
SP,71935,34.180958013010056,43.81828637147786,9.637328358467805,2427,3554607,Timburi
SP,71951,49.83568528900058,48.85383806519453,-0.9818472238060494,6691,3554706,Torrinha
SP,71978,38.053503418528884,57.67188437918456,19.618380960655678,29627,3554805,Tremembé
SP,71994,60.89894242068155,56.85043668122271,-4.0485057394588395,5256,3554904,Três Fronteiras
SP,72010,52.919361538005106,51.812425438194,-1.106936099811108,47261,3555000,Tupã
SP,72036,55.51107218816465,61.48734985944288,5.976277671278233,10832,3555109,Tupi Paulista
SP,72052,62.38902340597256,53.098827470686764,-9.290195935285794,1661,3555208,Turiúba
SP,72079,46.37223974763407,34.776228906823185,-11.596010840810884,1955,3555307,Turmalina
SP,72095,53.204158423523026,56.60307532890476,3.398916905381732,77899,3555406,Ubatuba
SP,72117,42.05163043478261,54.36193222782985,12.310301793047238,3995,3555505,Ubirajara
SP,72133,47.501343363782915,69.42018861334265,21.91884524955973,8307,3555604,Uchoa
SP,72150,65.6794425087108,55.197421434327154,-10.482021074383653,1703,3555703,União Paulista
SP,72176,67.90677784904854,54.018040180401805,-13.888737668646733,6898,3555802,Urânia
SP,72192,44.17777777777778,55.26090675791274,11.083128980134966,1622,3555901,Uru
SP,72214,74.60629921259843,63.45846645367412,-11.14783275892431,10624,3556008,Urupês
SP,72230,68.00691742325984,62.09964412811388,-5.907273295145956,10146,3556107,Valentim Gentil
SP,72257,52.551378296494185,54.91697681076439,2.3655985142702036,94674,3556206,Valinhos
SP,72273,61.85521166844539,53.19773127322511,-8.657480395220283,15952,3556305,Valparaíso
SP,72311,46.06367515356121,51.728490969120216,5.6648158155590025,30429,3556404,Vargem Grande do Sul
SP,72338,42.596179010730175,64.20570777021362,21.609528759483446,84728,3556503,Várzea Paulista
SP,72354,63.48295059151009,60.07919366450684,-3.4037569270032506,7886,3556602,Vera Cruz
SP,72370,52.9321021662957,58.228841788131454,5.296739621835755,65669,3556701,Vinhedo
SP,72397,39.85049484101916,39.56998139342568,-0.28051344759348495,13103,3556800,Viradouro
SP,72419,34.903438530381536,48.01452784503632,13.111089314654784,5990,3556909,Vista Alegre do Alto
SP,72435,45.87998139246395,56.94753328112764,11.067551888663694,92601,3557006,Votorantim
SP,72451,64.95545359148988,61.601520974732196,-3.353932616757689,68927,3557105,Votuporanga
SP,72737,60.9673790776153,42.003556211628144,-18.963822865987154,42997,3556453,Vargem Grande Paulista
TO,73008,28.935064935064936,90.90441932168551,61.96935438662057,2525,1700251,Abreulândia
TO,73016,42.0353982300885,65.98209583991574,23.946697609827247,2394,1717206,Piraquê
TO,73024,26.785104202254868,93.15642458100558,66.37132037875071,3503,1718550,Riachinho
TO,73032,32.72782319103845,59.10326086956522,26.375437678526765,4743,1706506,Darcinópolis
TO,73040,19.54954954954955,80.27744270205066,60.72789315250111,4232,1713809,Palmeiras do Tocantins
TO,73059,34.88104374520338,73.17596566523605,38.29492192003267,3586,1712801,Maurilândia do Tocantins
TO,73067,52.97334244702666,78.16813048933501,25.194788042308353,2029,1703826,Cachoeirinha
TO,73075,36.52498832321345,89.3195132942767,52.794524971063254,2806,1701051,Angico
TO,73083,66.63513087354147,61.16758640720302,-5.4675444663384525,4317,1715705,Palmeirante
TO,73091,69.0755973364669,78.47940482671022,9.403807490243324,6887,1703842,Campos Lindos
TO,73105,57.00076511094109,89.4702419882276,32.46947687728651,1852,1720150,São Félix do Tocantins
TO,73113,80.20202020202021,90.39909638554217,10.197076183521958,3307,1711951,Lagoa do Tocantins
TO,73121,72.35249621785174,89.41485864562787,17.062362427776137,3672,1703305,Bom Jesus do Tocantins
TO,73130,87.90243902439025,79.24435721295387,-8.658081811436375,2546,1718881,Santa Maria do Tocantins
TO,73148,64.6274984857662,93.2051282051282,28.577629719362008,2099,1715150,Novo Alegre
TO,73156,89.39670932358318,77.64968389735961,-11.747025426223573,3566,1718840,Sandolândia
TO,73164,91.09255393180237,89.65995836224843,-1.4325955695539392,2033,1720937,Taipas do Tocantins
TO,73172,77.5811209439528,79.81384525887144,2.2327243149186415,2344,1715259,Novo Jardim
TO,73180,80.58281745432583,81.46519225936164,0.8823748050358091,9833,1720200,São Miguel do Tocantins
TO,73199,54.39034540158136,70.38895859473024,15.998613193148884,3073,1708254,Tabocão
TO,73202,86.91176470588235,29.12068351726593,-57.79108118861642,3403,1710904,Itapiratins
TO,73210,45.202833226014164,67.52645502645503,22.32362180044086,1930,1704105,Centenário
TO,73229,18.185636287274253,75.35758071107479,57.17194442380054,2936,1718501,Recursolândia
TO,73237,89.02691511387164,71.4185393258427,-17.608375788028937,1797,1721307,Tupiratins
TO,73245,45.01672240802676,71.87112763320941,26.854405225182653,1994,1703602,Brasilândia do Tocantins
TO,73253,72.15777262180974,57.47062115277001,-14.687151469039733,2277,1711803,Juarina
TO,73261,37.85766691122524,56.55883398506932,18.701167073844083,3551,1716307,Pau D'Arco
TO,73270,85.59006211180125,93.88157894736842,8.29151683556718,2000,1712702,Mateiros
TO,73288,29.762878168438267,44.2986641221374,14.535785953699136,5456,1720101,São Bento do Tocantins
TO,73296,39.949748743718594,79.7377830750894,39.7880343313708,6624,1707405,Esperantina
TO,73300,77.23518850987433,81.6123499142367,4.377161404362369,3798,1703867,Cariri do Tocantins
TO,73318,70.50532829150912,71.40845070422536,0.9031224127162432,3552,1702158,Araguanã
TO,73326,70.33315705975674,82.82241014799155,12.489253088234804,2413,1703883,Carmolândia
TO,73334,34.03851369677244,50.15763829177415,16.119124595001708,4450,1701309,Aragominas
TO,73342,73.09758281110116,81.36833046471601,8.270747653614848,2874,1713957,Muricilândia
TO,73350,31.170363378952334,57.455131155085134,26.2847677761328,5525,1718865,Santa Fé do Araguaia
TO,73369,59.31746744499326,86.56210258584146,27.244635140848196,3091,1711506,Jaú do Tocantins
TO,73377,81.4540059347181,96.42356241234222,14.969556477624124,1762,1720853,Sucupira
TO,73385,85.61777510884252,74.90426346693899,-10.713511641903537,10221,1711902,Lagoa da Confusão
TO,73393,53.48706411698538,92.69911504424779,39.21205092726241,2701,1720259,São Salvador do Tocantins
TO,73407,75.76121794871794,83.49478390461996,7.733565955902023,3503,1712009,Lajeado
TO,73415,57.78648383937316,64.66346153846153,6.876977699088371,2668,1718709,Rio dos Bois
TO,73423,30.232558139534884,77.72477064220183,47.492212502666945,3567,1703891,Carrasco Bonito
TO,73431,42.857142857142854,86.45627876397107,43.59913590682822,2139,1718659,Rio da Conceição
TO,73440,60.96707336148913,68.91858495626963,7.951511594780499,218549,1721000,Palmas
TO,73458,88.57331571994716,85.27988942639945,-3.2934262935477108,1851,1721257,Tupirama
TO,73466,74.22594142259415,76.3157894736842,2.0898480510900583,1692,1715507,Oliveira de Fátima
TO,73474,48.568220101066814,66.05648535564853,17.48826525458172,2545,1704600,Chapada de Areia
TO,73482,74.13945278022948,81.75453047775947,7.615077697529998,3102,1705102,Chapada da Natividade
TO,73504,77.83426537874936,94.29657794676807,16.462312568018703,2560,1720978,Talismã
TO,73512,31.8454363757495,83.33893181054754,51.493495434798035,3951,1700301,Aguiarnópolis
TO,73520,29.79435676709708,66.23073330219523,36.43637653509815,2601,1712454,Luzinópolis
TO,73539,23.39080459770115,52.11352657004831,28.72272197234716,2106,1720002,Santa Terezinha do Tocantins
TO,73547,47.002967359050444,83.3644859813084,36.36151862225796,2126,1718899,Santa Rita do Tocantins
TO,73555,80.47112462006079,85.64425770308124,5.173133083020446,1827,1706258,Crixás do Tocantins
TO,73563,52.35142118863049,51.461693548387096,-0.8897276402433931,2559,1713700,Monte Santo do Tocantins
TO,73571,79.4762484774665,85.21739130434783,5.74114282688133,2328,1718451,Pugmil
TO,73580,55.422222222222224,55.65514297908664,0.2329207568644165,2799,1703057,Bandeirantes do Tocantins
TO,73598,66.39400136332652,53.10880829015544,-13.285193073171087,1997,1709807,Ipueiras
TO,73601,41.160409556313994,90.94339622641509,49.782986670101096,2002,1712157,Lavandeira
TO,73610,83.24232081911263,82.54372019077901,-0.6986006283336224,4021,1703073,Barra do Ouro
TO,92002,45.606999635435656,59.32678821879383,13.719788583358174,3604,1703206,Bernardo Sayão
TO,92045,42.60321100917431,77.9779198140616,35.374708804887284,6689,1703800,Buriti do Tocantins
TO,92070,54.61857177674872,72.54947077772664,17.930899000977917,5592,1700400,Almas
TO,92088,76.66557269445356,82.96985246953174,6.304279775078186,3951,1703909,Caseara
TO,92134,73.27213822894169,90.67480501865039,17.402666789708704,8052,1700707,Alvorada
TO,92142,54.04509283819629,92.82511210762331,38.78001926942702,3890,1705557,Combinado
TO,92185,35.83625730994152,72.35582535605884,36.51956804611732,5779,1707108,Divinópolis do Tocantins
TO,92193,40.61135371179039,89.58333333333333,48.971979621542935,7593,1701002,Ananás
TO,92240,65.22097172659896,68.27084499160604,3.0498732650070792,4496,1708304,Goianorte
TO,92304,84.24935448174105,79.32109456182889,-4.928259919912165,3802,1712504,Marianópolis do Tocantins
TO,92371,26.09625668449198,79.88226260557973,53.78600592108775,5135,1701903,Araguacema
TO,92398,69.30072756669361,74.31672025723472,5.015992690541111,6645,1702000,Araguaçu
TO,92401,54.26070935052971,84.40721649484536,30.14650714431565,2880,1715002,Nova Rosalândia
TO,92410,53.07316518972961,59.88125530110263,6.808090111373019,123845,1702109,Araguaína
TO,92436,43.21239788563191,69.31623931623932,26.10384143060741,22355,1702208,Araguatins
TO,92452,48.264729620661825,66.60889659156557,18.344166970903743,4628,1702307,Arapoema
TO,92479,26.785414216098136,75.98980458793542,49.20439037183729,8200,1702406,Arraias
TO,92487,66.21621621621621,67.84593437945792,1.629718163241705,4371,1716653,Pequizeiro
TO,92509,69.72318339100346,81.81360201511335,12.090418624109887,2639,1718006,Porto Alegre do Tocantins
TO,92525,59.219190968955786,79.2152466367713,19.99605566781551,5873,1718303,Praia Norte
TO,92533,65.1372388365424,86.40296662546353,21.26572778892114,3314,1702703,Aurora do Tocantins
TO,92541,58.770989639156845,63.92785571142284,5.1568660722659985,4157,1718808,Sampaio
TO,92576,64.65529597248101,67.32007840940913,2.664782436928121,9184,1702901,Axixá do Tocantins
TO,92584,71.15327601541654,92.2019719151479,21.048695899731356,4257,1718907,Santa Rosa do Tocantins
TO,92592,45.35947712418301,61.08411214953271,15.724635025349698,6651,1703008,Babaçulândia
TO,92606,86.33968382650993,84.75925189017111,-1.5804319363388117,3061,1719004,Santa Tereza do Tocantins
TO,92681,77.78151260504201,92.40091713069113,14.619404525649117,4075,1720499,São Valério
TO,92738,55.53494124922696,82.14716525934861,26.61222401012165,4228,1703701,Brejinho de Nazaré
TO,93114,55.312535322708264,49.843243808130424,-5.46929151457784,25350,1705508,Colinas do Tocantins
TO,93130,74.85334376222136,85.63240351547573,10.779059753254373,3643,1705607,Conceição do Tocantins
TO,93211,46.60448848732148,75.40584415584415,28.801355668522667,4816,1706001,Couto Magalhães
TO,93238,51.103804603100045,80.70505287896592,29.60124827586587,5530,1706100,Cristalândia
TO,93416,52.57345280266722,57.31006160164271,4.736608798975489,13191,1707009,Dianópolis
TO,93459,35.7769747031492,59.8644774563461,24.0875027531969,5082,1707207,Dois Irmãos do Tocantins
TO,93475,52.08256542572798,85.68345323741008,33.6008878116821,3669,1707306,Dueré
TO,93556,49.17445792719316,66.63917525773196,17.464717330538804,6244,1707702,Filadélfia
TO,93653,59.04348628935463,82.59642521166509,23.55293892231046,14141,1708205,Formoso do Araguaia
TO,93858,64.57202552630982,83.94651025366046,19.374484727350648,61238,1709500,Gurupi
TO,94056,71.42857142857143,59.071540704193765,-12.357030724377665,5444,1710508,Itacajá
TO,94099,74.44190040068689,88.52589641434263,14.083996013655735,4717,1710706,Itaguatins
TO,94170,92.3896499238965,79.85314364387334,-12.536506280023161,2703,1711100,Itaporã do Tocantins
TO,94617,70.20896084337349,74.85363550519358,4.6446746618200905,14418,1713205,Miracema do Tocantins
TO,94633,67.14532641935912,68.10412831974757,0.9588019003884511,10079,1713304,Miranorte
TO,94692,81.84958809460537,73.35383038688188,-8.495757707723484,5125,1713601,Monte do Carmo
TO,94811,71.7615070887551,65.39356339666537,-6.3679436920897245,6806,1714203,Natividade
TO,94838,61.63690476190476,68.09338521400778,6.456480452103023,4125,1714302,Nazaré
TO,94994,73.9368556701031,88.11611732688237,14.179261656779275,4119,1715101,Novo Acordo
TO,95192,58.18217900377059,52.03350642459159,-6.148672579178999,36054,1716109,Paraíso do Tocantins
TO,95214,74.02812241521919,86.19964407053875,12.171521655319566,8577,1716208,Paranã
TO,95257,75.9031514219831,71.9946679592826,-3.9084834627005023,10798,1716505,Pedro Afonso
TO,95273,65.96466178832767,85.07791017415215,19.113248385824477,7283,1716604,Peixe
TO,95290,82.79889152810767,75.33217793183131,-7.466713596276364,6526,1716703,Colméia
TO,95338,67.03230653643877,74.59581048783917,7.563503951400406,8809,1709005,Goiatins
TO,95370,77.60736196319019,65.33613445378151,-12.271227509408675,3710,1717008,Pindorama do Tocantins
TO,95478,72.45706737120211,77.86578657865786,5.408719207455746,5965,1717503,Pium
TO,95516,81.98099415204679,91.015625,9.03463084795321,3642,1717800,Ponte Alta do Bom Jesus
TO,95532,77.03962703962704,70.5568445475638,-6.482782492063237,5628,1717909,Ponte Alta do Tocantins
TO,95591,72.74392225208992,71.74018006759636,-1.0037421844935608,47070,1718204,Porto Nacional
TO,95699,85.38398018166804,94.98920086393089,9.605220682262853,3099,1712405,Lizarda
TO,96032,27.129094412331405,90.9090909090909,63.7799964967595,3364,1720309,São Sebastião do Tocantins
TO,96130,32.60243277848912,88.0178653935007,55.41543261501158,8078,1720804,Sítio Novo do Tocantins
TO,96156,63.25564003489966,79.46168768186227,16.20604764696261,11229,1720903,Taguatinga
TO,96199,67.58706467661692,74.69352014010508,7.10645546348816,5453,1721109,Tocantínia
TO,96210,28.87475149105368,77.48436414176511,48.60961265071143,16077,1721208,Tocantinópolis
TO,96270,62.845239932109244,66.32071334600205,3.475473413892807,17601,1709302,Guaraí
TO,96296,87.63026733121885,56.443861948449104,-31.186405382769742,2825,1718402,Presidente Kennedy
TO,96431,52.62054507337526,78.17884729649435,25.558302223119092,8636,1722107,Xambioá
TO,96490,78.73576055394237,96.45242070116862,17.71666014722625,6163,1715754,Palmeirópolis
TO,96598,83.92610973256134,82.02479338842976,-1.9013163441315868,4865,1720655,Silvanópolis
TO,96636,54.45497630331754,70.10552842967397,15.65055212635643,8132,1714880,Nova Olinda
TO,96652,48.73039581777446,85.87987355110643,37.14947773333197,7391,1722081,Wanderlândia
TO,96679,80.95238095238095,91.42045454545455,10.468073593073598,4679,1707652,Figueirópolis
TO,96792,44.412525136455045,85.90846047156727,41.49593533511222,4294,1718758,Rio Sono
TO,96830,86.46788990825688,89.03474903474904,2.5668591264921616,3389,1707553,Fátima
TO,96857,70.51009025453808,79.28543537680594,8.77534512226785,13638,1702554,Augustinópolis
TO,96954,71.42857142857143,86.7396593673966,15.311087938825167,4304,1700350,Aliança do Tocantins
TO,96970,77.17618905174993,85.84758942457232,8.67140037282239,4670,1701101,Aparecida do Rio Negro
TO,96997,74.4400895856663,68.75326030255607,-5.686829283110228,4903,1703107,Barrolândia
