ano,uf,instituto,registro_tse,fim,nr,nome,partido,result,soma,pct_valido,pct_urna,pct_urna_coberto
2018,AC,Ibope,AC084922018,2018-10-05,11,GLADSON CAMELI,PP,51.0,95.0,53.68,53.705559658191795,100.0
2018,AC,Ibope,AC084922018,2018-10-05,13,MARCUS ALEXANDRE,PT,33.0,95.0,34.74,34.54310485379163,100.0
2018,AC,Ibope,AC084922018,2018-10-05,17,CORONEL ULYSSES,PSL,8.0,95.0,8.42,10.797072955528488,100.0
2018,AC,Ibope,AC084922018,2018-10-05,18,JANAINA FURTADO,REDE,2.0,95.0,2.11,0.6629487191782792,100.0
2018,AC,Ibope,AC084922018,2018-10-05,70,DAVID HALL,AVANTE,1.0,95.0,1.05,0.29131381330980444,100.0
2018,AC,Real Time Big Data,AC076462018,2018-10-01,11,GLADSON CAMELI,PP,49.0,93.0,52.69,53.705559658191795,99.70868618669019
2018,AC,Real Time Big Data,AC076462018,2018-10-01,13,MARCUS ALEXANDRE,PT,34.0,93.0,36.56,34.54310485379163,99.70868618669019
2018,AC,Real Time Big Data,AC076462018,2018-10-01,17,CORONEL ULYSSES,PSL,9.0,93.0,9.68,10.797072955528488,99.70868618669019
2018,AC,Real Time Big Data,AC076462018,2018-10-01,18,JANAINA FURTADO,REDE,1.0,93.0,1.08,0.6629487191782792,99.70868618669019
2018,AL,Ibope,AL095792018,2018-10-05,15,RENAN FILHO,MDB,66.0,80.0,82.5,77.29643582689295,100.0
2018,AL,Ibope,AL095792018,2018-10-05,90,PINTO DE LUNA,PROS,6.0,80.0,7.5,7.308643538676671,100.0
2018,AL,Ibope,AL095792018,2018-10-05,50,BASILE,PSOL,4.0,80.0,5.0,4.337096541302758,100.0
2018,AL,Ibope,AL095792018,2018-10-05,17,JOSAN LEITE,PSL,3.0,80.0,3.75,11.057824093127621,100.0
2018,AM,DMP,AM074372018,2018-10-04,20,WILSON LIMA,PSC,31.0,85.0,36.47,33.72884403155191,99.61798268625394
2018,AM,DMP,AM074372018,2018-10-04,12,AMAZONINO MENDES,PDT,26.0,85.0,30.59,32.735553786590444,99.61798268625394
2018,AM,DMP,AM074372018,2018-10-04,40,DAVID ALMEIDA,PSB,18.0,85.0,21.18,23.58720872381228,99.61798268625394
2018,AM,DMP,AM074372018,2018-10-04,55,OMAR AZIZ,PSD,9.0,85.0,10.59,8.0736422187647,99.61798268625394
2018,AM,DMP,AM074372018,2018-10-04,65,LUCIA ANTONY,PC do B,1.0,85.0,1.18,1.4927339255346095,99.61798268625394
2018,AM,Ibope,AM061142018,2018-10-05,12,AMAZONINO MENDES,PDT,32.0,92.0,34.78,32.735553786590444,99.69283704816009
2018,AM,Ibope,AM061142018,2018-10-05,20,WILSON LIMA,PSC,29.0,92.0,31.52,33.72884403155191,99.69283704816009
2018,AM,Ibope,AM061142018,2018-10-05,40,DAVID ALMEIDA,PSB,17.0,92.0,18.48,23.58720872381228,99.69283704816009
2018,AM,Ibope,AM061142018,2018-10-05,55,OMAR AZIZ,PSD,10.0,92.0,10.87,8.0736422187647,99.69283704816009
2018,AM,Ibope,AM061142018,2018-10-05,65,LUCIA ANTONY,PC do B,3.0,92.0,3.26,1.4927339255346095,99.69283704816009
2018,AM,Ibope,AM061142018,2018-10-05,16,SIDNEY CABRAL,PSTU,1.0,92.0,1.09,0.07485436190614032,99.69283704816009
2018,AM,Real Time Big Data,AM085362018,2018-10-01,12,AMAZONINO MENDES,PDT,30.0,87.0,34.48,32.735553786590444,99.61798268625395
2018,AM,Real Time Big Data,AM085362018,2018-10-01,20,WILSON LIMA,PSC,23.0,87.0,26.44,33.72884403155191,99.61798268625395
2018,AM,Real Time Big Data,AM085362018,2018-10-01,40,DAVID ALMEIDA,PSB,23.0,87.0,26.44,23.58720872381228,99.61798268625395
2018,AM,Real Time Big Data,AM085362018,2018-10-01,55,OMAR AZIZ,PSD,9.0,87.0,10.34,8.0736422187647,99.61798268625395
2018,AM,Real Time Big Data,AM085362018,2018-10-01,65,LUCIA ANTONY,PC do B,2.0,87.0,2.3,1.4927339255346095,99.61798268625395
2018,AP,Doxa,AP003962018,2018-09-29,12,WALDEZ,PDT,28.7,81.3,35.3,33.55457208563073,98.78641938303355
2018,AP,Doxa,AP003962018,2018-09-29,40,CAPI 40,PSB,27.5,81.3,33.83,30.100224933061632,98.78641938303355
2018,AP,Doxa,AP003962018,2018-09-29,25,DAVI,DEM,18.7,81.3,23.0,23.74718833672958,98.78641938303355
2018,AP,Doxa,AP003962018,2018-09-29,17,CIRILO FERNANDES,PSL,6.4,81.3,7.87,11.384434027611604,98.78641938303355
2018,AP,Ibope,AP094622018,2018-10-05,40,CAPI 40,PSB,33.0,93.0,35.48,30.100224933061632,100.0
2018,AP,Ibope,AP094622018,2018-10-05,12,WALDEZ,PDT,24.0,93.0,25.81,33.55457208563073,100.0
2018,AP,Ibope,AP094622018,2018-10-05,25,DAVI,DEM,24.0,93.0,25.81,23.74718833672958,100.0
2018,AP,Ibope,AP094622018,2018-10-05,17,CIRILO FERNANDES,PSL,11.0,93.0,11.83,11.384434027611604,100.0
2018,AP,Ibope,AP094622018,2018-10-05,16,GIANFRANCO,PSTU,1.0,93.0,1.08,1.2135806169664514,100.0
2018,AP,Mentor Inteligência,AP072162018,2018-10-04,40,CAPI 40,PSB,35.7,94.10000000000001,37.94,30.100224933061632,100.0
2018,AP,Mentor Inteligência,AP072162018,2018-10-04,12,WALDEZ,PDT,24.7,94.10000000000001,26.25,33.55457208563073,100.0
2018,AP,Mentor Inteligência,AP072162018,2018-10-04,25,DAVI,DEM,20.2,94.10000000000001,21.47,23.74718833672958,100.0
2018,AP,Mentor Inteligência,AP072162018,2018-10-04,17,CIRILO FERNANDES,PSL,12.0,94.10000000000001,12.75,11.384434027611604,100.0
2018,AP,Mentor Inteligência,AP072162018,2018-10-04,16,GIANFRANCO,PSTU,1.5,94.10000000000001,1.59,1.2135806169664514,100.0
2018,BA,Ibope,BA074272018,2018-10-06,13,RUI COSTA,PT,62.0,82.0,75.61,75.50220355300513,100.0
2018,BA,Ibope,BA074272018,2018-10-06,25,ZÉ RONALDO,DEM,14.0,82.0,17.07,22.25726322065132,100.0
2018,BA,Ibope,BA074272018,2018-10-06,28,JOÃO HENRIQUE DURVAL CARNEIRO,PRTB,2.0,82.0,2.44,0.5772233246818975,100.0
2018,BA,Ibope,BA074272018,2018-10-06,15,JOÃO SANTANA,MDB,1.0,82.0,1.22,0.4928621950428132,100.0
2018,BA,Ibope,BA074272018,2018-10-06,29,ORLANDO ANDRADE,PCO,1.0,82.0,1.22,0.04592896063947336,100.0
2018,BA,Ibope,BA074272018,2018-10-06,50,MARCOS MENDES,PSOL,1.0,82.0,1.22,0.6622956124212059,100.0
2018,BA,Ibope,BA074272018,2018-10-06,18,CÉLIA SACRAMENTO,REDE,1.0,82.0,1.22,0.4622231335581581,100.0
2018,BA,Real Time Big Data,BA011222018,2018-10-02,13,RUI COSTA,PT,57.0,76.0,75.0,75.50220355300513,98.42176238607766
2018,BA,Real Time Big Data,BA011222018,2018-10-02,25,ZÉ RONALDO,DEM,16.0,76.0,21.05,22.25726322065132,98.42176238607766
2018,BA,Real Time Big Data,BA011222018,2018-10-02,50,MARCOS MENDES,PSOL,3.0,76.0,3.95,0.6622956124212059,98.42176238607766
2018,CE,Ibope,CE032212018,2018-10-06,13,CAMILO,PT,75.0,87.0,86.21,79.9597421071242,100.0
2018,CE,Ibope,CE032212018,2018-10-06,45,GENERAL THEOPHILO,PSDB,8.0,87.0,9.2,11.295659857806939,100.0
2018,CE,Ibope,CE032212018,2018-10-06,17,HÉLIO GÓIS,PSL,2.0,87.0,2.3,6.532102131277085,100.0
2018,CE,Ibope,CE032212018,2018-10-06,16,GONZAGA,PSTU,1.0,87.0,1.15,0.11701800204018342,100.0
2018,CE,Ibope,CE032212018,2018-10-06,50,AILTON LOPES,PSOL,1.0,87.0,1.15,2.0954779017515928,100.0
2018,DF,Datafolha,DF061062018,2018-10-06,15,IBANEIS,MDB,36.0,90.0,40.0,41.97427552255328,99.91578768964321
2018,DF,Datafolha,DF061062018,2018-10-06,90,ELIANA PEDROSA,PROS,12.0,90.0,13.33,6.989820373553098,99.91578768964321
2018,DF,Datafolha,DF061062018,2018-10-06,40,RODRIGO ROLLEMBERG,PSB,11.0,90.0,12.22,13.936740136169718,99.91578768964321
2018,DF,Datafolha,DF061062018,2018-10-06,55,ROGÉRIO ROSSO,PSD,9.0,90.0,10.0,11.24055590717579,99.91578768964321
2018,DF,Datafolha,DF061062018,2018-10-06,25,ALBERTO FRAGA,DEM,8.0,90.0,8.89,5.881620795673924,99.91578768964321
2018,DF,Datafolha,DF061062018,2018-10-06,44,GENERAL PAULO CHAGAS,PRP,5.0,90.0,5.56,7.346928236811372,99.91578768964321
2018,DF,Datafolha,DF061062018,2018-10-06,50,FÁTIMA SOUSA,PSOL,4.0,90.0,4.44,4.346202633885657,99.91578768964321
2018,DF,Datafolha,DF061062018,2018-10-06,13,JÚLIO MIRAGAYA,PT,3.0,90.0,3.33,4.011471941146717,99.91578768964321
2018,DF,Datafolha,DF061062018,2018-10-06,30,ALEXANDRE GUERRA,NOVO,2.0,90.0,2.22,4.188172142673661,99.91578768964321
2018,DF,Ibope,DF082612018,2018-10-06,15,IBANEIS,MDB,39.0,91.0,42.86,41.97427552255328,99.91578768964321
2018,DF,Ibope,DF082612018,2018-10-06,90,ELIANA PEDROSA,PROS,12.0,91.0,13.19,6.989820373553098,99.91578768964321
2018,DF,Ibope,DF082612018,2018-10-06,55,ROGÉRIO ROSSO,PSD,11.0,91.0,12.09,11.24055590717579,99.91578768964321
2018,DF,Ibope,DF082612018,2018-10-06,40,RODRIGO ROLLEMBERG,PSB,11.0,91.0,12.09,13.936740136169718,99.91578768964321
2018,DF,Ibope,DF082612018,2018-10-06,25,ALBERTO FRAGA,DEM,6.0,91.0,6.59,5.881620795673924,99.91578768964321
2018,DF,Ibope,DF082612018,2018-10-06,44,GENERAL PAULO CHAGAS,PRP,4.0,91.0,4.4,7.346928236811372,99.91578768964321
2018,DF,Ibope,DF082612018,2018-10-06,13,JÚLIO MIRAGAYA,PT,3.0,91.0,3.3,4.011471941146717,99.91578768964321
2018,DF,Ibope,DF082612018,2018-10-06,50,FÁTIMA SOUSA,PSOL,3.0,91.0,3.3,4.346202633885657,99.91578768964321
2018,DF,Ibope,DF082612018,2018-10-06,30,ALEXANDRE GUERRA,NOVO,2.0,91.0,2.2,4.188172142673661,99.91578768964321
2018,ES,Ibope,ES042002018,2018-10-06,40,RENATO CASAGRANDE,PSB,58.0,92.0,63.04,55.48949154401928,100.0
2018,ES,Ibope,ES042002018,2018-10-06,17,MANATO,PSL,13.0,92.0,14.13,27.22003455983307,100.0
2018,ES,Ibope,ES042002018,2018-10-06,19,ROSE DE FREITAS,PODE,10.0,92.0,10.87,5.47295685299547,100.0
2018,ES,Ibope,ES042002018,2018-10-06,13,JACKELINE ROCHA 13,PT,6.0,92.0,6.52,7.382597224759497,100.0
2018,ES,Ibope,ES042002018,2018-10-06,14,PROFESSOR ARIDELMO TEIXEIRA,PTB,3.0,92.0,3.26,3.2510980432137644,100.0
2018,ES,Ibope,ES042002018,2018-10-06,50,ANDRE MOREIRA,PSOL,2.0,92.0,2.17,1.1838217751789188,100.0
2018,GO,Grupo M,GO073552018,2018-09-30,25,RONALDO CAIADO,DEM,42.0,72.8,57.69,59.72867886738214,98.75185811590332
2018,GO,Grupo M,GO073552018,2018-09-30,45,ZÉ ELITON,PSDB,12.8,72.8,17.58,13.726630181966515,98.75185811590332
2018,GO,Grupo M,GO073552018,2018-09-30,15,DANIEL VILELA,MDB,12.3,72.8,16.9,16.140892427847167,98.75185811590332
2018,GO,Grupo M,GO073552018,2018-09-30,13,KÁTIA MARIA,PT,5.7,72.8,7.83,9.15565663870749,98.75185811590332
2018,GO,Ibope,GO022502018,2018-10-06,25,RONALDO CAIADO,DEM,49.0,88.0,55.68,59.72867886738214,100.0
2018,GO,Ibope,GO022502018,2018-10-06,15,DANIEL VILELA,MDB,15.0,88.0,17.05,16.140892427847167,100.0
2018,GO,Ibope,GO022502018,2018-10-06,45,ZÉ ELITON,PSDB,14.0,88.0,15.91,13.726630181966515,100.0
2018,GO,Ibope,GO022502018,2018-10-06,13,KÁTIA MARIA,PT,6.0,88.0,6.82,9.15565663870749,100.0
2018,GO,Ibope,GO022502018,2018-10-06,21,MARCELO LIRA,PCB,2.0,88.0,2.27,0.22009389190607576,100.0
2018,GO,Ibope,GO022502018,2018-10-06,50,WESLEI GARCIA,PSOL,1.0,88.0,1.14,0.8764681768282968,100.0
2018,GO,Ibope,GO022502018,2018-10-06,29,ALDA LUCIA,PCO,1.0,88.0,1.14,0.15157981536231113,100.0
2018,GO,Real Time Big Data,GO017292018,2018-10-03,25,RONALDO CAIADO,DEM,48.0,79.0,60.76,59.72867886738214,99.62832629273161
2018,GO,Real Time Big Data,GO017292018,2018-10-03,45,ZÉ ELITON,PSDB,14.0,79.0,17.72,13.726630181966515,99.62832629273161
2018,GO,Real Time Big Data,GO017292018,2018-10-03,15,DANIEL VILELA,MDB,11.0,79.0,13.92,16.140892427847167,99.62832629273161
2018,GO,Real Time Big Data,GO017292018,2018-10-03,13,KÁTIA MARIA,PT,5.0,79.0,6.33,9.15565663870749,99.62832629273161
2018,GO,Real Time Big Data,GO017292018,2018-10-03,50,WESLEI GARCIA,PSOL,1.0,79.0,1.27,0.8764681768282968,99.62832629273161
2018,GO,Serpes,GO031922018,2018-10-06,25,RONALDO CAIADO,DEM,45.8,71.2,64.33,59.72867886738214,98.75185811590332
2018,GO,Serpes,GO031922018,2018-10-06,15,DANIEL VILELA,MDB,11.9,71.2,16.71,16.140892427847167,98.75185811590332
2018,GO,Serpes,GO031922018,2018-10-06,45,ZÉ ELITON,PSDB,7.6,71.2,10.67,13.726630181966515,98.75185811590332
2018,GO,Serpes,GO031922018,2018-10-06,13,KÁTIA MARIA,PT,5.9,71.2,8.29,9.15565663870749,98.75185811590332
2018,MA,Ibope,MA075702018,2018-10-04,65,FLÁVIO DINO,PC do B,56.0,94.0,59.57,59.28461448104866,100.0
2018,MA,Ibope,MA075702018,2018-10-04,15,ROSEANA SARNEY,MDB,30.0,94.0,31.91,30.071875069446428,100.0
2018,MA,Ibope,MA075702018,2018-10-04,17,MAURA JORGE,PSL,4.0,94.0,4.26,7.873082088059659,100.0
2018,MA,Ibope,MA075702018,2018-10-04,45,ROBERTO ROCHA,PSDB,2.0,94.0,2.13,2.045994964935506,100.0
2018,MA,Ibope,MA075702018,2018-10-04,16,RAMON ZAPATA,PSTU,1.0,94.0,1.06,0.3622325717242715,100.0
2018,MA,Ibope,MA075702018,2018-10-04,50,ODIVIO NETO,PSOL,1.0,94.0,1.06,0.36220082478547005,100.0
2018,MA,Instituto Datailha,MA008172018,2018-10-05,65,FLÁVIO DINO,PC do B,57.98,94.07,61.63,59.28461448104866,99.27556660349026
2018,MA,Instituto Datailha,MA008172018,2018-10-05,15,ROSEANA SARNEY,MDB,28.82,94.07,30.64,30.071875069446428,99.27556660349026
2018,MA,Instituto Datailha,MA008172018,2018-10-05,17,MAURA JORGE,PSL,5.55,94.07,5.9,7.873082088059659,99.27556660349026
2018,MA,Instituto Datailha,MA008172018,2018-10-05,45,ROBERTO ROCHA,PSDB,1.72,94.07,1.83,2.045994964935506,99.27556660349026
2018,MA,Instituto Econométrica,MA071752018,2018-10-05,65,FLÁVIO DINO,PC do B,56.7,93.80000000000001,60.45,59.28461448104866,99.27556660349026
2018,MA,Instituto Econométrica,MA071752018,2018-10-05,15,ROSEANA SARNEY,MDB,29.1,93.80000000000001,31.02,30.071875069446428,99.27556660349026
2018,MA,Instituto Econométrica,MA071752018,2018-10-05,17,MAURA JORGE,PSL,4.9,93.80000000000001,5.22,7.873082088059659,99.27556660349026
2018,MA,Instituto Econométrica,MA071752018,2018-10-05,45,ROBERTO ROCHA,PSDB,3.1,93.80000000000001,3.3,2.045994964935506,99.27556660349026
2018,MA,MBO,MA050692018,2018-10-04,65,FLÁVIO DINO,PC do B,40.7,92.3,44.1,59.28461448104866,99.27556660349026
2018,MA,MBO,MA050692018,2018-10-04,15,ROSEANA SARNEY,MDB,33.93,92.3,36.76,30.071875069446428,99.27556660349026
2018,MA,MBO,MA050692018,2018-10-04,17,MAURA JORGE,PSL,13.61,92.3,14.75,7.873082088059659,99.27556660349026
2018,MA,MBO,MA050692018,2018-10-04,45,ROBERTO ROCHA,PSDB,4.06,92.3,4.4,2.045994964935506,99.27556660349026
2018,MA,Real Time Big Data,MA039382018,2018-10-02,65,FLÁVIO DINO,PC do B,47.0,92.0,51.09,59.28461448104866,99.27556660349026
2018,MA,Real Time Big Data,MA039382018,2018-10-02,15,ROSEANA SARNEY,MDB,32.0,92.0,34.78,30.071875069446428,99.27556660349026
2018,MA,Real Time Big Data,MA039382018,2018-10-02,17,MAURA JORGE,PSL,7.0,92.0,7.61,7.873082088059659,99.27556660349026
2018,MA,Real Time Big Data,MA039382018,2018-10-02,45,ROBERTO ROCHA,PSDB,6.0,92.0,6.52,2.045994964935506,99.27556660349026
2018,MG,CP2 Pesquisa,MG075132018,2018-10-02,45,ANTONIO ANASTASIA,PSDB,30.3,64.8,46.76,29.055767856440536,97.67824646155921
2018,MG,CP2 Pesquisa,MG075132018,2018-10-02,13,FERNANDO PIMENTEL,PT,19.8,64.8,30.56,23.122967753377196,97.67824646155921
2018,MG,CP2 Pesquisa,MG075132018,2018-10-02,30,ROMEU ZEMA,NOVO,11.1,64.8,17.13,42.72593648123146,97.67824646155921
2018,MG,CP2 Pesquisa,MG075132018,2018-10-02,15,ADALCLEVER LOPES,MDB,3.6,64.8,5.56,2.773574370510012,97.67824646155921
2018,MG,Datafolha,MG089402018,2018-10-06,45,ANTONIO ANASTASIA,PSDB,32.0,79.0,40.51,29.055767856440536,99.64827984668916
2018,MG,Datafolha,MG089402018,2018-10-06,13,FERNANDO PIMENTEL,PT,23.0,79.0,29.11,23.122967753377196,99.64827984668916
2018,MG,Datafolha,MG089402018,2018-10-06,30,ROMEU ZEMA,NOVO,19.0,79.0,24.05,42.72593648123146,99.64827984668916
2018,MG,Datafolha,MG089402018,2018-10-06,15,ADALCLEVER LOPES,MDB,3.0,79.0,3.8,2.773574370510012,99.64827984668916
2018,MG,Datafolha,MG089402018,2018-10-06,18,JOÃO BATISTA MARES GUIA,REDE,1.0,79.0,1.27,0.5869159731345758,99.64827984668916
2018,MG,Datafolha,MG089402018,2018-10-06,50,DIRLENE MARQUES,PSOL,1.0,79.0,1.27,1.383117411995379,99.64827984668916
2018,MG,Ibope,MG015592018,2018-10-06,45,ANTONIO ANASTASIA,PSDB,32.0,79.0,40.51,29.055767856440536,100.0
2018,MG,Ibope,MG015592018,2018-10-06,13,FERNANDO PIMENTEL,PT,20.0,79.0,25.32,23.122967753377196,100.0
2018,MG,Ibope,MG015592018,2018-10-06,30,ROMEU ZEMA,NOVO,18.0,79.0,22.78,42.72593648123146,100.0
2018,MG,Ibope,MG015592018,2018-10-06,15,ADALCLEVER LOPES,MDB,4.0,79.0,5.06,2.773574370510012,100.0
2018,MG,Ibope,MG015592018,2018-10-06,18,JOÃO BATISTA MARES GUIA,REDE,2.0,79.0,2.53,0.5869159731345758,100.0
2018,MG,Ibope,MG015592018,2018-10-06,16,JORDANO METALÚRGICO,PSTU,1.0,79.0,1.27,0.16250230844738447,100.0
2018,MG,Ibope,MG015592018,2018-10-06,50,DIRLENE MARQUES,PSOL,1.0,79.0,1.27,1.383117411995379,100.0
2018,MG,Ibope,MG015592018,2018-10-06,70,CLAUDINEY DULIM,AVANTE,1.0,79.0,1.27,0.1892178448634581,100.0
2018,MG,MDA,MG060812018,2018-10-04,45,ANTONIO ANASTASIA,PSDB,31.5,70.2,44.87,29.055767856440536,99.64827984668916
2018,MG,MDA,MG060812018,2018-10-04,13,FERNANDO PIMENTEL,PT,19.3,70.2,27.49,23.122967753377196,99.64827984668916
2018,MG,MDA,MG060812018,2018-10-04,30,ROMEU ZEMA,NOVO,14.2,70.2,20.23,42.72593648123146,99.64827984668916
2018,MG,MDA,MG060812018,2018-10-04,15,ADALCLEVER LOPES,MDB,2.5,70.2,3.56,2.773574370510012,99.64827984668916
2018,MG,MDA,MG060812018,2018-10-04,18,JOÃO BATISTA MARES GUIA,REDE,1.6,70.2,2.28,0.5869159731345758,99.64827984668916
2018,MG,MDA,MG060812018,2018-10-04,50,DIRLENE MARQUES,PSOL,1.1,70.2,1.57,1.383117411995379,99.64827984668916
2018,MG,Multidados,MG064572018,2018-10-03,45,ANTONIO ANASTASIA,PSDB,37.0,85.0,43.53,29.055767856440536,99.83749769155261
2018,MG,Multidados,MG064572018,2018-10-03,13,FERNANDO PIMENTEL,PT,25.0,85.0,29.41,23.122967753377196,99.83749769155261
2018,MG,Multidados,MG064572018,2018-10-03,30,ROMEU ZEMA,NOVO,14.0,85.0,16.47,42.72593648123146,99.83749769155261
2018,MG,Multidados,MG064572018,2018-10-03,15,ADALCLEVER LOPES,MDB,4.0,85.0,4.71,2.773574370510012,99.83749769155261
2018,MG,Multidados,MG064572018,2018-10-03,50,DIRLENE MARQUES,PSOL,2.0,85.0,2.35,1.383117411995379,99.83749769155261
2018,MG,Multidados,MG064572018,2018-10-03,18,JOÃO BATISTA MARES GUIA,REDE,2.0,85.0,2.35,0.5869159731345758,99.83749769155261
2018,MG,Multidados,MG064572018,2018-10-03,70,CLAUDINEY DULIM,AVANTE,1.0,85.0,1.18,0.1892178448634581,99.83749769155261
2018,MG,Real Time Big Data,MG087932018,2018-10-02,45,ANTONIO ANASTASIA,PSDB,35.0,75.0,46.67,29.055767856440536,98.26516243469378
2018,MG,Real Time Big Data,MG087932018,2018-10-02,13,FERNANDO PIMENTEL,PT,23.0,75.0,30.67,23.122967753377196,98.26516243469378
2018,MG,Real Time Big Data,MG087932018,2018-10-02,30,ROMEU ZEMA,NOVO,10.0,75.0,13.33,42.72593648123146,98.26516243469378
2018,MG,Real Time Big Data,MG087932018,2018-10-02,15,ADALCLEVER LOPES,MDB,5.0,75.0,6.67,2.773574370510012,98.26516243469378
2018,MG,Real Time Big Data,MG087932018,2018-10-02,18,JOÃO BATISTA MARES GUIA,REDE,2.0,75.0,2.67,0.5869159731345758,98.26516243469378
2018,MS,Conpar,MS028382018,2018-09-29,45,REINALDO AZAMBUJA,PSDB,37.5,76.3,49.15,44.61214795021316,100.0
2018,MS,Conpar,MS028382018,2018-09-29,12,JUIZ ODILON,PDT,23.9,76.3,31.32,31.620809152018705,100.0
2018,MS,Conpar,MS028382018,2018-09-29,15,JUNIOR MOCHI,MDB,6.2,76.3,8.13,11.606644429908595,100.0
2018,MS,Conpar,MS028382018,2018-09-29,13,HUMBERTO AMADUCCI,PT,5.4,76.3,7.08,10.255351589742638,100.0
2018,MS,Conpar,MS028382018,2018-09-29,43,MARCELO BLUMA,PV,2.0,76.3,2.62,1.279154817629203,100.0
2018,MS,Conpar,MS028382018,2018-09-29,50,JOAO ALFREDO,PSOL,1.3,76.3,1.7,0.6258920604876932,100.0
2018,MS,Ibope,MS082952018,2018-10-05,45,REINALDO AZAMBUJA,PSDB,44.0,88.0,50.0,44.61214795021316,100.0
2018,MS,Ibope,MS082952018,2018-10-05,12,JUIZ ODILON,PDT,31.0,88.0,35.23,31.620809152018705,100.0
2018,MS,Ibope,MS082952018,2018-10-05,15,JUNIOR MOCHI,MDB,6.0,88.0,6.82,11.606644429908595,100.0
2018,MS,Ibope,MS082952018,2018-10-05,13,HUMBERTO AMADUCCI,PT,4.0,88.0,4.55,10.255351589742638,100.0
2018,MS,Ibope,MS082952018,2018-10-05,43,MARCELO BLUMA,PV,2.0,88.0,2.27,1.279154817629203,100.0
2018,MS,Ibope,MS082952018,2018-10-05,50,JOAO ALFREDO,PSOL,1.0,88.0,1.14,0.6258920604876932,100.0
2018,MS,Ibrape,MS078282018,2018-10-01,45,REINALDO AZAMBUJA,PSDB,44.0,87.0,50.57,44.61214795021316,100.0
2018,MS,Ibrape,MS078282018,2018-10-01,12,JUIZ ODILON,PDT,27.0,87.0,31.03,31.620809152018705,100.0
2018,MS,Ibrape,MS078282018,2018-10-01,15,JUNIOR MOCHI,MDB,7.0,87.0,8.05,11.606644429908595,100.0
2018,MS,Ibrape,MS078282018,2018-10-01,13,HUMBERTO AMADUCCI,PT,5.0,87.0,5.75,10.255351589742638,100.0
2018,MS,Ibrape,MS078282018,2018-10-01,43,MARCELO BLUMA,PV,2.0,87.0,2.3,1.279154817629203,100.0
2018,MS,Ibrape,MS078282018,2018-10-01,50,JOAO ALFREDO,PSOL,2.0,87.0,2.3,0.6258920604876932,100.0
2018,MS,Ranking Pesquisa,MS086022018,2018-10-06,45,REINALDO AZAMBUJA,PSDB,37.16,91.72999999999999,40.51,44.61214795021316,100.0
2018,MS,Ranking Pesquisa,MS086022018,2018-10-06,12,JUIZ ODILON,PDT,23.25,91.72999999999999,25.35,31.620809152018705,100.0
2018,MS,Ranking Pesquisa,MS086022018,2018-10-06,15,JUNIOR MOCHI,MDB,22.08,91.72999999999999,24.07,11.606644429908595,100.0
2018,MS,Ranking Pesquisa,MS086022018,2018-10-06,13,HUMBERTO AMADUCCI,PT,5.0,91.72999999999999,5.45,10.255351589742638,100.0
2018,MS,Ranking Pesquisa,MS086022018,2018-10-06,43,MARCELO BLUMA,PV,3.08,91.72999999999999,3.36,1.279154817629203,100.0
2018,MS,Ranking Pesquisa,MS086022018,2018-10-06,50,JOAO ALFREDO,PSOL,1.16,91.72999999999999,1.26,0.6258920604876932,100.0
2018,MS,Real Time Big Data,MS014402018,2018-10-03,45,REINALDO AZAMBUJA,PSDB,44.0,82.0,53.66,44.61214795021316,100.0
2018,MS,Real Time Big Data,MS014402018,2018-10-03,12,JUIZ ODILON,PDT,21.0,82.0,25.61,31.620809152018705,100.0
2018,MS,Real Time Big Data,MS014402018,2018-10-03,15,JUNIOR MOCHI,MDB,10.0,82.0,12.2,11.606644429908595,100.0
2018,MS,Real Time Big Data,MS014402018,2018-10-03,13,HUMBERTO AMADUCCI,PT,4.0,82.0,4.88,10.255351589742638,100.0
2018,MS,Real Time Big Data,MS014402018,2018-10-03,43,MARCELO BLUMA,PV,2.0,82.0,2.44,1.279154817629203,100.0
2018,MS,Real Time Big Data,MS014402018,2018-10-03,50,JOAO ALFREDO,PSOL,1.0,82.0,1.22,0.6258920604876932,100.0
2018,MT,Gazeta Dados,MT010422018,2018-09-30,25,MAURO MENDES,DEM,36.0,69.0,52.17,58.685699196794445,100.0
2018,MT,Gazeta Dados,MT010422018,2018-09-30,45,PEDRO TAQUES,PSDB,17.0,69.0,24.64,18.997508931103713,100.0
2018,MT,Gazeta Dados,MT010422018,2018-09-30,22,WELLINGTON FAGUNDES,PR,14.0,69.0,20.29,19.563552993543897,100.0
2018,MT,Gazeta Dados,MT010422018,2018-09-30,18,ARTHUR NOGUEIRA,REDE,1.0,69.0,1.45,1.724677509266413,100.0
2018,MT,Gazeta Dados,MT010422018,2018-09-30,50,MOISÉS FRANZ,PSOL,1.0,69.0,1.45,1.0285613692915332,100.0
2018,MT,Ibope,MT058772018,2018-10-05,25,MAURO MENDES,DEM,45.0,85.0,52.94,58.685699196794445,100.0
2018,MT,Ibope,MT058772018,2018-10-05,22,WELLINGTON FAGUNDES,PR,20.0,85.0,23.53,19.563552993543897,100.0
2018,MT,Ibope,MT058772018,2018-10-05,45,PEDRO TAQUES,PSDB,18.0,85.0,21.18,18.997508931103713,100.0
2018,MT,Ibope,MT058772018,2018-10-05,50,MOISÉS FRANZ,PSOL,1.0,85.0,1.18,1.0285613692915332,100.0
2018,MT,Ibope,MT058772018,2018-10-05,18,ARTHUR NOGUEIRA,REDE,1.0,85.0,1.18,1.724677509266413,100.0
2018,MT,MT Dados,MT077852018,2018-09-30,25,MAURO MENDES,DEM,46.86,86.34,54.27,58.685699196794445,98.97143863070846
2018,MT,MT Dados,MT077852018,2018-09-30,45,PEDRO TAQUES,PSDB,19.28,86.34,22.33,18.997508931103713,98.97143863070846
2018,MT,MT Dados,MT077852018,2018-09-30,22,WELLINGTON FAGUNDES,PR,18.89,86.34,21.88,19.563552993543897,98.97143863070846
2018,MT,MT Dados,MT077852018,2018-09-30,18,ARTHUR NOGUEIRA,REDE,1.31,86.34,1.52,1.724677509266413,98.97143863070846
2018,MT,Mark Instituto de Pesquisa,MT017772018,2018-10-03,25,MAURO MENDES,DEM,44.9,88.4,50.79,58.685699196794445,98.97143863070846
2018,MT,Mark Instituto de Pesquisa,MT017772018,2018-10-03,22,WELLINGTON FAGUNDES,PR,23.5,88.4,26.58,19.563552993543897,98.97143863070846
2018,MT,Mark Instituto de Pesquisa,MT017772018,2018-10-03,45,PEDRO TAQUES,PSDB,18.3,88.4,20.7,18.997508931103713,98.97143863070846
2018,MT,Mark Instituto de Pesquisa,MT017772018,2018-10-03,18,ARTHUR NOGUEIRA,REDE,1.7,88.4,1.92,1.724677509266413,98.97143863070846
2018,MT,Voice Pesquisas (MT),MT057602018,2018-10-05,25,MAURO MENDES,DEM,44.0,86.0,51.16,58.685699196794445,100.0
2018,MT,Voice Pesquisas (MT),MT057602018,2018-10-05,22,WELLINGTON FAGUNDES,PR,22.0,86.0,25.58,19.563552993543897,100.0
2018,MT,Voice Pesquisas (MT),MT057602018,2018-10-05,45,PEDRO TAQUES,PSDB,18.0,86.0,20.93,18.997508931103713,100.0
2018,MT,Voice Pesquisas (MT),MT057602018,2018-10-05,50,MOISÉS FRANZ,PSOL,1.0,86.0,1.16,1.0285613692915332,100.0
2018,MT,Voice Pesquisas (MT),MT057602018,2018-10-05,18,ARTHUR NOGUEIRA,REDE,1.0,86.0,1.16,1.724677509266413,100.0
2018,PA,Doxa,PA007472018,2018-10-05,15,HELDER,MDB,37.8,80.3,47.07,47.687591616089534,100.0
2018,PA,Doxa,PA007472018,2018-10-05,25,MARCIO MIRANDA,DEM,28.2,80.3,35.12,30.21254410371124,100.0
2018,PA,Doxa,PA007472018,2018-10-05,13,PAULO ROCHA,PT,10.2,80.3,12.7,17.054384042109707,100.0
2018,PA,Doxa,PA007472018,2018-10-05,50,FERNANDO CARNEIRO,PSOL,2.5,80.3,3.11,4.460025346900438,100.0
2018,PA,Doxa,PA007472018,2018-10-05,16,CLEBER RABELO,PSTU,1.6,80.3,1.99,0.5854548911890789,100.0
2018,PA,Ibope,PA068192018,2018-10-06,15,HELDER,MDB,48.0,89.0,53.93,47.687591616089534,100.0
2018,PA,Ibope,PA068192018,2018-10-06,25,MARCIO MIRANDA,DEM,22.0,89.0,24.72,30.21254410371124,100.0
2018,PA,Ibope,PA068192018,2018-10-06,13,PAULO ROCHA,PT,13.0,89.0,14.61,17.054384042109707,100.0
2018,PA,Ibope,PA068192018,2018-10-06,50,FERNANDO CARNEIRO,PSOL,4.0,89.0,4.49,4.460025346900438,100.0
2018,PA,Ibope,PA068192018,2018-10-06,16,CLEBER RABELO,PSTU,2.0,89.0,2.25,0.5854548911890789,100.0
2018,PA,Real Time Big Data,PA023952018,2018-10-01,15,HELDER,MDB,50.0,84.0,59.52,47.687591616089534,100.0
2018,PA,Real Time Big Data,PA023952018,2018-10-01,25,MARCIO MIRANDA,DEM,19.0,84.0,22.62,30.21254410371124,100.0
2018,PA,Real Time Big Data,PA023952018,2018-10-01,13,PAULO ROCHA,PT,11.0,84.0,13.1,17.054384042109707,100.0
2018,PA,Real Time Big Data,PA023952018,2018-10-01,50,FERNANDO CARNEIRO,PSOL,2.0,84.0,2.38,4.460025346900438,100.0
2018,PA,Real Time Big Data,PA023952018,2018-10-01,16,CLEBER RABELO,PSTU,2.0,84.0,2.38,0.5854548911890789,100.0
2018,PB,Ibope,PB043512018,2018-10-05,40,JOÃO,PSB,42.0,87.0,48.28,58.182696779255465,100.0
2018,PB,Ibope,PB043512018,2018-10-05,15,ZÉ MARANHÃO,MDB,27.0,87.0,31.03,17.438005149242294,100.0
2018,PB,Ibope,PB043512018,2018-10-05,43,LUCÉLIO CARTAXO,PV,16.0,87.0,18.39,23.409307606173893,100.0
2018,PB,Ibope,PB043512018,2018-10-05,50,TÁRCIO TEIXEIRA,PSOL,1.0,87.0,1.15,0.806524105572457,100.0
2018,PB,Ibope,PB043512018,2018-10-05,16,RAMA DANTAS,PSTU,1.0,87.0,1.15,0.16346635975589163,100.0
2018,PB,Instituto Opinião (PR),PB075952018,2018-10-04,40,JOÃO,PSB,34.77,80.26,43.32,58.182696779255465,99.83653364024411
2018,PB,Instituto Opinião (PR),PB075952018,2018-10-04,15,ZÉ MARANHÃO,MDB,26.09,80.26,32.51,17.438005149242294,99.83653364024411
2018,PB,Instituto Opinião (PR),PB075952018,2018-10-04,43,LUCÉLIO CARTAXO,PV,18.06,80.26,22.5,23.409307606173893,99.83653364024411
2018,PB,Instituto Opinião (PR),PB075952018,2018-10-04,50,TÁRCIO TEIXEIRA,PSOL,1.34,80.26,1.67,0.806524105572457,99.83653364024411
2018,PB,Método Pesquisa,PB041802018,2018-10-03,40,JOÃO,PSB,31.3,71.5,43.78,58.182696779255465,99.03000953467165
2018,PB,Método Pesquisa,PB041802018,2018-10-03,15,ZÉ MARANHÃO,MDB,22.4,71.5,31.33,17.438005149242294,99.03000953467165
2018,PB,Método Pesquisa,PB041802018,2018-10-03,43,LUCÉLIO CARTAXO,PV,17.8,71.5,24.9,23.409307606173893,99.03000953467165
2018,PB,Real Time Big Data,PB017172018,2018-10-02,40,JOÃO,PSB,38.0,81.0,46.91,58.182696779255465,99.03000953467165
2018,PB,Real Time Big Data,PB017172018,2018-10-02,43,LUCÉLIO CARTAXO,PV,22.0,81.0,27.16,23.409307606173893,99.03000953467165
2018,PB,Real Time Big Data,PB017172018,2018-10-02,15,ZÉ MARANHÃO,MDB,21.0,81.0,25.93,17.438005149242294,99.03000953467165
2018,PE,Datafolha,PE058412018,2018-10-06,40,PAULO CÂMARA,PSB,42.0,82.0,51.22,50.7040797850477,100.0
2018,PE,Datafolha,PE058412018,2018-10-06,14,ARMANDO MONTEIRO,PTB,28.0,82.0,34.15,35.99071148099541,100.0
2018,PE,Datafolha,PE058412018,2018-10-06,50,DANI PORTELA,PSOL,4.0,82.0,4.88,4.971683762140959,100.0
2018,PE,Datafolha,PE058412018,2018-10-06,18,JULIO LOSSIO,REDE,3.0,82.0,3.66,4.665194354462467,100.0
2018,PE,Datafolha,PE058412018,2018-10-06,90,MAURÍCIO RANDS,PROS,3.0,82.0,3.66,3.428663566088183,100.0
2018,PE,Datafolha,PE058412018,2018-10-06,16,SIMONE FONTANA,PSTU,1.0,82.0,1.22,0.23966705126527657,100.0
2018,PE,Ibope,PE013732018,2018-10-06,40,PAULO CÂMARA,PSB,41.0,81.0,50.62,50.7040797850477,100.0
2018,PE,Ibope,PE013732018,2018-10-06,14,ARMANDO MONTEIRO,PTB,30.0,81.0,37.04,35.99071148099541,100.0
2018,PE,Ibope,PE013732018,2018-10-06,18,JULIO LOSSIO,REDE,3.0,81.0,3.7,4.665194354462467,100.0
2018,PE,Ibope,PE013732018,2018-10-06,50,DANI PORTELA,PSOL,3.0,81.0,3.7,4.971683762140959,100.0
2018,PE,Ibope,PE013732018,2018-10-06,90,MAURÍCIO RANDS,PROS,2.0,81.0,2.47,3.428663566088183,100.0
2018,PE,Ibope,PE013732018,2018-10-06,16,SIMONE FONTANA,PSTU,1.0,81.0,1.23,0.23966705126527657,100.0
2018,PE,Ipespe,PE026712018,2018-10-04,40,PAULO CÂMARA,PSB,43.0,77.0,55.84,50.7040797850477,99.76033294873471
2018,PE,Ipespe,PE026712018,2018-10-04,14,ARMANDO MONTEIRO,PTB,28.0,77.0,36.36,35.99071148099541,99.76033294873471
2018,PE,Ipespe,PE026712018,2018-10-04,90,MAURÍCIO RANDS,PROS,2.0,77.0,2.6,3.428663566088183,99.76033294873471
2018,PE,Ipespe,PE026712018,2018-10-04,18,JULIO LOSSIO,REDE,2.0,77.0,2.6,4.665194354462467,99.76033294873471
2018,PE,Ipespe,PE026712018,2018-10-04,50,DANI PORTELA,PSOL,1.0,77.0,1.3,4.971683762140959,99.76033294873471
2018,PE,Real Time Big Data,PE055992018,2018-10-02,40,PAULO CÂMARA,PSB,37.0,78.0,47.44,50.7040797850477,99.76033294873471
2018,PE,Real Time Big Data,PE055992018,2018-10-02,14,ARMANDO MONTEIRO,PTB,31.0,78.0,39.74,35.99071148099541,99.76033294873471
2018,PE,Real Time Big Data,PE055992018,2018-10-02,18,JULIO LOSSIO,REDE,5.0,78.0,6.41,4.665194354462467,99.76033294873471
2018,PE,Real Time Big Data,PE055992018,2018-10-02,90,MAURÍCIO RANDS,PROS,4.0,78.0,5.13,3.428663566088183,99.76033294873471
2018,PE,Real Time Big Data,PE055992018,2018-10-02,50,DANI PORTELA,PSOL,1.0,78.0,1.28,4.971683762140959,99.76033294873471
2018,PI,Data AZ,PI083682018,2018-10-02,13,WELLINGTON DIAS,PT,44.16,85.6,51.59,55.64509210666467,98.99743500427499
2018,PI,Data AZ,PI083682018,2018-10-02,77,DR. PESSOA (DR. ZEZIM),SOLIDARIEDADE,22.16,85.6,25.89,20.484959797794275,98.99743500427499
2018,PI,Data AZ,PI083682018,2018-10-02,45,LUCIANO,PSDB,12.96,85.6,15.14,17.304307523123825,98.99743500427499
2018,PI,Data AZ,PI083682018,2018-10-02,17,FÁBIO SÉRVIO,PSL,2.8,85.6,3.27,3.6520817919848922,98.99743500427499
2018,PI,Data AZ,PI083682018,2018-10-02,19,ELMANO O VEIN TRABALHADOR,PODE,2.08,85.6,2.43,1.2767978720035467,98.99743500427499
2018,PI,Data AZ,PI083682018,2018-10-02,20,VALTER ALENCAR,PSC,1.44,85.6,1.68,0.6341959127037818,98.99743500427499
2018,PI,Estimativa,PI070112018,2018-10-04,13,WELLINGTON DIAS,PT,35.66,78.39,45.49,55.64509210666467,98.99743500427499
2018,PI,Estimativa,PI070112018,2018-10-04,77,DR. PESSOA (DR. ZEZIM),SOLIDARIEDADE,23.28,78.39,29.7,20.484959797794275,98.99743500427499
2018,PI,Estimativa,PI070112018,2018-10-04,45,LUCIANO,PSDB,14.56,78.39,18.57,17.304307523123825,98.99743500427499
2018,PI,Estimativa,PI070112018,2018-10-04,19,ELMANO O VEIN TRABALHADOR,PODE,2.27,78.39,2.9,1.2767978720035467,98.99743500427499
2018,PI,Estimativa,PI070112018,2018-10-04,17,FÁBIO SÉRVIO,PSL,1.57,78.39,2.0,3.6520817919848922,98.99743500427499
2018,PI,Estimativa,PI070112018,2018-10-04,20,VALTER ALENCAR,PSC,1.05,78.39,1.34,0.6341959127037818,98.99743500427499
2018,PI,Ibope,PI005592018,2018-10-05,13,WELLINGTON DIAS,PT,47.0,86.0,54.65,55.64509210666467,98.64230832342551
2018,PI,Ibope,PI005592018,2018-10-05,77,DR. PESSOA (DR. ZEZIM),SOLIDARIEDADE,19.0,86.0,22.09,20.484959797794275,98.64230832342551
2018,PI,Ibope,PI005592018,2018-10-05,45,LUCIANO,PSDB,13.0,86.0,15.12,17.304307523123825,98.64230832342551
2018,PI,Ibope,PI005592018,2018-10-05,17,FÁBIO SÉRVIO,PSL,3.0,86.0,3.49,3.6520817919848922,98.64230832342551
2018,PI,Ibope,PI005592018,2018-10-05,20,VALTER ALENCAR,PSC,1.0,86.0,1.16,0.6341959127037818,98.64230832342551
2018,PI,Ibope,PI005592018,2018-10-05,50,PROFESSORA SUELI,PSOL,1.0,86.0,1.16,0.7065109436938817,98.64230832342551
2018,PI,Ibope,PI005592018,2018-10-05,16,LUCIANE SANTOS,PSTU,1.0,86.0,1.16,0.1704239583843118,98.64230832342551
2018,PI,Ibope,PI005592018,2018-10-05,29,LOURDES MELO,PCO,1.0,86.0,1.16,0.04473628907588184,98.64230832342551
2018,PI,Instituto Amostragem,PI075162018,2018-10-04,13,WELLINGTON DIAS,PT,44.77,76.16,58.78,55.64509210666467,98.99743500427499
2018,PI,Instituto Amostragem,PI075162018,2018-10-04,77,DR. PESSOA (DR. ZEZIM),SOLIDARIEDADE,16.97,76.16,22.28,20.484959797794275,98.99743500427499
2018,PI,Instituto Amostragem,PI075162018,2018-10-04,45,LUCIANO,PSDB,9.15,76.16,12.01,17.304307523123825,98.99743500427499
2018,PI,Instituto Amostragem,PI075162018,2018-10-04,19,ELMANO O VEIN TRABALHADOR,PODE,2.37,76.16,3.11,1.2767978720035467,98.99743500427499
2018,PI,Instituto Amostragem,PI075162018,2018-10-04,17,FÁBIO SÉRVIO,PSL,1.67,76.16,2.19,3.6520817919848922,98.99743500427499
2018,PI,Instituto Amostragem,PI075162018,2018-10-04,20,VALTER ALENCAR,PSC,1.23,76.16,1.62,0.6341959127037818,98.99743500427499
2018,PI,Opinar Pesquisas,PI074412018,2018-10-03,13,WELLINGTON DIAS,PT,48.52,82.81,58.59,55.64509210666467,98.36323909157122
2018,PI,Opinar Pesquisas,PI074412018,2018-10-03,77,DR. PESSOA (DR. ZEZIM),SOLIDARIEDADE,20.33,82.81,24.55,20.484959797794275,98.36323909157122
2018,PI,Opinar Pesquisas,PI074412018,2018-10-03,45,LUCIANO,PSDB,10.54,82.81,12.73,17.304307523123825,98.36323909157122
2018,PI,Opinar Pesquisas,PI074412018,2018-10-03,19,ELMANO O VEIN TRABALHADOR,PODE,2.22,82.81,2.68,1.2767978720035467,98.36323909157122
2018,PI,Opinar Pesquisas,PI074412018,2018-10-03,17,FÁBIO SÉRVIO,PSL,1.2,82.81,1.45,3.6520817919848922,98.36323909157122
2018,PI,Real Time Big Data,PI061592018,2018-10-02,13,WELLINGTON DIAS,PT,37.0,88.0,42.05,55.64509210666467,99.87436990635318
2018,PI,Real Time Big Data,PI061592018,2018-10-02,45,LUCIANO,PSDB,23.0,88.0,26.14,17.304307523123825,99.87436990635318
2018,PI,Real Time Big Data,PI061592018,2018-10-02,77,DR. PESSOA (DR. ZEZIM),SOLIDARIEDADE,20.0,88.0,22.73,20.484959797794275,99.87436990635318
2018,PI,Real Time Big Data,PI061592018,2018-10-02,17,FÁBIO SÉRVIO,PSL,3.0,88.0,3.41,3.6520817919848922,99.87436990635318
2018,PI,Real Time Big Data,PI061592018,2018-10-02,19,ELMANO O VEIN TRABALHADOR,PODE,2.0,88.0,2.27,1.2767978720035467,99.87436990635318
2018,PI,Real Time Big Data,PI061592018,2018-10-02,16,LUCIANE SANTOS,PSTU,1.0,88.0,1.14,0.1704239583843118,99.87436990635318
2018,PI,Real Time Big Data,PI061592018,2018-10-02,50,PROFESSORA SUELI,PSOL,1.0,88.0,1.14,0.7065109436938817,99.87436990635318
2018,PI,Real Time Big Data,PI061592018,2018-10-02,20,VALTER ALENCAR,PSC,1.0,88.0,1.14,0.6341959127037818,99.87436990635318
2018,PR,Ibope,PR072652018,2018-10-06,55,RATINHO JUNIOR,PSD,50.0,87.0,57.47,59.99063531502673,98.54554035839165
2018,PR,Ibope,PR072652018,2018-10-06,11,CIDA BORGHETTI,PP,16.0,87.0,18.39,15.533587119036506,98.54554035839165
2018,PR,Ibope,PR072652018,2018-10-06,15,JOÃO ARRUDA,MDB,12.0,87.0,13.79,13.190827690917564,98.54554035839165
2018,PR,Ibope,PR072652018,2018-10-06,13,DR. ROSINHA,PT,5.0,87.0,5.75,8.660166195131485,98.54554035839165
2018,PR,Ibope,PR072652018,2018-10-06,29,PRISCILA EBARA,PCO,1.0,87.0,1.15,0.07666261461556025,98.54554035839165
2018,PR,Ibope,PR072652018,2018-10-06,50,PROFESSOR PIVA,PSOL,1.0,87.0,1.15,1.093661423663804,98.54554035839165
2018,RJ,Datafolha,RJ038062018,2018-10-06,25,EDUARDO PAES,DEM,23.0,83.0,27.71,19.56028224949049,99.77102068455643
2018,RJ,Datafolha,RJ038062018,2018-10-06,19,ROMÁRIO,PODE,15.0,83.0,18.07,8.695312525557188,99.77102068455643
2018,RJ,Datafolha,RJ038062018,2018-10-06,20,WILSON WITZEL,PSC,14.0,83.0,16.87,41.28106200132816,99.77102068455643
2018,RJ,Datafolha,RJ038062018,2018-10-06,55,INDIO,PSD,11.0,83.0,13.25,5.9528602786510385,99.77102068455643
2018,RJ,Datafolha,RJ038062018,2018-10-06,50,TARCÍSIO MOTTA,PSOL,10.0,83.0,12.05,10.720089503315483,99.77102068455643
2018,RJ,Datafolha,RJ038062018,2018-10-06,12,PEDRO FERNANDES,PDT,5.0,83.0,6.02,6.110223856428307,99.77102068455643
2018,RJ,Datafolha,RJ038062018,2018-10-06,13,MARCIA TIBURI,PT,3.0,83.0,3.61,5.854040243778767,99.77102068455643
2018,RJ,Datafolha,RJ038062018,2018-10-06,30,MARCELO TRINDADE,NOVO,1.0,83.0,1.2,1.1360640131899622,99.77102068455643
2018,RJ,Datafolha,RJ038062018,2018-10-06,28,ANDRÉ MONTEIRO,PRTB,1.0,83.0,1.2,0.4610860128170318,99.77102068455643
2018,RJ,Ibope,RJ025002018,2018-10-06,25,EDUARDO PAES,DEM,26.0,83.0,31.33,19.56028224949049,100.0
2018,RJ,Ibope,RJ025002018,2018-10-06,19,ROMÁRIO,PODE,17.0,83.0,20.48,8.695312525557188,100.0
2018,RJ,Ibope,RJ025002018,2018-10-06,20,WILSON WITZEL,PSC,10.0,83.0,12.05,41.28106200132816,100.0
2018,RJ,Ibope,RJ025002018,2018-10-06,55,INDIO,PSD,10.0,83.0,12.05,5.9528602786510385,100.0
2018,RJ,Ibope,RJ025002018,2018-10-06,50,TARCÍSIO MOTTA,PSOL,7.0,83.0,8.43,10.720089503315483,100.0
2018,RJ,Ibope,RJ025002018,2018-10-06,13,MARCIA TIBURI,PT,5.0,83.0,6.02,5.854040243778767,100.0
2018,RJ,Ibope,RJ025002018,2018-10-06,12,PEDRO FERNANDES,PDT,5.0,83.0,6.02,6.110223856428307,100.0
2018,RJ,Ibope,RJ025002018,2018-10-06,30,MARCELO TRINDADE,NOVO,1.0,83.0,1.2,1.1360640131899622,100.0
2018,RJ,Ibope,RJ025002018,2018-10-06,16,DAYSE OLIVEIRA,PSTU,1.0,83.0,1.2,0.22897931544357464,100.0
2018,RJ,Ibope,RJ025002018,2018-10-06,28,ANDRÉ MONTEIRO,PRTB,1.0,83.0,1.2,0.4610860128170318,100.0
2018,RN,Certus,RN058192018,2018-10-03,13,FATIMA BEZERRA,PT,36.1,76.26,47.34,46.16659590853442,98.96497719284389
2018,RN,Certus,RN058192018,2018-10-03,12,CARLOS EDUARDO,PDT,25.82,76.26,33.86,32.454101832471075,98.96497719284389
2018,RN,Certus,RN058192018,2018-10-03,55,ROBINSON FARIA,PSD,9.65,76.26,12.65,11.850156490659927,98.96497719284389
2018,RN,Certus,RN058192018,2018-10-03,77,BRENNO QUEIROGA,SOLIDARIEDADE,2.7,76.26,3.54,6.562302535444887,98.96497719284389
2018,RN,Certus,RN058192018,2018-10-03,50,PROFESSOR CARLOS ALBERTO,PSOL,1.99,76.26,2.61,1.931820425733581,98.96497719284389
2018,RN,Consult Pesquisa (RN),RN064872018,2018-09-29,13,FATIMA BEZERRA,PT,36.0,72.18,49.88,46.16659590853442,90.47085423166541
2018,RN,Consult Pesquisa (RN),RN064872018,2018-09-29,12,CARLOS EDUARDO,PDT,24.71,72.18,34.23,32.454101832471075,90.47085423166541
2018,RN,Consult Pesquisa (RN),RN064872018,2018-09-29,55,ROBINSON FARIA,PSD,11.47,72.18,15.89,11.850156490659927,90.47085423166541
2018,RN,Ibope,RN019622018,2018-10-06,13,FATIMA BEZERRA,PT,39.0,87.0,44.83,46.16659590853442,99.73299089688402
2018,RN,Ibope,RN019622018,2018-10-06,12,CARLOS EDUARDO,PDT,28.0,87.0,32.18,32.454101832471075,99.73299089688402
2018,RN,Ibope,RN019622018,2018-10-06,55,ROBINSON FARIA,PSD,13.0,87.0,14.94,11.850156490659927,99.73299089688402
2018,RN,Ibope,RN019622018,2018-10-06,77,BRENNO QUEIROGA,SOLIDARIEDADE,4.0,87.0,4.6,6.562302535444887,99.73299089688402
2018,RN,Ibope,RN019622018,2018-10-06,50,PROFESSOR CARLOS ALBERTO,PSOL,1.0,87.0,1.15,1.931820425733581,99.73299089688402
2018,RN,Ibope,RN019622018,2018-10-06,18,FREITAS JR,REDE,1.0,87.0,1.15,0.55950347537617,99.73299089688402
2018,RN,Ibope,RN019622018,2018-10-06,16,DÁRIO BARBOSA,PSTU,1.0,87.0,1.15,0.20851022866395483,99.73299089688402
2018,RN,Instituto Seta,RN015942018,2018-10-04,13,FATIMA BEZERRA,PT,29.0,68.0,42.65,46.16659590853442,98.96497719284389
2018,RN,Instituto Seta,RN015942018,2018-10-04,12,CARLOS EDUARDO,PDT,21.0,68.0,30.88,32.454101832471075,98.96497719284389
2018,RN,Instituto Seta,RN015942018,2018-10-04,55,ROBINSON FARIA,PSD,12.0,68.0,17.65,11.850156490659927,98.96497719284389
2018,RN,Instituto Seta,RN015942018,2018-10-04,77,BRENNO QUEIROGA,SOLIDARIEDADE,4.0,68.0,5.88,6.562302535444887,98.96497719284389
2018,RN,Instituto Seta,RN015942018,2018-10-04,50,PROFESSOR CARLOS ALBERTO,PSOL,2.0,68.0,2.94,1.931820425733581,98.96497719284389
2018,RN,Opine Pesquisa (PE),RN023152018,2018-10-03,13,FATIMA BEZERRA,PT,37.1,71.80000000000001,51.67,46.16659590853442,97.03315676711031
2018,RN,Opine Pesquisa (PE),RN023152018,2018-10-03,12,CARLOS EDUARDO,PDT,23.3,71.80000000000001,32.45,32.454101832471075,97.03315676711031
2018,RN,Opine Pesquisa (PE),RN023152018,2018-10-03,55,ROBINSON FARIA,PSD,10.1,71.80000000000001,14.07,11.850156490659927,97.03315676711031
2018,RN,Opine Pesquisa (PE),RN023152018,2018-10-03,77,BRENNO QUEIROGA,SOLIDARIEDADE,1.3,71.80000000000001,1.81,6.562302535444887,97.03315676711031
2018,RN,Perfil Pesquisas Técnicas (RN),RN054332018,2018-09-30,13,FATIMA BEZERRA,PT,33.71,68.14,49.47,46.16659590853442,98.96497719284389
2018,RN,Perfil Pesquisas Técnicas (RN),RN054332018,2018-09-30,12,CARLOS EDUARDO,PDT,23.43,68.14,34.39,32.454101832471075,98.96497719284389
2018,RN,Perfil Pesquisas Técnicas (RN),RN054332018,2018-09-30,55,ROBINSON FARIA,PSD,8.64,68.14,12.68,11.850156490659927,98.96497719284389
2018,RN,Perfil Pesquisas Técnicas (RN),RN054332018,2018-09-30,77,BRENNO QUEIROGA,SOLIDARIEDADE,1.29,68.14,1.89,6.562302535444887,98.96497719284389
2018,RN,Perfil Pesquisas Técnicas (RN),RN054332018,2018-09-30,50,PROFESSOR CARLOS ALBERTO,PSOL,1.07,68.14,1.57,1.931820425733581,98.96497719284389
2018,RO,Ibope,RO039302018,2018-10-05,45,EXPEDITO JUNIOR,PSDB,38.0,89.0,42.7,31.59244137599557,100.0
2018,RO,Ibope,RO039302018,2018-10-05,15,MAURAO DE CARVALHO,MDB,17.0,89.0,19.1,22.685537104808773,100.0
2018,RO,Ibope,RO039302018,2018-10-05,17,CORONEL MARCOS ROCHA,PSL,7.0,89.0,7.87,23.991761162527656,100.0
2018,RO,Ibope,RO039302018,2018-10-05,18,VINICIUS MIGUEL,REDE,5.0,89.0,5.62,14.443434398844369,100.0
2018,RO,Ibope,RO039302018,2018-10-05,50,PIMENTA DE RONDONIA,PSOL,5.0,89.0,5.62,4.830194790776891,100.0
2018,RO,Ibope,RO039302018,2018-10-05,28,CORONEL CHARLON,PRTB,4.0,89.0,4.49,2.45663116704674,100.0
2018,RO,Real Time Big Data,RO078882018,2018-10-01,45,EXPEDITO JUNIOR,PSDB,27.0,73.0,36.99,31.59244137599557,100.0
2018,RO,Real Time Big Data,RO078882018,2018-10-01,15,MAURAO DE CARVALHO,MDB,17.0,73.0,23.29,22.685537104808773,100.0
2018,RO,Real Time Big Data,RO078882018,2018-10-01,17,CORONEL MARCOS ROCHA,PSL,5.0,73.0,6.85,23.991761162527656,100.0
2018,RO,Real Time Big Data,RO078882018,2018-10-01,18,VINICIUS MIGUEL,REDE,4.0,73.0,5.48,14.443434398844369,100.0
2018,RO,Real Time Big Data,RO078882018,2018-10-01,50,PIMENTA DE RONDONIA,PSOL,4.0,73.0,5.48,4.830194790776891,100.0
2018,RO,Real Time Big Data,RO078882018,2018-10-01,28,CORONEL CHARLON,PRTB,2.0,73.0,2.74,2.45663116704674,100.0
2018,RR,Ibope,RR022752018,2018-10-05,45,ANCHIETA,PSDB,43.0,92.0,46.74,38.78410847659669,100.0
2018,RR,Ibope,RR022752018,2018-10-05,17,ANTONIO DENARIUM,PSL,32.0,92.0,34.78,42.268621132820506,100.0
2018,RR,Ibope,RR022752018,2018-10-05,11,SUELY CAMPOS,PP,11.0,92.0,11.96,11.133751792732218,100.0
2018,RR,Ibope,RR022752018,2018-10-05,14,TELMÁRIO MOTA,PTB,4.0,92.0,4.35,3.5370373819590606,100.0
2018,RR,Ibope,RR022752018,2018-10-05,50,FÁBIO,PSOL,2.0,92.0,2.17,4.276481215891524,100.0
2018,RS,Ibope,RS083182018,2018-10-06,45,EDUARDO LEITE,PSDB,34.0,88.0,38.64,35.90233292818488,100.0
2018,RS,Ibope,RS083182018,2018-10-06,15,JOSÉ IVO SARTORI,MDB,28.0,88.0,31.82,31.107746877183075,100.0
2018,RS,Ibope,RS083182018,2018-10-06,13,MIGUEL ROSSETTO,PT,12.0,88.0,13.64,17.757008406620987,100.0
2018,RS,Ibope,RS083182018,2018-10-06,12,JAIRO JORGE,PDT,9.0,88.0,10.23,11.082828321400799,100.0
2018,RS,Ibope,RS083182018,2018-10-06,30,MATEUS BANDEIRA,NOVO,2.0,88.0,2.27,3.3644069968249695,100.0
2018,RS,Ibope,RS083182018,2018-10-06,50,ROBERTO ROBAINA,PSOL,1.0,88.0,1.14,0.6363292712972171,100.0
2018,RS,Ibope,RS083182018,2018-10-06,16,JULIO FLORES,PSTU,1.0,88.0,1.14,0.14934719848807107,100.0
2018,SC,Ibope,SC016202018,2018-10-05,15,MAURO MARIANI,MDB,25.0,81.0,30.86,23.211706650298023,100.0
2018,SC,Ibope,SC016202018,2018-10-05,55,GELSON MERÍSIO,PSD,23.0,81.0,28.4,31.117501144852795,100.0
2018,SC,Ibope,SC016202018,2018-10-05,13,DÉCIO LIMA,PT,19.0,81.0,23.46,12.783768858173334,100.0
2018,SC,Ibope,SC016202018,2018-10-05,17,COMANDANTE MOISÉS,PSL,9.0,81.0,11.11,29.717798986871152,100.0
2018,SC,Ibope,SC016202018,2018-10-05,50,CAMASÃO,PSOL,2.0,81.0,2.47,2.0007672108612207,100.0
2018,SC,Ibope,SC016202018,2018-10-05,18,PORTANOVA,REDE,1.0,81.0,1.23,0.5189629505942278,100.0
2018,SC,Ibope,SC016202018,2018-10-05,51,JESSE PEREIRA,PATRI,1.0,81.0,1.23,0.37367551418521844,100.0
2018,SC,Ibope,SC016202018,2018-10-05,16,INGRID ASSIS,PSTU,1.0,81.0,1.23,0.27581868416403,100.0
2018,SE,Alô Sergipe,SE070102018,2018-10-03,40,VALADARES FILHO,PSB,21.91,62.3,35.17,21.4901472219268,94.66040707597097
2018,SE,Alô Sergipe,SE070102018,2018-10-03,55,BELIVALDO,PSD,20.11,62.3,32.28,40.844538304542255,94.66040707597097
2018,SE,Alô Sergipe,SE070102018,2018-10-03,45,EDUARDO AMORIM,PSDB,13.68,62.3,21.96,20.49550028613825,94.66040707597097
2018,SE,Alô Sergipe,SE070102018,2018-10-03,18,DR. EMERSON,REDE,3.18,62.3,5.1,7.030087563368227,94.66040707597097
2018,SE,Alô Sergipe,SE070102018,2018-10-03,25,MENDONÇA PRADO,DEM,1.95,62.3,3.13,1.2438151091123637,94.66040707597097
2018,SE,Alô Sergipe,SE070102018,2018-10-03,33,MILTON ANDRADE,PMN,1.47,62.3,2.36,3.5563185908830786,94.66040707597097
2018,SE,Dataform,SE052732018,2018-10-04,40,VALADARES FILHO,PSB,32.67,92.43,35.35,21.4901472219268,99.51351433476655
2018,SE,Dataform,SE052732018,2018-10-04,55,BELIVALDO,PSD,28.75,92.43,31.1,40.844538304542255,99.51351433476655
2018,SE,Dataform,SE052732018,2018-10-04,45,EDUARDO AMORIM,PSDB,18.67,92.43,20.2,20.49550028613825,99.51351433476655
2018,SE,Dataform,SE052732018,2018-10-04,18,DR. EMERSON,REDE,5.17,92.43,5.59,7.030087563368227,99.51351433476655
2018,SE,Dataform,SE052732018,2018-10-04,33,MILTON ANDRADE,PMN,3.0,92.43,3.25,3.5563185908830786,99.51351433476655
2018,SE,Dataform,SE052732018,2018-10-04,25,MENDONÇA PRADO,DEM,1.58,92.43,1.71,1.2438151091123637,99.51351433476655
2018,SE,Dataform,SE052732018,2018-10-04,50,MÁRCIO SOUZA,PSOL,1.42,92.43,1.54,1.5788754007201569,99.51351433476655
2018,SE,Dataform,SE052732018,2018-10-04,17,EDUARDO CASSINI,PSL,1.17,92.43,1.27,3.2742318580754293,99.51351433476655
2018,SE,IPESE,SE080902018,2018-10-04,55,BELIVALDO,PSD,28.1,80.6,34.86,40.844538304542255,91.10408848508789
2018,SE,IPESE,SE080902018,2018-10-04,40,VALADARES FILHO,PSB,25.4,80.6,31.51,21.4901472219268,91.10408848508789
2018,SE,IPESE,SE080902018,2018-10-04,45,EDUARDO AMORIM,PSDB,21.9,80.6,27.17,20.49550028613825,91.10408848508789
2018,SE,IPESE,SE080902018,2018-10-04,18,DR. EMERSON,REDE,3.0,80.6,3.72,7.030087563368227,91.10408848508789
2018,SE,IPESE,SE080902018,2018-10-04,25,MENDONÇA PRADO,DEM,2.2,80.6,2.73,1.2438151091123637,91.10408848508789
2018,SE,Ibope,SE081772018,2018-10-06,40,VALADARES FILHO,PSB,29.0,86.0,33.72,21.4901472219268,100.0
2018,SE,Ibope,SE081772018,2018-10-06,55,BELIVALDO,PSD,28.0,86.0,32.56,40.844538304542255,100.0
2018,SE,Ibope,SE081772018,2018-10-06,45,EDUARDO AMORIM,PSDB,17.0,86.0,19.77,20.49550028613825,100.0
2018,SE,Ibope,SE081772018,2018-10-06,17,EDUARDO CASSINI,PSL,3.0,86.0,3.49,3.2742318580754293,100.0
2018,SE,Ibope,SE081772018,2018-10-06,33,MILTON ANDRADE,PMN,2.0,86.0,2.33,3.5563185908830786,100.0
2018,SE,Ibope,SE081772018,2018-10-06,25,MENDONÇA PRADO,DEM,2.0,86.0,2.33,1.2438151091123637,100.0
2018,SE,Ibope,SE081772018,2018-10-06,50,MÁRCIO SOUZA,PSOL,2.0,86.0,2.33,1.5788754007201569,100.0
2018,SE,Ibope,SE081772018,2018-10-06,18,DR. EMERSON,REDE,2.0,86.0,2.33,7.030087563368227,100.0
2018,SE,Ibope,SE081772018,2018-10-06,16,GILVANI SANTOS,PSTU,1.0,86.0,1.16,0.4864856652334432,100.0
2018,SE,Instituto França,SE099162018,2018-09-29,55,BELIVALDO,PSD,24.7,71.1,34.74,40.844538304542255,93.41659196685862
2018,SE,Instituto França,SE099162018,2018-09-29,40,VALADARES FILHO,PSB,23.1,71.1,32.49,21.4901472219268,93.41659196685862
2018,SE,Instituto França,SE099162018,2018-09-29,45,EDUARDO AMORIM,PSDB,18.7,71.1,26.3,20.49550028613825,93.41659196685862
2018,SE,Instituto França,SE099162018,2018-09-29,18,DR. EMERSON,REDE,3.3,71.1,4.64,7.030087563368227,93.41659196685862
2018,SE,Instituto França,SE099162018,2018-09-29,33,MILTON ANDRADE,PMN,1.3,71.1,1.83,3.5563185908830786,93.41659196685862
2018,SE,Única Pesquisa,SE024042018,2018-09-29,40,VALADARES FILHO,PSB,22.6,68.0,33.24,21.4901472219268,94.66040707597097
2018,SE,Única Pesquisa,SE024042018,2018-09-29,55,BELIVALDO,PSD,20.9,68.0,30.74,40.844538304542255,94.66040707597097
2018,SE,Única Pesquisa,SE024042018,2018-09-29,45,EDUARDO AMORIM,PSDB,17.6,68.0,25.88,20.49550028613825,94.66040707597097
2018,SE,Única Pesquisa,SE024042018,2018-09-29,18,DR. EMERSON,REDE,3.5,68.0,5.15,7.030087563368227,94.66040707597097
2018,SE,Única Pesquisa,SE024042018,2018-09-29,25,MENDONÇA PRADO,DEM,2.1,68.0,3.09,1.2438151091123637,94.66040707597097
2018,SE,Única Pesquisa,SE024042018,2018-09-29,33,MILTON ANDRADE,PMN,1.3,68.0,1.91,3.5563185908830786,94.66040707597097
2018,SP,Datafolha,SP042722018,2018-10-06,45,JOÃO DORIA,PSDB,27.0,81.0,33.33,31.76588405331684,99.91997722892336
2018,SP,Datafolha,SP042722018,2018-10-06,15,PAULO SKAF,MDB,21.0,81.0,25.93,21.089151303738475,99.91997722892336
2018,SP,Datafolha,SP042722018,2018-10-06,40,MARCIO FRANÇA,PSB,16.0,81.0,19.75,21.52938520414425,99.91997722892336
2018,SP,Datafolha,SP042722018,2018-10-06,13,LUIZ MARINHO,PT,6.0,81.0,7.41,12.663383734376557,99.91997722892336
2018,SP,Datafolha,SP042722018,2018-10-06,27,MAJOR COSTA E SILVA,DC,4.0,81.0,4.94,3.6917652459258004,99.91997722892336
2018,SP,Datafolha,SP042722018,2018-10-06,50,PROFESSORA LISETE,PSOL,2.0,81.0,2.47,2.5052728249495213,99.91997722892336
2018,SP,Datafolha,SP042722018,2018-10-06,28,RODRIGO TAVARES,PRTB,2.0,81.0,2.47,3.2090553653163965,99.91997722892336
2018,SP,Datafolha,SP042722018,2018-10-06,30,ROGERIO CHEQUER,NOVO,1.0,81.0,1.23,3.324496189188411,99.91997722892336
2018,SP,Datafolha,SP042722018,2018-10-06,33,PROF. CLAUDIO FERNANDO,PMN,1.0,81.0,1.23,0.141583307967106,99.91997722892336
2018,SP,Ibope,SP087952018,2018-10-06,45,JOÃO DORIA,PSDB,26.0,80.0,32.5,31.76588405331684,99.8584166920329
2018,SP,Ibope,SP087952018,2018-10-06,15,PAULO SKAF,MDB,24.0,80.0,30.0,21.089151303738475,99.8584166920329
2018,SP,Ibope,SP087952018,2018-10-06,40,MARCIO FRANÇA,PSB,14.0,80.0,17.5,21.52938520414425,99.8584166920329
2018,SP,Ibope,SP087952018,2018-10-06,13,LUIZ MARINHO,PT,6.0,80.0,7.5,12.663383734376557,99.8584166920329
2018,SP,Ibope,SP087952018,2018-10-06,27,MAJOR COSTA E SILVA,DC,3.0,80.0,3.75,3.6917652459258004,99.8584166920329
2018,SP,Ibope,SP087952018,2018-10-06,50,PROFESSORA LISETE,PSOL,2.0,80.0,2.5,2.5052728249495213,99.8584166920329
2018,SP,Ibope,SP087952018,2018-10-06,16,TONINHO FERREIRA,PSTU,1.0,80.0,1.25,0.08002277107664311,99.8584166920329
2018,SP,Ibope,SP087952018,2018-10-06,30,ROGERIO CHEQUER,NOVO,1.0,80.0,1.25,3.324496189188411,99.8584166920329
2018,SP,Ibope,SP087952018,2018-10-06,28,RODRIGO TAVARES,PRTB,1.0,80.0,1.25,3.2090553653163965,99.8584166920329
2018,SP,Paraná Pesquisas,SP013782018,2018-10-02,45,JOÃO DORIA,PSDB,26.0,74.5,34.9,31.76588405331684,96.56933855563986
2018,SP,Paraná Pesquisas,SP013782018,2018-10-02,15,PAULO SKAF,MDB,23.0,74.5,30.87,21.089151303738475,96.56933855563986
2018,SP,Paraná Pesquisas,SP013782018,2018-10-02,40,MARCIO FRANÇA,PSB,14.4,74.5,19.33,21.52938520414425,96.56933855563986
2018,SP,Paraná Pesquisas,SP013782018,2018-10-02,13,LUIZ MARINHO,PT,5.6,74.5,7.52,12.663383734376557,96.56933855563986
2018,SP,Paraná Pesquisas,SP013782018,2018-10-02,27,MAJOR COSTA E SILVA,DC,2.7,74.5,3.62,3.6917652459258004,96.56933855563986
2018,SP,Paraná Pesquisas,SP013782018,2018-10-02,50,PROFESSORA LISETE,PSOL,1.6,74.5,2.15,2.5052728249495213,96.56933855563986
2018,SP,Paraná Pesquisas,SP013782018,2018-10-02,30,ROGERIO CHEQUER,NOVO,1.2,74.5,1.61,3.324496189188411,96.56933855563986
2018,SP,Real Time Big Data,SP030112018,2018-10-02,15,PAULO SKAF,MDB,25.0,75.0,33.33,21.089151303738475,96.56933855563986
2018,SP,Real Time Big Data,SP030112018,2018-10-02,45,JOÃO DORIA,PSDB,22.0,75.0,29.33,31.76588405331684,96.56933855563986
2018,SP,Real Time Big Data,SP030112018,2018-10-02,40,MARCIO FRANÇA,PSB,15.0,75.0,20.0,21.52938520414425,96.56933855563986
2018,SP,Real Time Big Data,SP030112018,2018-10-02,13,LUIZ MARINHO,PT,7.0,75.0,9.33,12.663383734376557,96.56933855563986
2018,SP,Real Time Big Data,SP030112018,2018-10-02,27,MAJOR COSTA E SILVA,DC,2.0,75.0,2.67,3.6917652459258004,96.56933855563986
2018,SP,Real Time Big Data,SP030112018,2018-10-02,50,PROFESSORA LISETE,PSOL,2.0,75.0,2.67,2.5052728249495213,96.56933855563986
2018,SP,Real Time Big Data,SP030112018,2018-10-02,30,ROGERIO CHEQUER,NOVO,1.0,75.0,1.33,3.324496189188411,96.56933855563986
2018,SP,Vox Populi,SP073842018,2018-10-01,15,PAULO SKAF,MDB,16.0,54.0,29.63,21.089151303738475,93.24484236645145
2018,SP,Vox Populi,SP073842018,2018-10-01,45,JOÃO DORIA,PSDB,15.0,54.0,27.78,31.76588405331684,93.24484236645145
2018,SP,Vox Populi,SP073842018,2018-10-01,40,MARCIO FRANÇA,PSB,11.0,54.0,20.37,21.52938520414425,93.24484236645145
2018,SP,Vox Populi,SP073842018,2018-10-01,13,LUIZ MARINHO,PT,8.0,54.0,14.81,12.663383734376557,93.24484236645145
2018,SP,Vox Populi,SP073842018,2018-10-01,27,MAJOR COSTA E SILVA,DC,2.0,54.0,3.7,3.6917652459258004,93.24484236645145
2018,SP,Vox Populi,SP073842018,2018-10-01,50,PROFESSORA LISETE,PSOL,2.0,54.0,3.7,2.5052728249495213,93.24484236645145
2018,TO,Ibope,TO056292018,2018-10-06,31,MAURO CARLESSE,PHS,52.0,91.0,57.14,57.3896535627686,100.0
2018,TO,Ibope,TO056292018,2018-10-06,40,CARLOS AMASTHA,PSB,31.0,91.0,34.07,31.19197846774205,100.0
2018,TO,Ibope,TO056292018,2018-10-06,18,MARLON REIS,REDE,5.0,91.0,5.49,6.675056717976513,100.0
2018,TO,Ibope,TO056292018,2018-10-06,17,CESAR SIMONI,PSL,2.0,91.0,2.2,4.431167290718116,100.0
2018,TO,Ibope,TO056292018,2018-10-06,50,BERNADETE APARECIDA,PSOL,1.0,91.0,1.1,0.3121439607947185,100.0
2018,TO,Instituto Vope,TO072452018,2018-10-04,31,MAURO CARLESSE,PHS,53.0,92.0,57.61,57.3896535627686,100.0
2018,TO,Instituto Vope,TO072452018,2018-10-04,40,CARLOS AMASTHA,PSB,26.0,92.0,28.26,31.19197846774205,100.0
2018,TO,Instituto Vope,TO072452018,2018-10-04,18,MARLON REIS,REDE,8.0,92.0,8.7,6.675056717976513,100.0
2018,TO,Instituto Vope,TO072452018,2018-10-04,17,CESAR SIMONI,PSL,4.0,92.0,4.35,4.431167290718116,100.0
2018,TO,Instituto Vope,TO072452018,2018-10-04,50,BERNADETE APARECIDA,PSOL,1.0,92.0,1.09,0.3121439607947185,100.0
2018,TO,Jornal Stylo,TO028592018,2018-10-01,31,MAURO CARLESSE,PHS,42.8,93.19999999999999,45.92,57.3896535627686,99.68785603920529
2018,TO,Jornal Stylo,TO028592018,2018-10-01,40,CARLOS AMASTHA,PSB,37.5,93.19999999999999,40.24,31.19197846774205,99.68785603920529
2018,TO,Jornal Stylo,TO028592018,2018-10-01,18,MARLON REIS,REDE,9.0,93.19999999999999,9.66,6.675056717976513,99.68785603920529
2018,TO,Jornal Stylo,TO028592018,2018-10-01,17,CESAR SIMONI,PSL,3.9,93.19999999999999,4.18,4.431167290718116,99.68785603920529
2018,TO,Real Time Big Data,TO088752018,2018-10-01,31,MAURO CARLESSE,PHS,47.0,87.0,54.02,57.3896535627686,100.0
2018,TO,Real Time Big Data,TO088752018,2018-10-01,40,CARLOS AMASTHA,PSB,25.0,87.0,28.74,31.19197846774205,100.0
2018,TO,Real Time Big Data,TO088752018,2018-10-01,18,MARLON REIS,REDE,11.0,87.0,12.64,6.675056717976513,100.0
2018,TO,Real Time Big Data,TO088752018,2018-10-01,17,CESAR SIMONI,PSL,3.0,87.0,3.45,4.431167290718116,100.0
2018,TO,Real Time Big Data,TO088752018,2018-10-01,50,BERNADETE APARECIDA,PSOL,1.0,87.0,1.15,0.3121439607947185,100.0
2022,AC,Delta Agência de Pesquisa,AC012522022,2022-10-01,11,GLADSON CAMELI,PP,53.75,90.61,59.32,56.75105485232068,100.0
2022,AC,Delta Agência de Pesquisa,AC012522022,2022-10-01,13,JORGE VIANA,PT,19.75,90.61,21.8,24.206516643225505,100.0
2022,AC,Delta Agência de Pesquisa,AC012522022,2022-10-01,15,MARA ROCHA,MDB,8.87,90.61,9.79,11.057899671823723,100.0
2022,AC,Delta Agência de Pesquisa,AC012522022,2022-10-01,55,PETECÃO,PSD,5.62,90.61,6.2,6.4212376933895925,100.0
2022,AC,Delta Agência de Pesquisa,AC012522022,2022-10-01,44,MARCIO BITTAR,UNIÃO,1.62,90.61,1.79,1.1188466947960618,100.0
2022,AC,Delta Agência de Pesquisa,AC012522022,2022-10-01,50,PROFESSOR NILSON,PSOL,0.88,90.61,0.97,0.26371308016877637,100.0
2022,AC,Delta Agência de Pesquisa,AC012522022,2022-10-01,36,DAVID HALL,AGIR,0.12,90.61,0.13,0.18073136427566808,100.0
2022,AC,Imege Pesquisas,AC015312022,2022-09-26,11,GLADSON CAMELI,PP,51.0,84.0,60.71,56.75105485232068,93.57876230661041
2022,AC,Imege Pesquisas,AC015312022,2022-09-26,13,JORGE VIANA,PT,18.0,84.0,21.43,24.206516643225505,93.57876230661041
2022,AC,Imege Pesquisas,AC015312022,2022-09-26,15,MARA ROCHA,MDB,10.0,84.0,11.9,11.057899671823723,93.57876230661041
2022,AC,Imege Pesquisas,AC015312022,2022-09-26,44,MARCIO BITTAR,UNIÃO,3.0,84.0,3.57,1.1188466947960618,93.57876230661041
2022,AC,Imege Pesquisas,AC015312022,2022-09-26,36,DAVID HALL,AGIR,1.0,84.0,1.19,0.18073136427566808,93.57876230661041
2022,AC,Imege Pesquisas,AC015312022,2022-09-26,50,PROFESSOR NILSON,PSOL,1.0,84.0,1.19,0.26371308016877637,93.57876230661041
2022,AC,Ipec (antigo Ibope),AC044872022,2022-09-30,11,GLADSON CAMELI,PP,51.0,88.0,57.95,56.75105485232068,93.57876230661041
2022,AC,Ipec (antigo Ibope),AC044872022,2022-09-30,13,JORGE VIANA,PT,23.0,88.0,26.14,24.206516643225505,93.57876230661041
2022,AC,Ipec (antigo Ibope),AC044872022,2022-09-30,15,MARA ROCHA,MDB,9.0,88.0,10.23,11.057899671823723,93.57876230661041
2022,AC,Ipec (antigo Ibope),AC044872022,2022-09-30,44,MARCIO BITTAR,UNIÃO,3.0,88.0,3.41,1.1188466947960618,93.57876230661041
2022,AC,Ipec (antigo Ibope),AC044872022,2022-09-30,36,DAVID HALL,AGIR,1.0,88.0,1.14,0.18073136427566808,93.57876230661041
2022,AC,Ipec (antigo Ibope),AC044872022,2022-09-30,50,PROFESSOR NILSON,PSOL,1.0,88.0,1.14,0.26371308016877637,93.57876230661041
2022,AC,Travessia Diagnóstico,AC084542022,2022-09-27,11,GLADSON CAMELI,PP,44.0,88.0,50.0,56.75105485232068,93.31504922644163
2022,AC,Travessia Diagnóstico,AC084542022,2022-09-27,13,JORGE VIANA,PT,31.0,88.0,35.23,24.206516643225505,93.31504922644163
2022,AC,Travessia Diagnóstico,AC084542022,2022-09-27,15,MARA ROCHA,MDB,10.0,88.0,11.36,11.057899671823723,93.31504922644163
2022,AC,Travessia Diagnóstico,AC084542022,2022-09-27,44,MARCIO BITTAR,UNIÃO,2.0,88.0,2.27,1.1188466947960618,93.31504922644163
2022,AC,Travessia Diagnóstico,AC084542022,2022-09-27,36,DAVID HALL,AGIR,1.0,88.0,1.14,0.18073136427566808,93.31504922644163
2022,AL,Fundepes,AL003932022,2022-09-26,15,PAULO DANTAS,MDB,38.7,80.60000000000001,48.01,46.63966460785288,99.68114590124141
2022,AL,Fundepes,AL003932022,2022-09-26,44,RODRIGO CUNHA,UNIÃO,17.7,80.60000000000001,21.96,26.78848072962133,99.68114590124141
2022,AL,Fundepes,AL003932022,2022-09-26,14,COLLOR,PTB,14.0,80.60000000000001,17.37,14.708271852886362,99.68114590124141
2022,AL,Fundepes,AL003932022,2022-09-26,55,RUI PALMEIRA,PSD,8.9,80.60000000000001,11.04,10.377131970863038,99.68114590124141
2022,AL,Fundepes,AL003932022,2022-09-26,50,PROFESSOR CICERO ALBUQUERQUE,PSOL,1.3,80.60000000000001,1.61,1.1675967400178011,99.68114590124141
2022,AL,Ibrape,AL053282022,2022-09-28,15,PAULO DANTAS,MDB,40.0,86.0,46.51,46.63966460785288,98.51354916122361
2022,AL,Ibrape,AL053282022,2022-09-28,44,RODRIGO CUNHA,UNIÃO,24.0,86.0,27.91,26.78848072962133,98.51354916122361
2022,AL,Ibrape,AL053282022,2022-09-28,14,COLLOR,PTB,13.0,86.0,15.12,14.708271852886362,98.51354916122361
2022,AL,Ibrape,AL053282022,2022-09-28,55,RUI PALMEIRA,PSD,9.0,86.0,10.47,10.377131970863038,98.51354916122361
2022,AL,Instituto Datasensus,AL096412022,2022-09-29,15,PAULO DANTAS,MDB,39.0,82.0,47.56,46.63966460785288,98.51354916122361
2022,AL,Instituto Datasensus,AL096412022,2022-09-29,44,RODRIGO CUNHA,UNIÃO,20.0,82.0,24.39,26.78848072962133,98.51354916122361
2022,AL,Instituto Datasensus,AL096412022,2022-09-29,14,COLLOR,PTB,12.0,82.0,14.63,14.708271852886362,98.51354916122361
2022,AL,Instituto Datasensus,AL096412022,2022-09-29,55,RUI PALMEIRA,PSD,11.0,82.0,13.41,10.377131970863038,98.51354916122361
2022,AL,Ipec (antigo Ibope),AL042832022,2022-09-30,15,PAULO DANTAS,MDB,41.0,89.0,46.07,46.63966460785288,99.68114590124141
2022,AL,Ipec (antigo Ibope),AL042832022,2022-09-30,44,RODRIGO CUNHA,UNIÃO,21.0,89.0,23.6,26.78848072962133,99.68114590124141
2022,AL,Ipec (antigo Ibope),AL042832022,2022-09-30,55,RUI PALMEIRA,PSD,14.0,89.0,15.73,10.377131970863038,99.68114590124141
2022,AL,Ipec (antigo Ibope),AL042832022,2022-09-30,14,COLLOR,PTB,12.0,89.0,13.48,14.708271852886362,99.68114590124141
2022,AL,Ipec (antigo Ibope),AL042832022,2022-09-30,50,PROFESSOR CICERO ALBUQUERQUE,PSOL,1.0,89.0,1.12,1.1675967400178011,99.68114590124141
2022,AL,Paraná Pesquisas,AL062882022,2022-09-28,15,PAULO DANTAS,MDB,33.6,85.2,39.44,46.63966460785288,100.0
2022,AL,Paraná Pesquisas,AL062882022,2022-09-28,44,RODRIGO CUNHA,UNIÃO,21.6,85.2,25.35,26.78848072962133,100.0
2022,AL,Paraná Pesquisas,AL062882022,2022-09-28,14,COLLOR,PTB,17.3,85.2,20.31,14.708271852886362,100.0
2022,AL,Paraná Pesquisas,AL062882022,2022-09-28,55,RUI PALMEIRA,PSD,10.3,85.2,12.09,10.377131970863038,100.0
2022,AL,Paraná Pesquisas,AL062882022,2022-09-28,50,PROFESSOR CICERO ALBUQUERQUE,PSOL,1.3,85.2,1.53,1.1675967400178011,100.0
2022,AL,Paraná Pesquisas,AL062882022,2022-09-28,28,LUCIANO ALMEIDA,PRTB,0.6,85.2,0.7,0.13880382677545552,100.0
2022,AL,Paraná Pesquisas,AL062882022,2022-09-28,35,BOMBEIRO LUCIANO FONTES,PMB,0.5,85.2,0.59,0.1800502719831383,100.0
2022,AL,TDL Pesquisa,AL022052022,2022-09-29,15,PAULO DANTAS,MDB,36.75,89.0,41.29,46.63966460785288,100.0
2022,AL,TDL Pesquisa,AL022052022,2022-09-29,44,RODRIGO CUNHA,UNIÃO,21.3,89.0,23.93,26.78848072962133,100.0
2022,AL,TDL Pesquisa,AL022052022,2022-09-29,55,RUI PALMEIRA,PSD,16.3,89.0,18.31,10.377131970863038,100.0
2022,AL,TDL Pesquisa,AL022052022,2022-09-29,14,COLLOR,PTB,14.2,89.0,15.96,14.708271852886362,100.0
2022,AL,TDL Pesquisa,AL022052022,2022-09-29,50,PROFESSOR CICERO ALBUQUERQUE,PSOL,0.25,89.0,0.28,1.1675967400178011,100.0
2022,AL,TDL Pesquisa,AL022052022,2022-09-29,35,BOMBEIRO LUCIANO FONTES,PMB,0.1,89.0,0.11,0.1800502719831383,100.0
2022,AL,TDL Pesquisa,AL022052022,2022-09-29,28,LUCIANO ALMEIDA,PRTB,0.1,89.0,0.11,0.13880382677545552,100.0
2022,AM,Amazônia TI,AM096442022,2022-09-26,44,WILSON LIMA,UNIÃO,36.7,89.4,41.05,42.86441081199788,98.88998983009195
2022,AM,Amazônia TI,AM096442022,2022-09-26,23,AMAZONINO MENDES,CIDADANIA,23.4,89.4,26.17,18.5817553418161,98.88998983009195
2022,AM,Amazônia TI,AM096442022,2022-09-26,15,EDUARDO BRAGA,MDB,17.2,89.4,19.24,21.00998428762278,98.88998983009195
2022,AM,Amazônia TI,AM096442022,2022-09-26,77,RICARDO NICOLAU,SOLIDARIEDADE,7.2,89.4,8.05,11.377120582691287,98.88998983009195
2022,AM,Amazônia TI,AM096442022,2022-09-26,12,CAROL BRAZ,PDT,3.6,89.4,4.03,4.554968483742526,98.88998983009195
2022,AM,Amazônia TI,AM096442022,2022-09-26,19,HENRIQUE OLIVEIRA,PODE,1.3,89.4,1.45,0.5017503222213798,98.88998983009195
2022,AM,Ipec (antigo Ibope),AM088972022,2022-09-29,44,WILSON LIMA,UNIÃO,35.0,88.0,39.77,42.86441081199788,100.0
2022,AM,Ipec (antigo Ibope),AM088972022,2022-09-29,23,AMAZONINO MENDES,CIDADANIA,26.0,88.0,29.55,18.5817553418161,100.0
2022,AM,Ipec (antigo Ibope),AM088972022,2022-09-29,15,EDUARDO BRAGA,MDB,18.0,88.0,20.45,21.00998428762278,100.0
2022,AM,Ipec (antigo Ibope),AM088972022,2022-09-29,77,RICARDO NICOLAU,SOLIDARIEDADE,5.0,88.0,5.68,11.377120582691287,100.0
2022,AM,Ipec (antigo Ibope),AM088972022,2022-09-29,12,CAROL BRAZ,PDT,2.0,88.0,2.27,4.554968483742526,100.0
2022,AM,Ipec (antigo Ibope),AM088972022,2022-09-29,19,HENRIQUE OLIVEIRA,PODE,1.0,88.0,1.14,0.5017503222213798,100.0
2022,AM,Ipec (antigo Ibope),AM088972022,2022-09-29,50,DR ISRAEL TUYUKA,PSOL,1.0,88.0,1.14,1.1100101699080525,100.0
2022,AM,Pontual Pesquisas (AM),AM042182022,2022-09-25,44,WILSON LIMA,UNIÃO,35.0,87.10000000000001,40.18,42.86441081199788,100.0
2022,AM,Pontual Pesquisas (AM),AM042182022,2022-09-25,23,AMAZONINO MENDES,CIDADANIA,24.8,87.10000000000001,28.47,18.5817553418161,100.0
2022,AM,Pontual Pesquisas (AM),AM042182022,2022-09-25,15,EDUARDO BRAGA,MDB,17.0,87.10000000000001,19.52,21.00998428762278,100.0
2022,AM,Pontual Pesquisas (AM),AM042182022,2022-09-25,77,RICARDO NICOLAU,SOLIDARIEDADE,5.4,87.10000000000001,6.2,11.377120582691287,100.0
2022,AM,Pontual Pesquisas (AM),AM042182022,2022-09-25,12,CAROL BRAZ,PDT,3.3,87.10000000000001,3.79,4.554968483742526,100.0
2022,AM,Pontual Pesquisas (AM),AM042182022,2022-09-25,19,HENRIQUE OLIVEIRA,PODE,1.2,87.10000000000001,1.38,0.5017503222213798,100.0
2022,AM,Pontual Pesquisas (AM),AM042182022,2022-09-25,50,DR ISRAEL TUYUKA,PSOL,0.4,87.10000000000001,0.46,1.1100101699080525,100.0
2022,AM,Real Time Big Data,AM052562022,2022-09-27,44,WILSON LIMA,UNIÃO,36.0,91.0,39.56,42.86441081199788,98.88998983009195
2022,AM,Real Time Big Data,AM052562022,2022-09-27,23,AMAZONINO MENDES,CIDADANIA,25.0,91.0,27.47,18.5817553418161,98.88998983009195
2022,AM,Real Time Big Data,AM052562022,2022-09-27,15,EDUARDO BRAGA,MDB,17.0,91.0,18.68,21.00998428762278,98.88998983009195
2022,AM,Real Time Big Data,AM052562022,2022-09-27,77,RICARDO NICOLAU,SOLIDARIEDADE,7.0,91.0,7.69,11.377120582691287,98.88998983009195
2022,AM,Real Time Big Data,AM052562022,2022-09-27,12,CAROL BRAZ,PDT,3.0,91.0,3.3,4.554968483742526,98.88998983009195
2022,AM,Real Time Big Data,AM052562022,2022-09-27,19,HENRIQUE OLIVEIRA,PODE,3.0,91.0,3.3,0.5017503222213798,98.88998983009195
2022,AP,Doxa,AP049932022,2022-09-24,55,JAIME NUNES,PSD,39.5,79.8,49.5,42.64699475770733,100.0
2022,AP,Doxa,AP049932022,2022-09-24,77,CLÉCIO,SOLIDARIEDADE,37.2,79.8,46.62,53.770529892685474,100.0
2022,AP,Doxa,AP049932022,2022-09-24,28,GESIEL DE OLIVEIRA,PRTB,1.2,79.8,1.5,2.106598124779151,100.0
2022,AP,Doxa,AP049932022,2022-09-24,15,GILVAM BORGES,MDB,1.2,79.8,1.5,1.09153923974655,100.0
2022,AP,Doxa,AP049932022,2022-09-24,16,GIANFRANCO,PSTU,0.1,79.8,0.13,0.3843379850814903,100.0
2022,AP,Interpreta,AP051672022,2022-09-29,77,CLÉCIO,SOLIDARIEDADE,40.5,95.4,42.45,53.770529892685474,100.0
2022,AP,Interpreta,AP051672022,2022-09-29,55,JAIME NUNES,PSD,37.7,95.4,39.52,42.64699475770733,100.0
2022,AP,Interpreta,AP051672022,2022-09-29,15,GILVAM BORGES,MDB,10.7,95.4,11.22,1.09153923974655,100.0
2022,AP,Interpreta,AP051672022,2022-09-29,28,GESIEL DE OLIVEIRA,PRTB,4.6,95.4,4.82,2.106598124779151,100.0
2022,AP,Interpreta,AP051672022,2022-09-29,16,GIANFRANCO,PSTU,0.8,95.4,0.84,0.3843379850814903,100.0
2022,AP,Ipec (antigo Ibope),AP058432022,2022-09-29,77,CLÉCIO,SOLIDARIEDADE,57.0,99.0,57.58,53.770529892685474,100.0
2022,AP,Ipec (antigo Ibope),AP058432022,2022-09-29,55,JAIME NUNES,PSD,38.0,99.0,38.38,42.64699475770733,100.0
2022,AP,Ipec (antigo Ibope),AP058432022,2022-09-29,16,GIANFRANCO,PSTU,1.0,99.0,1.01,0.3843379850814903,100.0
2022,AP,Ipec (antigo Ibope),AP058432022,2022-09-29,15,GILVAM BORGES,MDB,1.0,99.0,1.01,1.09153923974655,100.0
2022,AP,Ipec (antigo Ibope),AP058432022,2022-09-29,28,GESIEL DE OLIVEIRA,PRTB,1.0,99.0,1.01,2.106598124779151,100.0
2022,AP,Quaest,AP004082022,2022-09-27,77,CLÉCIO,SOLIDARIEDADE,50.0,94.0,53.19,53.770529892685474,100.0
2022,AP,Quaest,AP004082022,2022-09-27,55,JAIME NUNES,PSD,36.0,94.0,38.3,42.64699475770733,100.0
2022,AP,Quaest,AP004082022,2022-09-27,15,GILVAM BORGES,MDB,4.0,94.0,4.26,1.09153923974655,100.0
2022,AP,Quaest,AP004082022,2022-09-27,28,GESIEL DE OLIVEIRA,PRTB,2.0,94.0,2.13,2.106598124779151,100.0
2022,AP,Quaest,AP004082022,2022-09-27,16,GIANFRANCO,PSTU,1.0,94.0,1.06,0.3843379850814903,100.0
2022,BA,AtlasIntel,BA038762022,2022-09-30,13,JERÔNIMO,PT,45.4,95.19999999999999,47.69,49.45023042075561,100.0
2022,BA,AtlasIntel,BA038762022,2022-09-30,44,ACM NETO,UNIÃO,39.0,95.19999999999999,40.97,40.80076102448481,100.0
2022,BA,AtlasIntel,BA038762022,2022-09-30,22,JOÃO ROMA,PL,8.7,95.19999999999999,9.14,9.082386337775104,100.0
2022,BA,AtlasIntel,BA038762022,2022-09-30,50,KLEBER ROSA,PSOL,1.9,95.19999999999999,2.0,0.5934155586845289,100.0
2022,BA,AtlasIntel,BA038762022,2022-09-30,21,GIOVANI DAMICO,PCB,0.2,95.19999999999999,0.21,0.07320665829995712,100.0
2022,BA,Datafolha,BA007512022,2022-10-01,44,ACM NETO,UNIÃO,46.0,91.0,50.55,40.80076102448481,100.0
2022,BA,Datafolha,BA007512022,2022-10-01,13,JERÔNIMO,PT,34.0,91.0,37.36,49.45023042075561,100.0
2022,BA,Datafolha,BA007512022,2022-10-01,22,JOÃO ROMA,PL,8.0,91.0,8.79,9.082386337775104,100.0
2022,BA,Datafolha,BA007512022,2022-10-01,21,GIOVANI DAMICO,PCB,1.0,91.0,1.1,0.07320665829995712,100.0
2022,BA,Datafolha,BA007512022,2022-10-01,50,KLEBER ROSA,PSOL,1.0,91.0,1.1,0.5934155586845289,100.0
2022,BA,Datafolha,BA007512022,2022-10-01,29,MARCELO MILLET,PCO,1.0,91.0,1.1,0.0,100.0
2022,BA,Dataqualy,BA055212022,2022-09-29,44,ACM NETO,UNIÃO,49.1,84.4,58.18,40.80076102448481,100.0
2022,BA,Dataqualy,BA055212022,2022-09-29,13,JERÔNIMO,PT,29.6,84.4,35.07,49.45023042075561,100.0
2022,BA,Dataqualy,BA055212022,2022-09-29,22,JOÃO ROMA,PL,4.7,84.4,5.57,9.082386337775104,100.0
2022,BA,Dataqualy,BA055212022,2022-09-29,50,KLEBER ROSA,PSOL,0.5,84.4,0.59,0.5934155586845289,100.0
2022,BA,Dataqualy,BA055212022,2022-09-29,29,MARCELO MILLET,PCO,0.3,84.4,0.36,0.0,100.0
2022,BA,Dataqualy,BA055212022,2022-09-29,21,GIOVANI DAMICO,PCB,0.2,84.4,0.24,0.07320665829995712,100.0
2022,BA,Ipec (antigo Ibope),BA017102022,2022-10-01,44,ACM NETO,UNIÃO,47.0,92.0,51.09,40.80076102448481,99.92679334170005
2022,BA,Ipec (antigo Ibope),BA017102022,2022-10-01,13,JERÔNIMO,PT,37.0,92.0,40.22,49.45023042075561,99.92679334170005
2022,BA,Ipec (antigo Ibope),BA017102022,2022-10-01,22,JOÃO ROMA,PL,6.0,92.0,6.52,9.082386337775104,99.92679334170005
2022,BA,Ipec (antigo Ibope),BA017102022,2022-10-01,29,MARCELO MILLET,PCO,1.0,92.0,1.09,0.0,99.92679334170005
2022,BA,Ipec (antigo Ibope),BA017102022,2022-10-01,50,KLEBER ROSA,PSOL,1.0,92.0,1.09,0.5934155586845289,99.92679334170005
2022,BA,Potencial,BA095872022,2022-09-29,44,ACM NETO,UNIÃO,44.7,92.4,48.38,40.80076102448481,100.0
2022,BA,Potencial,BA095872022,2022-09-29,13,JERÔNIMO,PT,35.6,92.4,38.53,49.45023042075561,100.0
2022,BA,Potencial,BA095872022,2022-09-29,22,JOÃO ROMA,PL,11.3,92.4,12.23,9.082386337775104,100.0
2022,BA,Potencial,BA095872022,2022-09-29,50,KLEBER ROSA,PSOL,0.5,92.4,0.54,0.5934155586845289,100.0
2022,BA,Potencial,BA095872022,2022-09-29,21,GIOVANI DAMICO,PCB,0.3,92.4,0.32,0.07320665829995712,100.0
2022,BA,Veritá,BA033372022,2022-09-28,44,ACM NETO,UNIÃO,40.9,93.4,43.79,40.80076102448481,99.33337778301552
2022,BA,Veritá,BA033372022,2022-09-28,13,JERÔNIMO,PT,38.5,93.4,41.22,49.45023042075561,99.33337778301552
2022,BA,Veritá,BA033372022,2022-09-28,22,JOÃO ROMA,PL,14.0,93.4,14.99,9.082386337775104,99.33337778301552
2022,CE,AtlasIntel,CE076982022,2022-09-30,13,ELMANO DE FREITAS,PT,47.3,97.69999999999999,48.41,54.01727906638568,99.87683914187869
2022,CE,AtlasIntel,CE076982022,2022-09-30,44,CAPITÃO WAGNER,UNIÃO,31.7,97.69999999999999,32.45,31.72239392547489,99.87683914187869
2022,CE,AtlasIntel,CE076982022,2022-09-30,12,ROBERTO CLÁUDIO,PDT,18.7,97.69999999999999,19.14,14.13716615001812,99.87683914187869
2022,CE,Invox Brasil,CE041292022,2022-09-29,13,ELMANO DE FREITAS,PT,29.0,85.0,34.12,54.01727906638568,99.93483226810636
2022,CE,Invox Brasil,CE041292022,2022-09-29,44,CAPITÃO WAGNER,UNIÃO,28.0,85.0,32.94,31.72239392547489,99.93483226810636
2022,CE,Invox Brasil,CE041292022,2022-09-29,12,ROBERTO CLÁUDIO,PDT,27.0,85.0,31.76,14.13716615001812,99.93483226810636
2022,CE,Invox Brasil,CE041292022,2022-09-29,21,CHICO MALTA,PCB,1.0,85.0,1.18,0.057993126227665434,99.93483226810636
2022,CE,Ipec (antigo Ibope),CE096892022,2022-10-01,13,ELMANO DE FREITAS,PT,40.0,90.0,44.44,54.01727906638568,99.87683914187869
2022,CE,Ipec (antigo Ibope),CE096892022,2022-10-01,44,CAPITÃO WAGNER,UNIÃO,33.0,90.0,36.67,31.72239392547489,99.87683914187869
2022,CE,Ipec (antigo Ibope),CE096892022,2022-10-01,12,ROBERTO CLÁUDIO,PDT,17.0,90.0,18.89,14.13716615001812,99.87683914187869
2022,CE,Paraná Pesquisas,CE053272022,2022-09-27,13,ELMANO DE FREITAS,PT,33.3,86.6,38.45,54.01727906638568,100.0
2022,CE,Paraná Pesquisas,CE053272022,2022-09-27,44,CAPITÃO WAGNER,UNIÃO,33.1,86.6,38.22,31.72239392547489,100.0
2022,CE,Paraná Pesquisas,CE053272022,2022-09-27,12,ROBERTO CLÁUDIO,PDT,18.8,86.6,21.71,14.13716615001812,100.0
2022,CE,Paraná Pesquisas,CE053272022,2022-09-27,21,CHICO MALTA,PCB,0.8,86.6,0.92,0.057993126227665434,100.0
2022,CE,Paraná Pesquisas,CE053272022,2022-09-27,16,ZÉ BATISTA,PSTU,0.3,86.6,0.35,0.028986945679964116,100.0
2022,CE,Paraná Pesquisas,CE053272022,2022-09-27,80,SERLEY LEAL,UP,0.3,86.6,0.35,0.03618078621367784,100.0
2022,CE,Real Time Big Data,CE039552022,2022-09-29,44,CAPITÃO WAGNER,UNIÃO,39.0,89.0,43.82,31.72239392547489,99.87683914187869
2022,CE,Real Time Big Data,CE039552022,2022-09-29,13,ELMANO DE FREITAS,PT,32.0,89.0,35.96,54.01727906638568,99.87683914187869
2022,CE,Real Time Big Data,CE039552022,2022-09-29,12,ROBERTO CLÁUDIO,PDT,18.0,89.0,20.22,14.13716615001812,99.87683914187869
2022,CE,Simplex Consultoria,CE079362022,2022-09-27,13,ELMANO DE FREITAS,PT,37.0,83.0,44.58,54.01727906638568,99.87683914187869
2022,CE,Simplex Consultoria,CE079362022,2022-09-27,44,CAPITÃO WAGNER,UNIÃO,32.0,83.0,38.55,31.72239392547489,99.87683914187869
2022,CE,Simplex Consultoria,CE079362022,2022-09-27,12,ROBERTO CLÁUDIO,PDT,14.0,83.0,16.87,14.13716615001812,99.87683914187869
2022,DF,Ipec (antigo Ibope),DF091322022,2022-09-27,15,IBANEIS ROCHA,MDB,43.0,86.0,50.0,50.30884393940218,99.62454147717008
2022,DF,Ipec (antigo Ibope),DF091322022,2022-09-27,43,LEANDRO GRASS,PV,16.0,86.0,18.6,26.258350991484814,99.62454147717008
2022,DF,Ipec (antigo Ibope),DF091322022,2022-09-27,45,IZALCI,PSDB,9.0,86.0,10.47,4.2647834527562125,99.62454147717008
2022,DF,Ipec (antigo Ibope),DF091322022,2022-09-27,55,PAULO OCTÁVIO PO,PSD,8.0,86.0,9.3,7.475032370760156,99.62454147717008
2022,DF,Ipec (antigo Ibope),DF091322022,2022-09-27,12,LEILA DO VÔLEI,PDT,6.0,86.0,6.98,4.80936144861493,99.62454147717008
2022,DF,Ipec (antigo Ibope),DF091322022,2022-09-27,14,CORONEL MORENO,PTB,2.0,86.0,2.33,5.685652880317913,99.62454147717008
2022,DF,Ipec (antigo Ibope),DF091322022,2022-09-27,50,KEKA BAGNO,PSOL,1.0,86.0,1.16,0.8225163938338762,99.62454147717008
2022,DF,Real Time Big Data,DF072282022,2022-09-28,15,IBANEIS ROCHA,MDB,44.0,93.0,47.31,50.30884393940218,99.62454147717008
2022,DF,Real Time Big Data,DF072282022,2022-09-28,43,LEANDRO GRASS,PV,17.0,93.0,18.28,26.258350991484814,99.62454147717008
2022,DF,Real Time Big Data,DF072282022,2022-09-28,55,PAULO OCTÁVIO PO,PSD,14.0,93.0,15.05,7.475032370760156,99.62454147717008
2022,DF,Real Time Big Data,DF072282022,2022-09-28,12,LEILA DO VÔLEI,PDT,7.0,93.0,7.53,4.80936144861493,99.62454147717008
2022,DF,Real Time Big Data,DF072282022,2022-09-28,45,IZALCI,PSDB,7.0,93.0,7.53,4.2647834527562125,99.62454147717008
2022,DF,Real Time Big Data,DF072282022,2022-09-28,50,KEKA BAGNO,PSOL,2.0,93.0,2.15,0.8225163938338762,99.62454147717008
2022,DF,Real Time Big Data,DF072282022,2022-09-28,14,CORONEL MORENO,PTB,1.0,93.0,1.08,5.685652880317913,99.62454147717008
2022,DF,Veritá,DF048722022,2022-09-25,15,IBANEIS ROCHA,MDB,43.0,86.7,49.6,50.30884393940218,99.62454147717008
2022,DF,Veritá,DF048722022,2022-09-25,43,LEANDRO GRASS,PV,17.9,86.7,20.65,26.258350991484814,99.62454147717008
2022,DF,Veritá,DF048722022,2022-09-25,55,PAULO OCTÁVIO PO,PSD,8.2,86.7,9.46,7.475032370760156,99.62454147717008
2022,DF,Veritá,DF048722022,2022-09-25,12,LEILA DO VÔLEI,PDT,7.6,86.7,8.77,4.80936144861493,99.62454147717008
2022,DF,Veritá,DF048722022,2022-09-25,14,CORONEL MORENO,PTB,5.1,86.7,5.88,5.685652880317913,99.62454147717008
2022,DF,Veritá,DF048722022,2022-09-25,45,IZALCI,PSDB,3.2,86.7,3.69,4.2647834527562125,99.62454147717008
2022,DF,Veritá,DF048722022,2022-09-25,50,KEKA BAGNO,PSOL,1.7,86.7,1.96,0.8225163938338762,99.62454147717008
2022,ES,Direta Consultoria (Cachoeiro de Itapemirim/ES),ES041892022,2022-09-27,40,RENATO CASAGRANDE,PSB,40.1,84.6,47.4,46.939799523994445,92.90629649993656
2022,ES,Direta Consultoria (Cachoeiro de Itapemirim/ES),ES041892022,2022-09-27,22,MANATO,PL,34.0,84.6,40.19,38.47830099084516,92.90629649993656
2022,ES,Direta Consultoria (Cachoeiro de Itapemirim/ES),ES041892022,2022-09-27,18,AUDIFAX,REDE,7.6,84.6,8.98,6.512970959047374,92.90629649993656
2022,ES,Direta Consultoria (Cachoeiro de Itapemirim/ES),ES041892022,2022-09-27,30,ARIDELMO ,NOVO,1.8,84.6,2.13,0.7587059416104983,92.90629649993656
2022,ES,Direta Consultoria (Cachoeiro de Itapemirim/ES),ES041892022,2022-09-27,16,CAPITÃO VINICIUS SOUSA,PSTU,1.1,84.6,1.3,0.2165190844390786,92.90629649993656
2022,ES,Ipec (antigo Ibope),ES011812022,2022-10-01,40,RENATO CASAGRANDE,PSB,53.0,85.0,62.35,46.939799523994445,92.9744483449387
2022,ES,Ipec (antigo Ibope),ES011812022,2022-10-01,22,MANATO,PL,23.0,85.0,27.06,38.47830099084516,92.9744483449387
2022,ES,Ipec (antigo Ibope),ES011812022,2022-10-01,18,AUDIFAX,REDE,6.0,85.0,7.06,6.512970959047374,92.9744483449387
2022,ES,Ipec (antigo Ibope),ES011812022,2022-10-01,16,CAPITÃO VINICIUS SOUSA,PSTU,1.0,85.0,1.18,0.2165190844390786,92.9744483449387
2022,ES,Ipec (antigo Ibope),ES011812022,2022-10-01,28,CLAUDIO PAIVA,PRTB,1.0,85.0,1.18,0.06815184500213395,92.9744483449387
2022,ES,Ipec (antigo Ibope),ES011812022,2022-10-01,30,ARIDELMO ,NOVO,1.0,85.0,1.18,0.7587059416104983,92.9744483449387
2022,ES,Ipopes,ES076592022,2022-09-26,40,RENATO CASAGRANDE,PSB,40.48,64.45,62.81,46.939799523994445,91.93107147388699
2022,ES,Ipopes,ES076592022,2022-09-26,22,MANATO,PL,16.67,64.45,25.87,38.47830099084516,91.93107147388699
2022,ES,Ipopes,ES076592022,2022-09-26,18,AUDIFAX,REDE,7.3,64.45,11.33,6.512970959047374,91.93107147388699
2022,ES,Real Time Big Data,ES066142022,2022-09-27,40,RENATO CASAGRANDE,PSB,46.0,81.0,56.79,46.939799523994445,92.90629649993656
2022,ES,Real Time Big Data,ES066142022,2022-09-27,22,MANATO,PL,26.0,81.0,32.1,38.47830099084516,92.90629649993656
2022,ES,Real Time Big Data,ES066142022,2022-09-27,18,AUDIFAX,REDE,7.0,81.0,8.64,6.512970959047374,92.90629649993656
2022,ES,Real Time Big Data,ES066142022,2022-09-27,30,ARIDELMO ,NOVO,1.0,81.0,1.23,0.7587059416104983,92.90629649993656
2022,ES,Real Time Big Data,ES066142022,2022-09-27,16,CAPITÃO VINICIUS SOUSA,PSTU,1.0,81.0,1.23,0.2165190844390786,92.90629649993656
2022,ES,Veritá,ES094992022,2022-09-25,40,RENATO CASAGRANDE,PSB,39.1,81.4,48.03,46.939799523994445,92.90629649993656
2022,ES,Veritá,ES094992022,2022-09-25,22,MANATO,PL,31.3,81.4,38.45,38.47830099084516,92.90629649993656
2022,ES,Veritá,ES094992022,2022-09-25,18,AUDIFAX,REDE,8.1,81.4,9.95,6.512970959047374,92.90629649993656
2022,ES,Veritá,ES094992022,2022-09-25,30,ARIDELMO ,NOVO,1.6,81.4,1.97,0.7587059416104983,92.90629649993656
2022,ES,Veritá,ES094992022,2022-09-25,16,CAPITÃO VINICIUS SOUSA,PSTU,1.3,81.4,1.6,0.2165190844390786,92.90629649993656
2022,GO,AtlasIntel,GO076582022,2022-09-30,44,RONALDO CAIADO,UNIÃO,46.1,93.1,49.52,51.8090674441263,100.0
2022,GO,AtlasIntel,GO076582022,2022-09-30,51,GUSTAVO MENDANHA,PATRIOTA,23.7,93.1,25.46,25.204481709187814,100.0
2022,GO,AtlasIntel,GO076582022,2022-09-30,22,MAJOR VITOR HUGO,PL,13.2,93.1,14.18,14.811884855995444,100.0
2022,GO,AtlasIntel,GO076582022,2022-09-30,13,WOLMIR AMADO,PT,5.2,93.1,5.59,6.983631714434978,100.0
2022,GO,AtlasIntel,GO076582022,2022-09-30,50,CINTIA DIAS,PSOL,2.1,93.1,2.26,0.5613318966234067,100.0
2022,GO,AtlasIntel,GO076582022,2022-09-30,30,EDIGAR DINIZ,NOVO,1.7,93.1,1.83,0.27425752624012284,100.0
2022,GO,AtlasIntel,GO076582022,2022-09-30,21,PROFESSORA HELGA,PCB,0.7,93.1,0.75,0.2005104946154918,100.0
2022,GO,AtlasIntel,GO076582022,2022-09-30,80,PROFESSOR PANTALEÃO,UP,0.4,93.1,0.43,0.15483435877644156,100.0
2022,GO,Diagnóstico Pesquisas,GO069772022,2022-09-30,44,RONALDO CAIADO,UNIÃO,48.1,79.7,60.35,51.8090674441263,98.80906572374454
2022,GO,Diagnóstico Pesquisas,GO069772022,2022-09-30,51,GUSTAVO MENDANHA,PATRIOTA,21.9,79.7,27.48,25.204481709187814,98.80906572374454
2022,GO,Diagnóstico Pesquisas,GO069772022,2022-09-30,22,MAJOR VITOR HUGO,PL,7.7,79.7,9.66,14.811884855995444,98.80906572374454
2022,GO,Diagnóstico Pesquisas,GO069772022,2022-09-30,13,WOLMIR AMADO,PT,2.0,79.7,2.51,6.983631714434978,98.80906572374454
2022,GO,Ipec (antigo Ibope),GO068202022,2022-10-01,44,RONALDO CAIADO,UNIÃO,50.0,89.0,56.18,51.8090674441263,99.57090811498344
2022,GO,Ipec (antigo Ibope),GO068202022,2022-10-01,51,GUSTAVO MENDANHA,PATRIOTA,26.0,89.0,29.21,25.204481709187814,99.57090811498344
2022,GO,Ipec (antigo Ibope),GO068202022,2022-10-01,22,MAJOR VITOR HUGO,PL,8.0,89.0,8.99,14.811884855995444,99.57090811498344
2022,GO,Ipec (antigo Ibope),GO068202022,2022-10-01,13,WOLMIR AMADO,PT,3.0,89.0,3.37,6.983631714434978,99.57090811498344
2022,GO,Ipec (antigo Ibope),GO068202022,2022-10-01,50,CINTIA DIAS,PSOL,1.0,89.0,1.12,0.5613318966234067,99.57090811498344
2022,GO,Ipec (antigo Ibope),GO068202022,2022-10-01,21,PROFESSORA HELGA,PCB,1.0,89.0,1.12,0.2005104946154918,99.57090811498344
2022,GO,Paraná Pesquisas,GO028512022,2022-09-27,44,RONALDO CAIADO,UNIÃO,51.8,84.5,61.3,51.8090674441263,99.64465514660806
2022,GO,Paraná Pesquisas,GO028512022,2022-09-27,51,GUSTAVO MENDANHA,PATRIOTA,19.5,84.5,23.08,25.204481709187814,99.64465514660806
2022,GO,Paraná Pesquisas,GO028512022,2022-09-27,22,MAJOR VITOR HUGO,PL,8.6,84.5,10.18,14.811884855995444,99.64465514660806
2022,GO,Paraná Pesquisas,GO028512022,2022-09-27,13,WOLMIR AMADO,PT,2.2,84.5,2.6,6.983631714434978,99.64465514660806
2022,GO,Paraná Pesquisas,GO028512022,2022-09-27,50,CINTIA DIAS,PSOL,1.2,84.5,1.42,0.5613318966234067,99.64465514660806
2022,GO,Paraná Pesquisas,GO028512022,2022-09-27,30,EDIGAR DINIZ,NOVO,1.2,84.5,1.42,0.27425752624012284,99.64465514660806
2022,GO,Real Time Big Data,GO065952022,2022-09-28,44,RONALDO CAIADO,UNIÃO,53.0,90.0,58.89,51.8090674441263,99.37039762036794
2022,GO,Real Time Big Data,GO065952022,2022-09-28,51,GUSTAVO MENDANHA,PATRIOTA,20.0,90.0,22.22,25.204481709187814,99.37039762036794
2022,GO,Real Time Big Data,GO065952022,2022-09-28,22,MAJOR VITOR HUGO,PL,10.0,90.0,11.11,14.811884855995444,99.37039762036794
2022,GO,Real Time Big Data,GO065952022,2022-09-28,13,WOLMIR AMADO,PT,6.0,90.0,6.67,6.983631714434978,99.37039762036794
2022,GO,Real Time Big Data,GO065952022,2022-09-28,50,CINTIA DIAS,PSOL,1.0,90.0,1.11,0.5613318966234067,99.37039762036794
2022,GO,Serpes,GO025442022,2022-09-30,44,RONALDO CAIADO,UNIÃO,52.4,86.1,60.86,51.8090674441263,100.0
2022,GO,Serpes,GO025442022,2022-09-30,51,GUSTAVO MENDANHA,PATRIOTA,20.6,86.1,23.93,25.204481709187814,100.0
2022,GO,Serpes,GO025442022,2022-09-30,22,MAJOR VITOR HUGO,PL,8.7,86.1,10.1,14.811884855995444,100.0
2022,GO,Serpes,GO025442022,2022-09-30,13,WOLMIR AMADO,PT,3.1,86.1,3.6,6.983631714434978,100.0
2022,GO,Serpes,GO025442022,2022-09-30,50,CINTIA DIAS,PSOL,0.6,86.1,0.7,0.5613318966234067,100.0
2022,GO,Serpes,GO025442022,2022-09-30,30,EDIGAR DINIZ,NOVO,0.4,86.1,0.46,0.27425752624012284,100.0
2022,GO,Serpes,GO025442022,2022-09-30,21,PROFESSORA HELGA,PCB,0.2,86.1,0.23,0.2005104946154918,100.0
2022,GO,Serpes,GO025442022,2022-09-30,80,PROFESSOR PANTALEÃO,UP,0.1,86.1,0.12,0.15483435877644156,100.0
2022,MA,AR7 Pesquisa,MA069532022,2022-09-26,40,CARLOS BRANDÃO,PSB,36.7,91.1,40.29,51.28985124906143,99.3757157062553
2022,MA,AR7 Pesquisa,MA069532022,2022-09-26,12,WEVERTON,PDT,31.1,91.1,34.14,20.709516755136416,99.3757157062553
2022,MA,AR7 Pesquisa,MA069532022,2022-09-26,20,LAHESIO BONFIM,PSC,18.2,91.1,19.98,24.866541620402447,99.3757157062553
2022,MA,AR7 Pesquisa,MA069532022,2022-09-26,55,EDIVALDO,PSD,5.1,91.1,5.6,2.509806081655017,99.3757157062553
2022,MA,Escutec,MA049892022,2022-09-25,40,CARLOS BRANDÃO,PSB,44.0,94.0,46.81,51.28985124906143,99.52092978758563
2022,MA,Escutec,MA049892022,2022-09-25,12,WEVERTON,PDT,21.0,94.0,22.34,20.709516755136416,99.52092978758563
2022,MA,Escutec,MA049892022,2022-09-25,20,LAHESIO BONFIM,PSC,19.0,94.0,20.21,24.866541620402447,99.52092978758563
2022,MA,Escutec,MA049892022,2022-09-25,55,EDIVALDO,PSD,9.0,94.0,9.57,2.509806081655017,99.52092978758563
2022,MA,Escutec,MA049892022,2022-09-25,77,SIMPLICIO,SOLIDARIEDADE,1.0,94.0,1.06,0.14521408133032218,99.52092978758563
2022,MA,Exata Pesquisa (MA),MA081992022,2022-09-27,40,CARLOS BRANDÃO,PSB,39.0,91.0,42.86,51.28985124906143,99.44268406877738
2022,MA,Exata Pesquisa (MA),MA081992022,2022-09-27,12,WEVERTON,PDT,28.0,91.0,30.77,20.709516755136416,99.44268406877738
2022,MA,Exata Pesquisa (MA),MA081992022,2022-09-27,20,LAHESIO BONFIM,PSC,19.0,91.0,20.88,24.866541620402447,99.44268406877738
2022,MA,Exata Pesquisa (MA),MA081992022,2022-09-27,55,EDIVALDO,PSD,4.0,91.0,4.4,2.509806081655017,99.44268406877738
2022,MA,Exata Pesquisa (MA),MA081992022,2022-09-27,27,PROFESSOR JOAS MORAES,DC,1.0,91.0,1.1,0.06696836252206911,99.44268406877738
2022,MA,Instituto Econométrica,MA016202022,2022-09-27,40,CARLOS BRANDÃO,PSB,47.4,91.5,51.8,51.28985124906143,99.79315183264288
2022,MA,Instituto Econométrica,MA016202022,2022-09-27,20,LAHESIO BONFIM,PSC,20.6,91.5,22.51,24.866541620402447,99.79315183264288
2022,MA,Instituto Econométrica,MA016202022,2022-09-27,12,WEVERTON,PDT,19.9,91.5,21.75,20.709516755136416,99.79315183264288
2022,MA,Instituto Econométrica,MA016202022,2022-09-27,55,EDIVALDO,PSD,3.1,91.5,3.39,2.509806081655017,99.79315183264288
2022,MA,Instituto Econométrica,MA016202022,2022-09-27,27,PROFESSOR JOAS MORAES,DC,0.2,91.5,0.22,0.06696836252206911,99.79315183264288
2022,MA,Instituto Econométrica,MA016202022,2022-09-27,77,SIMPLICIO,SOLIDARIEDADE,0.1,91.5,0.11,0.14521408133032218,99.79315183264288
2022,MA,Instituto Econométrica,MA016202022,2022-09-27,21,FRANKLE COSTA,PCB,0.1,91.5,0.11,0.054763305975839206,99.79315183264288
2022,MA,Instituto Econométrica,MA016202022,2022-09-27,16,HERTZ DIAS,PSTU,0.1,91.5,0.11,0.15049037655933367,99.79315183264288
2022,MA,Premier Pesquisas,MA039502022,2022-09-27,40,CARLOS BRANDÃO,PSB,37.2,95.2,39.08,51.28985124906143,100.0
2022,MA,Premier Pesquisas,MA039502022,2022-09-27,12,WEVERTON,PDT,31.4,95.2,32.98,20.709516755136416,100.0
2022,MA,Premier Pesquisas,MA039502022,2022-09-27,20,LAHESIO BONFIM,PSC,20.1,95.2,21.11,24.866541620402447,100.0
2022,MA,Premier Pesquisas,MA039502022,2022-09-27,55,EDIVALDO,PSD,4.9,95.2,5.15,2.509806081655017,100.0
2022,MA,Premier Pesquisas,MA039502022,2022-09-27,77,SIMPLICIO,SOLIDARIEDADE,0.7,95.2,0.74,0.14521408133032218,100.0
2022,MA,Premier Pesquisas,MA039502022,2022-09-27,16,HERTZ DIAS,PSTU,0.4,95.2,0.42,0.15049037655933367,100.0
2022,MA,Premier Pesquisas,MA039502022,2022-09-27,50,ENILTON RODRIGUES,PSOL,0.3,95.2,0.32,0.2068481673571269,100.0
2022,MA,Premier Pesquisas,MA039502022,2022-09-27,21,FRANKLE COSTA,PCB,0.1,95.2,0.11,0.054763305975839206,100.0
2022,MA,Premier Pesquisas,MA039502022,2022-09-27,27,PROFESSOR JOAS MORAES,DC,0.1,95.2,0.11,0.06696836252206911,100.0
2022,MG,AtlasIntel,MG082652022,2022-09-30,30,ZEMA,NOVO,49.8,89.5,55.64,56.19535851820186,100.0
2022,MG,AtlasIntel,MG082652022,2022-09-30,55,KALIL,PSD,32.6,89.5,36.42,35.08841396335894,100.0
2022,MG,AtlasIntel,MG082652022,2022-09-30,22,CARLOS VIANA,PL,5.3,89.5,5.92,7.227590917985193,100.0
2022,MG,AtlasIntel,MG082652022,2022-09-30,50,LORENE FIGUEIREDO,PSOL,0.6,89.5,0.67,0.41401426006085634,100.0
2022,MG,AtlasIntel,MG082652022,2022-09-30,35,CABO TRISTAO,PMB,0.3,89.5,0.34,0.14545549775490998,100.0
2022,MG,AtlasIntel,MG082652022,2022-09-30,45,MARCUS PESTANA,PSDB,0.3,89.5,0.34,0.5591470151746213,100.0
2022,MG,AtlasIntel,MG082652022,2022-09-30,21,RENATA REGINA,PCB,0.2,89.5,0.22,0.11539432603682918,100.0
2022,MG,AtlasIntel,MG082652022,2022-09-30,16,VANESSA PORTUGAL,PSTU,0.2,89.5,0.22,0.11073761078602218,100.0
2022,MG,AtlasIntel,MG082652022,2022-09-30,80,INDIRA XAVIER,UP,0.1,89.5,0.11,0.14388789064077692,100.0
2022,MG,AtlasIntel,MG082652022,2022-09-30,29,LOURDES FRANCISCO,PCO,0.1,89.5,0.11,0.0,100.0
2022,MG,Datafolha,MG043432022,2022-10-01,30,ZEMA,NOVO,49.0,87.0,56.32,56.19535851820186,99.29664235154345
2022,MG,Datafolha,MG043432022,2022-10-01,55,KALIL,PSD,31.0,87.0,35.63,35.08841396335894,99.29664235154345
2022,MG,Datafolha,MG043432022,2022-10-01,22,CARLOS VIANA,PL,4.0,87.0,4.6,7.227590917985193,99.29664235154345
2022,MG,Datafolha,MG043432022,2022-10-01,16,VANESSA PORTUGAL,PSTU,1.0,87.0,1.15,0.11073761078602218,99.29664235154345
2022,MG,Datafolha,MG043432022,2022-10-01,45,MARCUS PESTANA,PSDB,1.0,87.0,1.15,0.5591470151746213,99.29664235154345
2022,MG,Datafolha,MG043432022,2022-10-01,21,RENATA REGINA,PCB,1.0,87.0,1.15,0.11539432603682918,99.29664235154345
2022,MG,Ipec (antigo Ibope),MG090122022,2022-10-01,30,ZEMA,NOVO,44.0,89.0,49.44,56.19535851820186,99.2969650941846
2022,MG,Ipec (antigo Ibope),MG090122022,2022-10-01,55,KALIL,PSD,37.0,89.0,41.57,35.08841396335894,99.2969650941846
2022,MG,Ipec (antigo Ibope),MG090122022,2022-10-01,22,CARLOS VIANA,PL,4.0,89.0,4.49,7.227590917985193,99.2969650941846
2022,MG,Ipec (antigo Ibope),MG090122022,2022-10-01,35,CABO TRISTAO,PMB,1.0,89.0,1.12,0.14545549775490998,99.2969650941846
2022,MG,Ipec (antigo Ibope),MG090122022,2022-10-01,50,LORENE FIGUEIREDO,PSOL,1.0,89.0,1.12,0.41401426006085634,99.2969650941846
2022,MG,Ipec (antigo Ibope),MG090122022,2022-10-01,21,RENATA REGINA,PCB,1.0,89.0,1.12,0.11539432603682918,99.2969650941846
2022,MG,Ipec (antigo Ibope),MG090122022,2022-10-01,16,VANESSA PORTUGAL,PSTU,1.0,89.0,1.12,0.11073761078602218,99.2969650941846
2022,MG,Quaest,MG099722022,2022-10-01,30,ZEMA,NOVO,55.0,100.0,55.0,56.19535851820186,99.59991900081829
2022,MG,Quaest,MG099722022,2022-10-01,55,KALIL,PSD,37.0,100.0,37.0,35.08841396335894,99.59991900081829
2022,MG,Quaest,MG099722022,2022-10-01,22,CARLOS VIANA,PL,5.0,100.0,5.0,7.227590917985193,99.59991900081829
2022,MG,Quaest,MG099722022,2022-10-01,21,RENATA REGINA,PCB,1.0,100.0,1.0,0.11539432603682918,99.59991900081829
2022,MG,Quaest,MG099722022,2022-10-01,45,MARCUS PESTANA,PSDB,1.0,100.0,1.0,0.5591470151746213,99.59991900081829
2022,MG,Quaest,MG099722022,2022-10-01,50,LORENE FIGUEIREDO,PSOL,1.0,100.0,1.0,0.41401426006085634,99.59991900081829
2022,MS,Ibrape,MS024662022,2022-09-27,15,ANDRÉ PUCCINELLI,MDB,24.09,89.81,26.82,17.21242729267528,100.0
2022,MS,Ibrape,MS024662022,2022-09-27,45,EDUARDO RIEDEL,PSDB,18.51,89.81,20.61,25.21549232001672,100.0
2022,MS,Ibrape,MS024662022,2022-09-27,44,ROSE MODESTO,UNIÃO,14.94,89.81,16.64,12.441154958030022,100.0
2022,MS,Ibrape,MS024662022,2022-09-27,28,CAPITÃO CONTAR,PRTB,14.48,89.81,16.12,26.768485946153042,100.0
2022,MS,Ibrape,MS024662022,2022-09-27,55,MARQUINHOS TRAD,PSD,13.05,89.81,14.53,8.693183797150917,100.0
2022,MS,Ibrape,MS024662022,2022-09-27,13,GISELLE,PT,3.77,89.81,4.2,9.4427919612692,100.0
2022,MS,Ibrape,MS024662022,2022-09-27,50,ADONIS MARCOS,PSOL,0.65,89.81,0.72,0.22646372470481696,100.0
2022,MS,Ibrape,MS024662022,2022-09-27,29,MAGNO DE SOUZA,PCO,0.32,89.81,0.36,0.0,100.0
2022,MS,Ipec (antigo Ibope),MS002682022,2022-10-01,15,ANDRÉ PUCCINELLI,MDB,28.0,90.0,31.11,17.21242729267528,100.0
2022,MS,Ipec (antigo Ibope),MS002682022,2022-10-01,55,MARQUINHOS TRAD,PSD,16.0,90.0,17.78,8.693183797150917,100.0
2022,MS,Ipec (antigo Ibope),MS002682022,2022-10-01,45,EDUARDO RIEDEL,PSDB,16.0,90.0,17.78,25.21549232001672,100.0
2022,MS,Ipec (antigo Ibope),MS002682022,2022-10-01,28,CAPITÃO CONTAR,PRTB,15.0,90.0,16.67,26.768485946153042,100.0
2022,MS,Ipec (antigo Ibope),MS002682022,2022-10-01,44,ROSE MODESTO,UNIÃO,11.0,90.0,12.22,12.441154958030022,100.0
2022,MS,Ipec (antigo Ibope),MS002682022,2022-10-01,13,GISELLE,PT,3.0,90.0,3.33,9.4427919612692,100.0
2022,MS,Ipec (antigo Ibope),MS002682022,2022-10-01,50,ADONIS MARCOS,PSOL,1.0,90.0,1.11,0.22646372470481696,100.0
2022,MS,Paraná Pesquisas,MS042782022,2022-09-28,15,ANDRÉ PUCCINELLI,MDB,21.3,85.6,24.88,17.21242729267528,99.77353627529519
2022,MS,Paraná Pesquisas,MS042782022,2022-09-28,45,EDUARDO RIEDEL,PSDB,18.5,85.6,21.61,25.21549232001672,99.77353627529519
2022,MS,Paraná Pesquisas,MS042782022,2022-09-28,55,MARQUINHOS TRAD,PSD,16.2,85.6,18.93,8.693183797150917,99.77353627529519
2022,MS,Paraná Pesquisas,MS042782022,2022-09-28,44,ROSE MODESTO,UNIÃO,13.6,85.6,15.89,12.441154958030022,99.77353627529519
2022,MS,Paraná Pesquisas,MS042782022,2022-09-28,28,CAPITÃO CONTAR,PRTB,13.1,85.6,15.3,26.768485946153042,99.77353627529519
2022,MS,Paraná Pesquisas,MS042782022,2022-09-28,13,GISELLE,PT,2.9,85.6,3.39,9.4427919612692,99.77353627529519
2022,MS,Ranking Pesquisa,MS072242022,2022-09-30,15,ANDRÉ PUCCINELLI,MDB,21.4,85.4,25.06,17.21242729267528,99.77353627529519
2022,MS,Ranking Pesquisa,MS072242022,2022-09-30,45,EDUARDO RIEDEL,PSDB,19.3,85.4,22.6,25.21549232001672,99.77353627529519
2022,MS,Ranking Pesquisa,MS072242022,2022-09-30,55,MARQUINHOS TRAD,PSD,15.2,85.4,17.8,8.693183797150917,99.77353627529519
2022,MS,Ranking Pesquisa,MS072242022,2022-09-30,28,CAPITÃO CONTAR,PRTB,14.0,85.4,16.39,26.768485946153042,99.77353627529519
2022,MS,Ranking Pesquisa,MS072242022,2022-09-30,44,ROSE MODESTO,UNIÃO,13.5,85.4,15.81,12.441154958030022,99.77353627529519
2022,MS,Ranking Pesquisa,MS072242022,2022-09-30,13,GISELLE,PT,2.0,85.4,2.34,9.4427919612692,99.77353627529519
2022,MS,Real Time Big Data,MS029822022,2022-09-29,15,ANDRÉ PUCCINELLI,MDB,20.0,89.0,22.47,17.21242729267528,99.77353627529519
2022,MS,Real Time Big Data,MS029822022,2022-09-29,45,EDUARDO RIEDEL,PSDB,20.0,89.0,22.47,25.21549232001672,99.77353627529519
2022,MS,Real Time Big Data,MS029822022,2022-09-29,28,CAPITÃO CONTAR,PRTB,15.0,89.0,16.85,26.768485946153042,99.77353627529519
2022,MS,Real Time Big Data,MS029822022,2022-09-29,44,ROSE MODESTO,UNIÃO,15.0,89.0,16.85,12.441154958030022,99.77353627529519
2022,MS,Real Time Big Data,MS029822022,2022-09-29,55,MARQUINHOS TRAD,PSD,14.0,89.0,15.73,8.693183797150917,99.77353627529519
2022,MS,Real Time Big Data,MS029822022,2022-09-29,13,GISELLE,PT,5.0,89.0,5.62,9.4427919612692,99.77353627529519
2022,MS,Veritá,MS091132022,2022-09-29,28,CAPITÃO CONTAR,PRTB,27.6,95.4,28.93,26.768485946153042,100.0
2022,MS,Veritá,MS091132022,2022-09-29,45,EDUARDO RIEDEL,PSDB,23.6,95.4,24.74,25.21549232001672,100.0
2022,MS,Veritá,MS091132022,2022-09-29,15,ANDRÉ PUCCINELLI,MDB,19.3,95.4,20.23,17.21242729267528,100.0
2022,MS,Veritá,MS091132022,2022-09-29,44,ROSE MODESTO,UNIÃO,8.2,95.4,8.6,12.441154958030022,100.0
2022,MS,Veritá,MS091132022,2022-09-29,55,MARQUINHOS TRAD,PSD,7.9,95.4,8.28,8.693183797150917,100.0
2022,MS,Veritá,MS091132022,2022-09-29,13,GISELLE,PT,7.3,95.4,7.65,9.4427919612692,100.0
2022,MS,Veritá,MS091132022,2022-09-29,50,ADONIS MARCOS,PSOL,1.5,95.4,1.57,0.22646372470481696,100.0
2022,MT,Gazeta Dados,MT012032022,2022-09-25,44,MAURO MENDES,UNIÃO,57.0,78.0,73.08,68.45232684687252,100.0
2022,MT,Gazeta Dados,MT012032022,2022-09-25,43,MARCIA PINHEIRO,PV,17.0,78.0,21.79,16.408919722984475,100.0
2022,MT,Gazeta Dados,MT012032022,2022-09-25,14,PASTOR MARCOS RITELA,PTB,3.0,78.0,3.85,14.34352529031846,100.0
2022,MT,Gazeta Dados,MT012032022,2022-09-25,50,MOISÉS FRANZ,PSOL,1.0,78.0,1.28,0.7952281398245438,100.0
2022,PA,Acertar,PA077442022,2022-09-30,15,HELDER,MDB,67.8,90.7,74.75,70.40734394025324,100.00000000000001
2022,PA,Acertar,PA077442022,2022-09-30,22,ZEQUINHA MARINHO,PL,18.6,90.7,20.51,27.127781515789884,100.00000000000001
2022,PA,Acertar,PA077442022,2022-09-30,50,ADOLFO OLIVEIRA,PSOL,1.2,90.7,1.32,1.283572374125548,100.00000000000001
2022,PA,Acertar,PA077442022,2022-09-30,28,DR. FELIPE,PRTB,0.9,90.7,0.99,0.7092510943566859,100.00000000000001
2022,PA,Acertar,PA077442022,2022-09-30,35,SOFIA COUTO,PMB,0.9,90.7,0.99,0.1209489717304647,100.00000000000001
2022,PA,Acertar,PA077442022,2022-09-30,77,MAJOR MARCONY,SOLIDARIEDADE,0.6,90.7,0.66,0.20740885292266245,100.00000000000001
2022,PA,Acertar,PA077442022,2022-09-30,16,CLEBER RABELO,PSTU,0.4,90.7,0.44,0.11412794662073542,100.00000000000001
2022,PA,Acertar,PA077442022,2022-09-30,36,PAULO ROSEIRA,AGIR,0.3,90.7,0.33,0.02956530420078026,100.00000000000001
2022,PA,Ipec (antigo Ibope),PA069732022,2022-10-01,15,HELDER,MDB,72.0,94.0,76.6,70.40734394025324,99.6784632004566
2022,PA,Ipec (antigo Ibope),PA069732022,2022-10-01,22,ZEQUINHA MARINHO,PL,18.0,94.0,19.15,27.127781515789884,99.6784632004566
2022,PA,Ipec (antigo Ibope),PA069732022,2022-10-01,50,ADOLFO OLIVEIRA,PSOL,1.0,94.0,1.06,1.283572374125548,99.6784632004566
2022,PA,Ipec (antigo Ibope),PA069732022,2022-10-01,36,PAULO ROSEIRA,AGIR,1.0,94.0,1.06,0.02956530420078026,99.6784632004566
2022,PA,Ipec (antigo Ibope),PA069732022,2022-10-01,35,SOFIA COUTO,PMB,1.0,94.0,1.06,0.1209489717304647,99.6784632004566
2022,PA,Ipec (antigo Ibope),PA069732022,2022-10-01,28,DR. FELIPE,PRTB,1.0,94.0,1.06,0.7092510943566859,99.6784632004566
2022,PB,Veritá,PB026292022,2022-09-25,40,JOÃO,PSB,34.1,97.9,34.83,39.65983043900969,100.0
2022,PB,Veritá,PB026292022,2022-09-25,22,NILVAN FERREIRA,PL,22.2,97.9,22.68,18.682033629167577,100.0
2022,PB,Veritá,PB026292022,2022-09-25,15,VENEZIANO,MDB,22.2,97.9,22.68,17.161525865126784,100.0
2022,PB,Veritá,PB026292022,2022-09-25,45,PEDRO CUNHA LIMA,PSDB,15.1,97.9,15.42,23.899305472596584,100.0
2022,PB,Veritá,PB026292022,2022-09-25,16,NASCIMENTO,PSTU,1.1,97.9,1.12,0.04493568407916767,100.0
2022,PB,Veritá,PB026292022,2022-09-25,50,ADJANY SIMPLICIO,PSOL,1.1,97.9,1.12,0.43957023474989476,100.0
2022,PB,Veritá,PB026292022,2022-09-25,29,ADRIANO TRAJANO,PCO,1.1,97.9,1.12,0.0,100.0
2022,PB,Veritá,PB026292022,2022-09-25,28,MAJOR FÁBIO,PRTB,1.0,97.9,1.02,0.11279867527030331,100.0
2022,PE,Ipec (antigo Ibope),PE057642022,2022-10-01,77,MARÍLIA ARRAES,SOLIDARIEDADE,34.0,87.0,39.08,23.968170769274366,99.22302540789076
2022,PE,Ipec (antigo Ibope),PE057642022,2022-10-01,45,RAQUEL LYRA,PSDB,15.0,87.0,17.24,20.581967445394554,99.22302540789076
2022,PE,Ipec (antigo Ibope),PE057642022,2022-10-01,44,MIGUEL COELHO,UNIÃO,15.0,87.0,17.24,18.0414230147658,99.22302540789076
2022,PE,Ipec (antigo Ibope),PE057642022,2022-10-01,22,ANDERSON FERREIRA,PL,11.0,87.0,12.64,18.149046768321064,99.22302540789076
2022,PE,Ipec (antigo Ibope),PE057642022,2022-10-01,40,DANILO CABRAL,PSB,10.0,87.0,11.49,18.062890681462843,99.22302540789076
2022,PE,Ipec (antigo Ibope),PE057642022,2022-10-01,14,PASTOR WELLINGTON,PTB,1.0,87.0,1.15,0.16350492584073031,99.22302540789076
2022,PE,Ipec (antigo Ibope),PE057642022,2022-10-01,50,JOÃO ARNALDO,PSOL,1.0,87.0,1.15,0.25602180283140785,99.22302540789076
2022,PE,Ipespe,PE016472022,2022-09-25,77,MARÍLIA ARRAES,SOLIDARIEDADE,35.0,83.0,42.17,23.968170769274366,98.96700360505936
2022,PE,Ipespe,PE016472022,2022-09-25,40,DANILO CABRAL,PSB,12.0,83.0,14.46,18.062890681462843,98.96700360505936
2022,PE,Ipespe,PE016472022,2022-09-25,22,ANDERSON FERREIRA,PL,12.0,83.0,14.46,18.149046768321064,98.96700360505936
2022,PE,Ipespe,PE016472022,2022-09-25,45,RAQUEL LYRA,PSDB,12.0,83.0,14.46,20.581967445394554,98.96700360505936
2022,PE,Ipespe,PE016472022,2022-09-25,44,MIGUEL COELHO,UNIÃO,11.0,83.0,13.25,18.0414230147658,98.96700360505936
2022,PE,Ipespe,PE016472022,2022-09-25,14,PASTOR WELLINGTON,PTB,1.0,83.0,1.2,0.16350492584073031,98.96700360505936
2022,PE,Opinião Pesquisas (PB),PE047852022,2022-09-28,77,MARÍLIA ARRAES,SOLIDARIEDADE,34.1,86.3,39.51,23.968170769274366,100.0
2022,PE,Opinião Pesquisas (PB),PE047852022,2022-09-28,45,RAQUEL LYRA,PSDB,14.9,86.3,17.27,20.581967445394554,100.0
2022,PE,Opinião Pesquisas (PB),PE047852022,2022-09-28,44,MIGUEL COELHO,UNIÃO,13.5,86.3,15.64,18.0414230147658,100.0
2022,PE,Opinião Pesquisas (PB),PE047852022,2022-09-28,22,ANDERSON FERREIRA,PL,13.0,86.3,15.06,18.149046768321064,100.0
2022,PE,Opinião Pesquisas (PB),PE047852022,2022-09-28,40,DANILO CABRAL,PSB,9.3,86.3,10.78,18.062890681462843,100.0
2022,PE,Opinião Pesquisas (PB),PE047852022,2022-09-28,14,PASTOR WELLINGTON,PTB,0.7,86.3,0.81,0.16350492584073031,100.0
2022,PE,Opinião Pesquisas (PB),PE047852022,2022-09-28,35,JADILSON BOMBEIRO,PMB,0.3,86.3,0.35,0.049642705040171854,100.0
2022,PE,Opinião Pesquisas (PB),PE047852022,2022-09-28,16,CLAUDIA RIBEIRO,PSTU,0.2,86.3,0.23,0.035575573016468125,100.0
2022,PE,Opinião Pesquisas (PB),PE047852022,2022-09-28,50,JOÃO ARNALDO,PSOL,0.2,86.3,0.23,0.25602180283140785,100.0
2022,PE,Opinião Pesquisas (PB),PE047852022,2022-09-28,21,JONES MANOEL,PCB,0.1,86.3,0.12,0.691756314052596,100.0
2022,PE,Potencial,PE039582022,2022-09-29,77,MARÍLIA ARRAES,SOLIDARIEDADE,31.2,85.4,36.53,23.968170769274366,99.65875991911196
2022,PE,Potencial,PE039582022,2022-09-29,22,ANDERSON FERREIRA,PL,17.2,85.4,20.14,18.149046768321064,99.65875991911196
2022,PE,Potencial,PE039582022,2022-09-29,45,RAQUEL LYRA,PSDB,13.9,85.4,16.28,20.581967445394554,99.65875991911196
2022,PE,Potencial,PE039582022,2022-09-29,40,DANILO CABRAL,PSB,11.5,85.4,13.47,18.062890681462843,99.65875991911196
2022,PE,Potencial,PE039582022,2022-09-29,44,MIGUEL COELHO,UNIÃO,11.0,85.4,12.88,18.0414230147658,99.65875991911196
2022,PE,Potencial,PE039582022,2022-09-29,21,JONES MANOEL,PCB,0.3,85.4,0.35,0.691756314052596,99.65875991911196
2022,PE,Potencial,PE039582022,2022-09-29,14,PASTOR WELLINGTON,PTB,0.3,85.4,0.35,0.16350492584073031,99.65875991911196
2022,PI,Census Pesquisas,PI067302022,2022-09-25,13,RAFAEL FONTELES,PT,41.23,79.31,51.99,57.620304207618055,99.92636888002674
2022,PI,Census Pesquisas,PI067302022,2022-09-25,44,SILVIO MENDES,UNIÃO,35.38,79.31,44.61,41.94679647790059,99.92636888002674
2022,PI,Census Pesquisas,PI067302022,2022-09-25,20,GESSY LIMA,PSC,0.6,79.31,0.76,0.0,99.92636888002674
2022,PI,Census Pesquisas,PI067302022,2022-09-25,51,GUSTAVO HENRIQUE,PATRIOTA,0.2,79.31,0.25,0.05306607734212842,99.92636888002674
2022,PI,Census Pesquisas,PI067302022,2022-09-25,29,LOURDES  MELO,PCO,0.2,79.31,0.25,0.0,99.92636888002674
2022,PI,Census Pesquisas,PI067302022,2022-09-25,33,RAVENNA CASTRO,PMN,0.1,79.31,0.13,0.06030001193599208,99.92636888002674
2022,PI,Census Pesquisas,PI067302022,2022-09-25,50,MADALENA NUNES,PSOL,0.05,79.31,0.06,0.2459021052299797,99.92636888002674
2022,PI,Datamax,PI097012022,2022-09-30,13,RAFAEL FONTELES,PT,49.4,87.6,56.39,57.620304207618055,99.939699988064
2022,PI,Datamax,PI097012022,2022-09-30,44,SILVIO MENDES,UNIÃO,34.25,87.6,39.1,41.94679647790059,99.939699988064
2022,PI,Datamax,PI097012022,2022-09-30,20,GESSY LIMA,PSC,1.15,87.6,1.31,0.0,99.939699988064
2022,PI,Datamax,PI097012022,2022-09-30,29,LOURDES  MELO,PCO,0.2,87.6,0.23,0.0,99.939699988064
2022,PI,Datamax,PI097012022,2022-09-30,51,GUSTAVO HENRIQUE,PATRIOTA,0.2,87.6,0.23,0.05306607734212842,99.939699988064
2022,PI,Datamax,PI097012022,2022-09-30,50,MADALENA NUNES,PSOL,0.15,87.6,0.17,0.2459021052299797,99.939699988064
2022,PI,Datamax,PI097012022,2022-09-30,16,GERALDO CARVALHO,PSTU,0.1,87.6,0.11,0.07363111997325511,99.939699988064
2022,PI,IPPI Pesquisas e Consultoria,PI003802022,2022-09-29,13,RAFAEL FONTELES,PT,44.6,84.7,52.66,57.620304207618055,100.0
2022,PI,IPPI Pesquisas e Consultoria,PI003802022,2022-09-29,44,SILVIO MENDES,UNIÃO,36.6,84.7,43.21,41.94679647790059,100.0
2022,PI,IPPI Pesquisas e Consultoria,PI003802022,2022-09-29,20,GESSY LIMA,PSC,1.35,84.7,1.59,0.0,100.0
2022,PI,IPPI Pesquisas e Consultoria,PI003802022,2022-09-29,51,GUSTAVO HENRIQUE,PATRIOTA,0.45,84.7,0.53,0.05306607734212842,100.0
2022,PI,IPPI Pesquisas e Consultoria,PI003802022,2022-09-29,16,GERALDO CARVALHO,PSTU,0.35,84.7,0.41,0.07363111997325511,100.0
2022,PI,IPPI Pesquisas e Consultoria,PI003802022,2022-09-29,29,LOURDES  MELO,PCO,0.25,84.7,0.3,0.0,100.0
2022,PI,IPPI Pesquisas e Consultoria,PI003802022,2022-09-29,50,MADALENA NUNES,PSOL,0.15,84.7,0.18,0.2459021052299797,100.0
2022,PI,IPPI Pesquisas e Consultoria,PI003802022,2022-09-29,33,RAVENNA CASTRO,PMN,0.05,84.7,0.06,0.06030001193599208,100.0
2022,PI,Instituto Credibilidade,PI017642022,2022-09-27,44,SILVIO MENDES,UNIÃO,48.23,87.74,54.97,41.94679647790059,99.56710068551865
2022,PI,Instituto Credibilidade,PI017642022,2022-09-27,13,RAFAEL FONTELES,PT,35.51,87.74,40.47,57.620304207618055,99.56710068551865
2022,PI,Instituto Credibilidade,PI017642022,2022-09-27,20,GESSY LIMA,PSC,1.49,87.74,1.7,0.0,99.56710068551865
2022,PI,Instituto GP1,PI064542022,2022-09-28,44,SILVIO MENDES,UNIÃO,38.61,79.89,48.33,41.94679647790059,100.0
2022,PI,Instituto GP1,PI064542022,2022-09-28,13,RAFAEL FONTELES,PT,37.94,79.89,47.49,57.620304207618055,100.0
2022,PI,Instituto GP1,PI064542022,2022-09-28,20,GESSY LIMA,PSC,1.28,79.89,1.6,0.0,100.0
2022,PI,Instituto GP1,PI064542022,2022-09-28,16,GERALDO CARVALHO,PSTU,0.33,79.89,0.41,0.07363111997325511,100.0
2022,PI,Instituto GP1,PI064542022,2022-09-28,29,LOURDES  MELO,PCO,0.28,79.89,0.35,0.0,100.0
2022,PI,Instituto GP1,PI064542022,2022-09-28,50,MADALENA NUNES,PSOL,0.28,79.89,0.35,0.2459021052299797,100.0
2022,PI,Instituto GP1,PI064542022,2022-09-28,51,GUSTAVO HENRIQUE,PATRIOTA,0.22,79.89,0.28,0.05306607734212842,100.0
2022,PI,Instituto GP1,PI064542022,2022-09-28,33,RAVENNA CASTRO,PMN,0.17,79.89,0.21,0.06030001193599208,100.0
2022,PI,Ipec (antigo Ibope),PI071822022,2022-09-30,44,SILVIO MENDES,UNIÃO,44.0,91.0,48.35,41.94679647790059,99.92636888002674
2022,PI,Ipec (antigo Ibope),PI071822022,2022-09-30,13,RAFAEL FONTELES,PT,42.0,91.0,46.15,57.620304207618055,99.92636888002674
2022,PI,Ipec (antigo Ibope),PI071822022,2022-09-30,51,GUSTAVO HENRIQUE,PATRIOTA,1.0,91.0,1.1,0.05306607734212842,99.92636888002674
2022,PI,Ipec (antigo Ibope),PI071822022,2022-09-30,20,GESSY LIMA,PSC,1.0,91.0,1.1,0.0,99.92636888002674
2022,PI,Ipec (antigo Ibope),PI071822022,2022-09-30,33,RAVENNA CASTRO,PMN,1.0,91.0,1.1,0.06030001193599208,99.92636888002674
2022,PI,Ipec (antigo Ibope),PI071822022,2022-09-30,50,MADALENA NUNES,PSOL,1.0,91.0,1.1,0.2459021052299797,99.92636888002674
2022,PI,Paraná Pesquisas,PI003242022,2022-09-25,44,SILVIO MENDES,UNIÃO,45.1,84.4,53.44,41.94679647790059,99.56710068551865
2022,PI,Paraná Pesquisas,PI003242022,2022-09-25,13,RAFAEL FONTELES,PT,34.0,84.4,40.28,57.620304207618055,99.56710068551865
2022,PI,Paraná Pesquisas,PI003242022,2022-09-25,20,GESSY LIMA,PSC,1.4,84.4,1.66,0.0,99.56710068551865
2022,PI,Paraná Pesquisas,PI003242022,2022-09-25,29,LOURDES  MELO,PCO,1.0,84.4,1.18,0.0,99.56710068551865
2022,PI,Real Time Big Data,PI018322022,2022-09-27,44,SILVIO MENDES,UNIÃO,45.0,89.0,50.56,41.94679647790059,99.56710068551865
2022,PI,Real Time Big Data,PI018322022,2022-09-27,13,RAFAEL FONTELES,PT,39.0,89.0,43.82,57.620304207618055,99.56710068551865
2022,PI,Real Time Big Data,PI018322022,2022-09-27,29,LOURDES  MELO,PCO,1.0,89.0,1.12,0.0,99.56710068551865
2022,PI,Real Time Big Data,PI018322022,2022-09-27,20,GESSY LIMA,PSC,1.0,89.0,1.12,0.0,99.56710068551865
2022,PR,AtlasIntel,PR002492022,2022-09-29,55,CARLOS MASSA RATINHO JUNIOR,PSD,58.6,93.2,62.88,69.76206082971188,100.0
2022,PR,AtlasIntel,PR002492022,2022-09-29,13,REQUIÃO,PT,25.7,93.2,27.58,26.275355235107284,100.0
2022,PR,AtlasIntel,PR002492022,2022-09-29,12,GOMYDE,PDT,3.7,93.2,3.97,2.087045815378196,100.0
2022,PR,AtlasIntel,PR002492022,2022-09-29,50,PROFESSORA ANGELA,PSOL,2.0,93.2,2.15,0.70983725333624,100.0
2022,PR,AtlasIntel,PR002492022,2022-09-29,27,JONI CORREIA,DC,1.4,93.2,1.5,0.8340127391257671,100.0
2022,PR,AtlasIntel,PR002492022,2022-09-29,29,ADRIANO TEIXEIRA,PCO,1.1,93.2,1.18,0.034459396030034256,100.0
2022,PR,AtlasIntel,PR002492022,2022-09-29,33,SOLANGE FERREIRA BUENO,PMN,0.5,93.2,0.54,0.0,100.0
2022,PR,AtlasIntel,PR002492022,2022-09-29,16,PROFESSOR IVAN,PSTU,0.1,93.2,0.11,0.07401536303779305,100.0
2022,PR,AtlasIntel,PR002492022,2022-09-29,21,VIVI MOTTA,PCB,0.1,93.2,0.11,0.22321336827279348,100.0
2022,PR,IRG Consultoria,PR099422022,2022-09-30,55,CARLOS MASSA RATINHO JUNIOR,PSD,65.7,91.0,72.2,69.76206082971188,100.0
2022,PR,IRG Consultoria,PR099422022,2022-09-30,13,REQUIÃO,PT,22.1,91.0,24.29,26.275355235107284,100.0
2022,PR,IRG Consultoria,PR099422022,2022-09-30,12,GOMYDE,PDT,1.1,91.0,1.21,2.087045815378196,100.0
2022,PR,IRG Consultoria,PR099422022,2022-09-30,50,PROFESSORA ANGELA,PSOL,1.0,91.0,1.1,0.70983725333624,100.0
2022,PR,IRG Consultoria,PR099422022,2022-09-30,33,SOLANGE FERREIRA BUENO,PMN,0.4,91.0,0.44,0.0,100.0
2022,PR,IRG Consultoria,PR099422022,2022-09-30,27,JONI CORREIA,DC,0.3,91.0,0.33,0.8340127391257671,100.0
2022,PR,IRG Consultoria,PR099422022,2022-09-30,16,PROFESSOR IVAN,PSTU,0.2,91.0,0.22,0.07401536303779305,100.0
2022,PR,IRG Consultoria,PR099422022,2022-09-30,29,ADRIANO TEIXEIRA,PCO,0.1,91.0,0.11,0.034459396030034256,100.0
2022,PR,IRG Consultoria,PR099422022,2022-09-30,21,VIVI MOTTA,PCB,0.1,91.0,0.11,0.22321336827279348,100.0
2022,PR,Ipec (antigo Ibope),PR020842022,2022-10-01,55,CARLOS MASSA RATINHO JUNIOR,PSD,55.0,88.0,62.5,69.76206082971188,99.16598726087423
2022,PR,Ipec (antigo Ibope),PR020842022,2022-10-01,13,REQUIÃO,PT,26.0,88.0,29.55,26.275355235107284,99.16598726087423
2022,PR,Ipec (antigo Ibope),PR020842022,2022-10-01,12,GOMYDE,PDT,2.0,88.0,2.27,2.087045815378196,99.16598726087423
2022,PR,Ipec (antigo Ibope),PR020842022,2022-10-01,50,PROFESSORA ANGELA,PSOL,1.0,88.0,1.14,0.70983725333624,99.16598726087423
2022,PR,Ipec (antigo Ibope),PR020842022,2022-10-01,16,PROFESSOR IVAN,PSTU,1.0,88.0,1.14,0.07401536303779305,99.16598726087423
2022,PR,Ipec (antigo Ibope),PR020842022,2022-10-01,29,ADRIANO TEIXEIRA,PCO,1.0,88.0,1.14,0.034459396030034256,99.16598726087423
2022,PR,Ipec (antigo Ibope),PR020842022,2022-10-01,21,VIVI MOTTA,PCB,1.0,88.0,1.14,0.22321336827279348,99.16598726087423
2022,PR,Ipec (antigo Ibope),PR020842022,2022-10-01,33,SOLANGE FERREIRA BUENO,PMN,1.0,88.0,1.14,0.0,99.16598726087423
2022,PR,Paraná Pesquisas,PR041472022,2022-09-28,55,CARLOS MASSA RATINHO JUNIOR,PSD,60.8,89.0,68.31,69.76206082971188,100.0
2022,PR,Paraná Pesquisas,PR041472022,2022-09-28,13,REQUIÃO,PT,22.9,89.0,25.73,26.275355235107284,100.0
2022,PR,Paraná Pesquisas,PR041472022,2022-09-28,12,GOMYDE,PDT,2.5,89.0,2.81,2.087045815378196,100.0
2022,PR,Paraná Pesquisas,PR041472022,2022-09-28,50,PROFESSORA ANGELA,PSOL,1.2,89.0,1.35,0.70983725333624,100.0
2022,PR,Paraná Pesquisas,PR041472022,2022-09-28,29,ADRIANO TEIXEIRA,PCO,0.6,89.0,0.67,0.034459396030034256,100.0
2022,PR,Paraná Pesquisas,PR041472022,2022-09-28,33,SOLANGE FERREIRA BUENO,PMN,0.5,89.0,0.56,0.0,100.0
2022,PR,Paraná Pesquisas,PR041472022,2022-09-28,27,JONI CORREIA,DC,0.3,89.0,0.34,0.8340127391257671,100.0
2022,PR,Paraná Pesquisas,PR041472022,2022-09-28,21,VIVI MOTTA,PCB,0.1,89.0,0.11,0.22321336827279348,100.0
2022,PR,Paraná Pesquisas,PR041472022,2022-09-28,16,PROFESSOR IVAN,PSTU,0.1,89.0,0.11,0.07401536303779305,100.0
2022,PR,Radar Inteligência,PR021612022,2022-09-28,55,CARLOS MASSA RATINHO JUNIOR,PSD,58.8,82.69999999999999,71.1,69.76206082971188,96.03741606481917
2022,PR,Radar Inteligência,PR021612022,2022-09-28,13,REQUIÃO,PT,23.9,82.69999999999999,28.9,26.275355235107284,96.03741606481917
2022,RJ,AtlasIntel,RJ022302022,2022-09-30,22,CLÁUDIO CASTRO,PL,37.6,85.7,43.87,58.68718368205927,100.0
2022,RJ,AtlasIntel,RJ022302022,2022-09-30,40,MARCELO FREIXO,PSB,29.2,85.7,34.07,27.389482299765195,100.0
2022,RJ,AtlasIntel,RJ022302022,2022-09-30,12,RODRIGO NEVES,PDT,11.6,85.7,13.54,8.002547803453938,100.0
2022,RJ,AtlasIntel,RJ022302022,2022-09-30,30,PAULO GANIME ,NOVO,4.6,85.7,5.37,5.315819783496224,100.0
2022,RJ,AtlasIntel,RJ022302022,2022-09-30,80,JULIETE,UP,1.3,85.7,1.52,0.32548653356603685,100.0
2022,RJ,AtlasIntel,RJ022302022,2022-09-30,16,CYRO GARCIA,PSTU,0.4,85.7,0.47,0.15030421516012094,100.0
2022,RJ,AtlasIntel,RJ022302022,2022-09-30,21,EDUARDO SERRA,PCB,0.1,85.7,0.12,0.12917568249921854,100.0
2022,RJ,Datafolha,RJ075992022,2022-10-01,22,CLÁUDIO CASTRO,PL,37.0,83.0,44.58,58.68718368205927,100.0
2022,RJ,Datafolha,RJ075992022,2022-10-01,40,MARCELO FREIXO,PSB,29.0,83.0,34.94,27.389482299765195,100.0
2022,RJ,Datafolha,RJ075992022,2022-10-01,12,RODRIGO NEVES,PDT,8.0,83.0,9.64,8.002547803453938,100.0
2022,RJ,Datafolha,RJ075992022,2022-10-01,30,PAULO GANIME ,NOVO,3.0,83.0,3.61,5.315819783496224,100.0
2022,RJ,Datafolha,RJ075992022,2022-10-01,21,EDUARDO SERRA,PCB,2.0,83.0,2.41,0.12917568249921854,100.0
2022,RJ,Datafolha,RJ075992022,2022-10-01,16,CYRO GARCIA,PSTU,1.0,83.0,1.2,0.15030421516012094,100.0
2022,RJ,Datafolha,RJ075992022,2022-10-01,80,JULIETE,UP,1.0,83.0,1.2,0.32548653356603685,100.0
2022,RJ,Futura,RJ008622022,2022-09-24,22,CLÁUDIO CASTRO,PL,39.4,74.7,52.74,58.68718368205927,100.0
2022,RJ,Futura,RJ008622022,2022-09-24,40,MARCELO FREIXO,PSB,22.8,74.7,30.52,27.389482299765195,100.0
2022,RJ,Futura,RJ008622022,2022-09-24,12,RODRIGO NEVES,PDT,5.6,74.7,7.5,8.002547803453938,100.0
2022,RJ,Futura,RJ008622022,2022-09-24,16,CYRO GARCIA,PSTU,2.1,74.7,2.81,0.15030421516012094,100.0
2022,RJ,Futura,RJ008622022,2022-09-24,30,PAULO GANIME ,NOVO,1.5,74.7,2.01,5.315819783496224,100.0
2022,RJ,Futura,RJ008622022,2022-09-24,21,EDUARDO SERRA,PCB,1.1,74.7,1.47,0.12917568249921854,100.0
2022,RJ,Futura,RJ008622022,2022-09-24,80,JULIETE,UP,0.6,74.7,0.8,0.32548653356603685,100.0
2022,RJ,Intelligence Pesquisa e Comunicação,RJ076402022,2022-09-25,22,CLÁUDIO CASTRO,PL,40.0,77.0,51.95,58.68718368205927,100.0
2022,RJ,Intelligence Pesquisa e Comunicação,RJ076402022,2022-09-25,40,MARCELO FREIXO,PSB,26.0,77.0,33.77,27.389482299765195,100.0
2022,RJ,Intelligence Pesquisa e Comunicação,RJ076402022,2022-09-25,12,RODRIGO NEVES,PDT,5.0,77.0,6.49,8.002547803453938,100.0
2022,RJ,Intelligence Pesquisa e Comunicação,RJ076402022,2022-09-25,16,CYRO GARCIA,PSTU,2.0,77.0,2.6,0.15030421516012094,100.0
2022,RJ,Intelligence Pesquisa e Comunicação,RJ076402022,2022-09-25,30,PAULO GANIME ,NOVO,2.0,77.0,2.6,5.315819783496224,100.0
2022,RJ,Intelligence Pesquisa e Comunicação,RJ076402022,2022-09-25,21,EDUARDO SERRA,PCB,1.0,77.0,1.3,0.12917568249921854,100.0
2022,RJ,Intelligence Pesquisa e Comunicação,RJ076402022,2022-09-25,80,JULIETE,UP,1.0,77.0,1.3,0.32548653356603685,100.0
2022,RJ,Ipec (antigo Ibope),RJ015262022,2022-10-01,22,CLÁUDIO CASTRO,PL,36.0,78.0,46.15,58.68718368205927,100.0
2022,RJ,Ipec (antigo Ibope),RJ015262022,2022-10-01,40,MARCELO FREIXO,PSB,22.0,78.0,28.21,27.389482299765195,100.0
2022,RJ,Ipec (antigo Ibope),RJ015262022,2022-10-01,12,RODRIGO NEVES,PDT,9.0,78.0,11.54,8.002547803453938,100.0
2022,RJ,Ipec (antigo Ibope),RJ015262022,2022-10-01,16,CYRO GARCIA,PSTU,3.0,78.0,3.85,0.15030421516012094,100.0
2022,RJ,Ipec (antigo Ibope),RJ015262022,2022-10-01,30,PAULO GANIME ,NOVO,3.0,78.0,3.85,5.315819783496224,100.0
2022,RJ,Ipec (antigo Ibope),RJ015262022,2022-10-01,80,JULIETE,UP,2.0,78.0,2.56,0.32548653356603685,100.0
2022,RJ,Ipec (antigo Ibope),RJ015262022,2022-10-01,21,EDUARDO SERRA,PCB,1.0,78.0,1.28,0.12917568249921854,100.0
2022,RJ,Prefab Future,RJ073802022,2022-09-26,22,CLÁUDIO CASTRO,PL,38.0,71.7,53.0,58.68718368205927,100.0
2022,RJ,Prefab Future,RJ073802022,2022-09-26,40,MARCELO FREIXO,PSB,22.0,71.7,30.68,27.389482299765195,100.0
2022,RJ,Prefab Future,RJ073802022,2022-09-26,12,RODRIGO NEVES,PDT,7.0,71.7,9.76,8.002547803453938,100.0
2022,RJ,Prefab Future,RJ073802022,2022-09-26,30,PAULO GANIME ,NOVO,1.8,71.7,2.51,5.315819783496224,100.0
2022,RJ,Prefab Future,RJ073802022,2022-09-26,16,CYRO GARCIA,PSTU,1.5,71.7,2.09,0.15030421516012094,100.0
2022,RJ,Prefab Future,RJ073802022,2022-09-26,21,EDUARDO SERRA,PCB,0.7,71.7,0.98,0.12917568249921854,100.0
2022,RJ,Prefab Future,RJ073802022,2022-09-26,80,JULIETE,UP,0.5,71.7,0.7,0.32548653356603685,100.0
2022,RJ,Quaest,RJ058212022,2022-10-01,22,CLÁUDIO CASTRO,PL,48.0,100.0,48.0,58.68718368205927,99.87082431750079
2022,RJ,Quaest,RJ058212022,2022-10-01,40,MARCELO FREIXO,PSB,32.0,100.0,32.0,27.389482299765195,99.87082431750079
2022,RJ,Quaest,RJ058212022,2022-10-01,12,RODRIGO NEVES,PDT,10.0,100.0,10.0,8.002547803453938,99.87082431750079
2022,RJ,Quaest,RJ058212022,2022-10-01,30,PAULO GANIME ,NOVO,5.0,100.0,5.0,5.315819783496224,99.87082431750079
2022,RJ,Quaest,RJ058212022,2022-10-01,16,CYRO GARCIA,PSTU,2.0,100.0,2.0,0.15030421516012094,99.87082431750079
2022,RJ,Quaest,RJ058212022,2022-10-01,80,JULIETE,UP,1.0,100.0,1.0,0.32548653356603685,99.87082431750079
2022,RN,Agorasei Pesquisa,RN023422022,2022-09-28,13,FATIMA BEZERRA,PT,48.0,83.7,57.35,58.311162433145576,99.87041915303334
2022,RN,Agorasei Pesquisa,RN023422022,2022-09-28,19,CAPITÃO STYVENSON,PODE,16.9,83.7,20.19,16.80340999926735,99.87041915303334
2022,RN,Agorasei Pesquisa,RN023422022,2022-09-28,77,FABIO DANTAS,SOLIDARIEDADE,14.8,83.7,17.68,22.22344330755932,99.87041915303334
2022,RN,Agorasei Pesquisa,RN023422022,2022-09-28,35,CLORISA LINHARES,PMB,1.6,83.7,1.91,2.1329444814415077,99.87041915303334
2022,RN,Agorasei Pesquisa,RN023422022,2022-09-28,16,ROSÁLIA FERNANDES,PSTU,1.1,83.7,1.31,0.13324410297795375,99.87041915303334
2022,RN,Agorasei Pesquisa,RN023422022,2022-09-28,50,DANNIEL MORAIS,PSOL,1.0,83.7,1.19,0.2018071333982878,99.87041915303334
2022,RN,Agorasei Pesquisa,RN023422022,2022-09-28,28,BENTO,PRTB,0.3,83.7,0.36,0.06440769524334408,99.87041915303334
2022,RN,Conectar,RN032132022,2022-09-24,13,FATIMA BEZERRA,PT,51.0,82.0,62.2,58.311162433145576,99.92755501171695
2022,RN,Conectar,RN032132022,2022-09-24,19,CAPITÃO STYVENSON,PODE,15.0,82.0,18.29,16.80340999926735,99.92755501171695
2022,RN,Conectar,RN032132022,2022-09-24,77,FABIO DANTAS,SOLIDARIEDADE,10.0,82.0,12.2,22.22344330755932,99.92755501171695
2022,RN,Conectar,RN032132022,2022-09-24,16,ROSÁLIA FERNANDES,PSTU,2.0,82.0,2.44,0.13324410297795375,99.92755501171695
2022,RN,Conectar,RN032132022,2022-09-24,35,CLORISA LINHARES,PMB,1.0,82.0,1.22,2.1329444814415077,99.92755501171695
2022,RN,Conectar,RN032132022,2022-09-24,27,RODRIGO VIEIRA,DC,1.0,82.0,1.22,0.057135858683611686,99.92755501171695
2022,RN,Conectar,RN032132022,2022-09-24,28,BENTO,PRTB,1.0,82.0,1.22,0.06440769524334408,99.92755501171695
2022,RN,Conectar,RN032132022,2022-09-24,50,DANNIEL MORAIS,PSOL,1.0,82.0,1.22,0.2018071333982878,99.92755501171695
2022,RN,Consult Pesquisa (RN),RN077072022,2022-09-28,13,FATIMA BEZERRA,PT,43.11,79.16,54.46,58.311162433145576,99.47096022141376
2022,RN,Consult Pesquisa (RN),RN077072022,2022-09-28,77,FABIO DANTAS,SOLIDARIEDADE,17.83,79.16,22.52,22.22344330755932,99.47096022141376
2022,RN,Consult Pesquisa (RN),RN077072022,2022-09-28,19,CAPITÃO STYVENSON,PODE,17.0,79.16,21.48,16.80340999926735,99.47096022141376
2022,RN,Consult Pesquisa (RN),RN077072022,2022-09-28,35,CLORISA LINHARES,PMB,1.22,79.16,1.54,2.1329444814415077,99.47096022141376
2022,RN,Exatus Consultoria (RN),RN073222022,2022-09-27,13,FATIMA BEZERRA,PT,46.5,71.3,65.22,58.311162433145576,99.47096022141375
2022,RN,Exatus Consultoria (RN),RN073222022,2022-09-27,77,FABIO DANTAS,SOLIDARIEDADE,12.55,71.3,17.6,22.22344330755932,99.47096022141375
2022,RN,Exatus Consultoria (RN),RN073222022,2022-09-27,19,CAPITÃO STYVENSON,PODE,11.15,71.3,15.64,16.80340999926735,99.47096022141375
2022,RN,Exatus Consultoria (RN),RN073222022,2022-09-27,35,CLORISA LINHARES,PMB,1.1,71.3,1.54,2.1329444814415077,99.47096022141375
2022,RN,Ipec (antigo Ibope),RN044522022,2022-10-01,13,FATIMA BEZERRA,PT,55.0,91.0,60.44,58.311162433145576,99.87041915303334
2022,RN,Ipec (antigo Ibope),RN044522022,2022-10-01,19,CAPITÃO STYVENSON,PODE,16.0,91.0,17.58,16.80340999926735,99.87041915303334
2022,RN,Ipec (antigo Ibope),RN044522022,2022-10-01,77,FABIO DANTAS,SOLIDARIEDADE,16.0,91.0,17.58,22.22344330755932,99.87041915303334
2022,RN,Ipec (antigo Ibope),RN044522022,2022-10-01,35,CLORISA LINHARES,PMB,1.0,91.0,1.1,2.1329444814415077,99.87041915303334
2022,RN,Ipec (antigo Ibope),RN044522022,2022-10-01,16,ROSÁLIA FERNANDES,PSTU,1.0,91.0,1.1,0.13324410297795375,99.87041915303334
2022,RN,Ipec (antigo Ibope),RN044522022,2022-10-01,50,DANNIEL MORAIS,PSOL,1.0,91.0,1.1,0.2018071333982878,99.87041915303334
2022,RN,Ipec (antigo Ibope),RN044522022,2022-10-01,28,BENTO,PRTB,1.0,91.0,1.1,0.06440769524334408,99.87041915303334
2022,RN,Item Pesquisas,RN004722022,2022-09-25,13,FATIMA BEZERRA,PT,46.0,89.0,51.69,58.311162433145576,99.87041915303334
2022,RN,Item Pesquisas,RN004722022,2022-09-25,19,CAPITÃO STYVENSON,PODE,19.5,89.0,21.91,16.80340999926735,99.87041915303334
2022,RN,Item Pesquisas,RN004722022,2022-09-25,77,FABIO DANTAS,SOLIDARIEDADE,19.0,89.0,21.35,22.22344330755932,99.87041915303334
2022,RN,Item Pesquisas,RN004722022,2022-09-25,35,CLORISA LINHARES,PMB,2.0,89.0,2.25,2.1329444814415077,99.87041915303334
2022,RN,Item Pesquisas,RN004722022,2022-09-25,50,DANNIEL MORAIS,PSOL,1.0,89.0,1.12,0.2018071333982878,99.87041915303334
2022,RN,Item Pesquisas,RN004722022,2022-09-25,28,BENTO,PRTB,1.0,89.0,1.12,0.06440769524334408,99.87041915303334
2022,RN,Item Pesquisas,RN004722022,2022-09-25,16,ROSÁLIA FERNANDES,PSTU,0.5,89.0,0.56,0.13324410297795375,99.87041915303334
2022,RO,Ipec (antigo Ibope),RO053402022,2022-09-29,44,CORONEL MARCOS ROCHA,UNIÃO,40.0,92.0,43.48,38.884465899536075,100.0
2022,RO,Ipec (antigo Ibope),RO053402022,2022-09-29,22,MARCOS ROGERIO,PL,25.0,92.0,27.17,37.047468410252186,100.0
2022,RO,Ipec (antigo Ibope),RO053402022,2022-09-29,19,LÉO MORAES,PODE,18.0,92.0,19.57,14.062714983742085,100.0
2022,RO,Ipec (antigo Ibope),RO053402022,2022-09-29,77,DANIEL PEREIRA,SOLIDARIEDADE,6.0,92.0,6.52,9.57494223000982,100.0
2022,RO,Ipec (antigo Ibope),RO053402022,2022-09-29,50,PIMENTA DE RONDONIA,PSOL,3.0,92.0,3.26,0.4304084764598315,100.0
2022,RS,AtlasIntel,RS010262022,2022-09-30,45,EDUARDO LEITE,PSDB,31.3,92.6,33.8,26.809106766154006,99.93697679760578
2022,RS,AtlasIntel,RS010262022,2022-09-30,22,ONYX LORENZONI,PL,30.4,92.6,32.83,37.502599726778755,99.93697679760578
2022,RS,AtlasIntel,RS010262022,2022-09-30,13,EDEGAR PRETTO,PT,20.9,92.6,22.57,26.770675680207393,99.93697679760578
2022,RS,AtlasIntel,RS010262022,2022-09-30,11,LUIS CARLOS HEINZE,PP,4.5,92.6,4.86,4.275123751717866,99.93697679760578
2022,RS,AtlasIntel,RS010262022,2022-09-30,12,VIEIRA DA CUNHA,PDT,3.0,92.6,3.24,1.5997628324954118,99.93697679760578
2022,RS,AtlasIntel,RS010262022,2022-09-30,20,ARGENTA,PSC,1.5,92.6,1.62,1.997896917467944,99.93697679760578
2022,RS,AtlasIntel,RS010262022,2022-09-30,30,RICARDO JOBIM,NOVO,0.6,92.6,0.65,0.6122366403957158,99.93697679760578
2022,RS,AtlasIntel,RS010262022,2022-09-30,16,REJANE DE OLIVEIRA,PSTU,0.3,92.6,0.32,0.09843144176084592,99.93697679760578
2022,RS,AtlasIntel,RS010262022,2022-09-30,40,VICENTE BOGO,PSB,0.1,92.6,0.11,0.2711430406278452,99.93697679760578
2022,RS,Ipec (antigo Ibope),RS044272022,2022-09-30,45,EDUARDO LEITE,PSDB,36.0,91.0,39.56,26.809106766154006,99.90156855823915
2022,RS,Ipec (antigo Ibope),RS044272022,2022-09-30,22,ONYX LORENZONI,PL,27.0,91.0,29.67,37.502599726778755,99.90156855823915
2022,RS,Ipec (antigo Ibope),RS044272022,2022-09-30,13,EDEGAR PRETTO,PT,18.0,91.0,19.78,26.770675680207393,99.90156855823915
2022,RS,Ipec (antigo Ibope),RS044272022,2022-09-30,11,LUIS CARLOS HEINZE,PP,4.0,91.0,4.4,4.275123751717866,99.90156855823915
2022,RS,Ipec (antigo Ibope),RS044272022,2022-09-30,20,ARGENTA,PSC,2.0,91.0,2.2,1.997896917467944,99.90156855823915
2022,RS,Ipec (antigo Ibope),RS044272022,2022-09-30,12,VIEIRA DA CUNHA,PDT,1.0,91.0,1.1,1.5997628324954118,99.90156855823915
2022,RS,Ipec (antigo Ibope),RS044272022,2022-09-30,30,RICARDO JOBIM,NOVO,1.0,91.0,1.1,0.6122366403957158,99.90156855823915
2022,RS,Ipec (antigo Ibope),RS044272022,2022-09-30,21,CARLOS MESSALLA,PCB,1.0,91.0,1.1,0.06302320239422045,99.90156855823915
2022,RS,Ipec (antigo Ibope),RS044272022,2022-09-30,40,VICENTE BOGO,PSB,1.0,91.0,1.1,0.2711430406278452,99.90156855823915
2022,RS,Real Time Big Data,RS051622022,2022-09-29,45,EDUARDO LEITE,PSDB,40.0,92.0,43.48,26.809106766154006,99.5674023152171
2022,RS,Real Time Big Data,RS051622022,2022-09-29,22,ONYX LORENZONI,PL,28.0,92.0,30.43,37.502599726778755,99.5674023152171
2022,RS,Real Time Big Data,RS051622022,2022-09-29,13,EDEGAR PRETTO,PT,16.0,92.0,17.39,26.770675680207393,99.5674023152171
2022,RS,Real Time Big Data,RS051622022,2022-09-29,11,LUIS CARLOS HEINZE,PP,4.0,92.0,4.35,4.275123751717866,99.5674023152171
2022,RS,Real Time Big Data,RS051622022,2022-09-29,12,VIEIRA DA CUNHA,PDT,2.0,92.0,2.17,1.5997628324954118,99.5674023152171
2022,RS,Real Time Big Data,RS051622022,2022-09-29,20,ARGENTA,PSC,1.0,92.0,1.09,1.997896917467944,99.5674023152171
2022,RS,Real Time Big Data,RS051622022,2022-09-29,30,RICARDO JOBIM,NOVO,1.0,92.0,1.09,0.6122366403957158,99.5674023152171
2022,SC,AtlasIntel,SC037722022,2022-09-30,22,JORGINHO MELLO,PL,27.6,90.9,30.36,38.61561182085962,100.0
2022,SC,AtlasIntel,SC037722022,2022-09-30,13,DÉCIO LIMA,PT,16.1,90.9,17.71,17.418647236244443,100.0
2022,SC,AtlasIntel,SC037722022,2022-09-30,10,MOISÉS,REPUBLICANOS,15.6,90.9,17.16,16.991474931653165,100.0
2022,SC,AtlasIntel,SC037722022,2022-09-30,44,GEAN LOUREIRO,UNIÃO,14.6,90.9,16.06,13.614601044885069,100.0
2022,SC,AtlasIntel,SC037722022,2022-09-30,11,ESPERIDIÃO AMIN,PP,9.4,90.9,10.34,9.754711012410368,100.0
2022,SC,AtlasIntel,SC037722022,2022-09-30,30,ODAIR TRAMONTIN,NOVO,5.2,90.9,5.72,2.7955490571849264,100.0
2022,SC,AtlasIntel,SC037722022,2022-09-30,12,JORGE BOEIRA,PDT,0.9,90.9,0.99,0.6079113006714247,100.0
2022,SC,AtlasIntel,SC037722022,2022-09-30,90,RALF ZIMMER,PROS,0.9,90.9,0.99,0.09380001043855915,100.0
2022,SC,AtlasIntel,SC037722022,2022-09-30,16,PROFESSOR ALEX ALANO,PSTU,0.5,90.9,0.55,0.10769358565242097,100.0
2022,SC,AtlasIntel,SC037722022,2022-09-30,29,LEANDRO BORGES,PCO,0.1,90.9,0.11,0.0,100.0
2022,SC,Ipec (antigo Ibope),SC076102022,2022-09-30,22,JORGINHO MELLO,PL,25.0,86.0,29.07,38.61561182085962,99.1905951032376
2022,SC,Ipec (antigo Ibope),SC076102022,2022-09-30,10,MOISÉS,REPUBLICANOS,20.0,86.0,23.26,16.991474931653165,99.1905951032376
2022,SC,Ipec (antigo Ibope),SC076102022,2022-09-30,44,GEAN LOUREIRO,UNIÃO,14.0,86.0,16.28,13.614601044885069,99.1905951032376
2022,SC,Ipec (antigo Ibope),SC076102022,2022-09-30,13,DÉCIO LIMA,PT,13.0,86.0,15.12,17.418647236244443,99.1905951032376
2022,SC,Ipec (antigo Ibope),SC076102022,2022-09-30,11,ESPERIDIÃO AMIN,PP,12.0,86.0,13.95,9.754711012410368,99.1905951032376
2022,SC,Ipec (antigo Ibope),SC076102022,2022-09-30,30,ODAIR TRAMONTIN,NOVO,2.0,86.0,2.33,2.7955490571849264,99.1905951032376
2022,SC,Visão Pesquisas (SC),SC044592022,2022-09-26,22,JORGINHO MELLO,PL,21.41,73.73,29.04,38.61561182085962,96.39504604605267
2022,SC,Visão Pesquisas (SC),SC044592022,2022-09-26,13,DÉCIO LIMA,PT,15.19,73.73,20.6,17.418647236244443,96.39504604605267
2022,SC,Visão Pesquisas (SC),SC044592022,2022-09-26,10,MOISÉS,REPUBLICANOS,15.11,73.73,20.49,16.991474931653165,96.39504604605267
2022,SC,Visão Pesquisas (SC),SC044592022,2022-09-26,44,GEAN LOUREIRO,UNIÃO,14.43,73.73,19.57,13.614601044885069,96.39504604605267
2022,SC,Visão Pesquisas (SC),SC044592022,2022-09-26,11,ESPERIDIÃO AMIN,PP,7.59,73.73,10.29,9.754711012410368,96.39504604605267
2022,SE,AtlasIntel,SE016232022,2022-09-30,13,ROGÉRIO CARVALHO,PT,29.0,95.2,30.46,44.699698392216774,100.0
2022,SE,AtlasIntel,SE016232022,2022-09-30,55,FÁBIO,PSD,13.9,95.2,14.6,38.91294538603422,100.0
2022,SE,AtlasIntel,SE016232022,2022-09-30,45,DELEGADO ALESSANDRO,PSDB,10.0,95.2,10.5,10.884135641701564,100.0
2022,SE,AtlasIntel,SE016232022,2022-09-30,50,NIULLY CAMPOS,PSOL,4.8,95.2,5.04,4.92995469286406,100.0
2022,SE,AtlasIntel,SE016232022,2022-09-30,80,PROF AROLDO FELIX,UP,1.6,95.2,1.68,0.13774213721966705,100.0
2022,SE,AtlasIntel,SE016232022,2022-09-30,27,DR CLÁUDIO MÉDICO GERIATRA,DC,0.6,95.2,0.63,0.3502925041362222,100.0
2022,SE,AtlasIntel,SE016232022,2022-09-30,16,ELINOS SABINO,PSTU,0.3,95.2,0.32,0.08523124582749513,100.0
2022,SE,CTAS Tecnologia,SE079522022,2022-09-29,55,FÁBIO,PSD,33.29,69.32,48.02,38.91294538603422,99.91476875417251
2022,SE,CTAS Tecnologia,SE079522022,2022-09-29,13,ROGÉRIO CARVALHO,PT,21.16,69.32,30.53,44.699698392216774,99.91476875417251
2022,SE,CTAS Tecnologia,SE079522022,2022-09-29,45,DELEGADO ALESSANDRO,PSDB,13.58,69.32,19.59,10.884135641701564,99.91476875417251
2022,SE,CTAS Tecnologia,SE079522022,2022-09-29,50,NIULLY CAMPOS,PSOL,1.08,69.32,1.56,4.92995469286406,99.91476875417251
2022,SE,CTAS Tecnologia,SE079522022,2022-09-29,27,DR CLÁUDIO MÉDICO GERIATRA,DC,0.17,69.32,0.25,0.3502925041362222,99.91476875417251
2022,SE,CTAS Tecnologia,SE079522022,2022-09-29,80,PROF AROLDO FELIX,UP,0.04,69.32,0.06,0.13774213721966705,99.91476875417251
2022,SE,Infornews,SE001192022,2022-09-26,55,FÁBIO,PSD,18.48,76.9,24.03,38.91294538603422,100.0
2022,SE,Infornews,SE001192022,2022-09-26,13,ROGÉRIO CARVALHO,PT,17.94,76.9,23.33,44.699698392216774,100.0
2022,SE,Infornews,SE001192022,2022-09-26,45,DELEGADO ALESSANDRO,PSDB,4.13,76.9,5.37,10.884135641701564,100.0
2022,SE,Infornews,SE001192022,2022-09-26,50,NIULLY CAMPOS,PSOL,1.1,76.9,1.43,4.92995469286406,100.0
2022,SE,Infornews,SE001192022,2022-09-26,16,ELINOS SABINO,PSTU,0.19,76.9,0.25,0.08523124582749513,100.0
2022,SE,Infornews,SE001192022,2022-09-26,80,PROF AROLDO FELIX,UP,0.16,76.9,0.21,0.13774213721966705,100.0
2022,SE,Infornews,SE001192022,2022-09-26,27,DR CLÁUDIO MÉDICO GERIATRA,DC,0.06,76.9,0.08,0.3502925041362222,100.0
2022,SE,Ipec (antigo Ibope),SE072002022,2022-09-29,13,ROGÉRIO CARVALHO,PT,17.0,85.0,20.0,44.699698392216774,99.91476875417251
2022,SE,Ipec (antigo Ibope),SE072002022,2022-09-29,55,FÁBIO,PSD,17.0,85.0,20.0,38.91294538603422,99.91476875417251
2022,SE,Ipec (antigo Ibope),SE072002022,2022-09-29,45,DELEGADO ALESSANDRO,PSDB,7.0,85.0,8.24,10.884135641701564,99.91476875417251
2022,SE,Ipec (antigo Ibope),SE072002022,2022-09-29,50,NIULLY CAMPOS,PSOL,2.0,85.0,2.35,4.92995469286406,99.91476875417251
2022,SE,Ipec (antigo Ibope),SE072002022,2022-09-29,80,PROF AROLDO FELIX,UP,1.0,85.0,1.18,0.13774213721966705,99.91476875417251
2022,SE,Ipec (antigo Ibope),SE072002022,2022-09-29,27,DR CLÁUDIO MÉDICO GERIATRA,DC,1.0,85.0,1.18,0.3502925041362222,99.91476875417251
2022,SE,Real Time Big Data,SE048542022,2022-09-27,13,ROGÉRIO CARVALHO,PT,25.0,95.0,26.32,44.699698392216774,99.77702661695284
2022,SE,Real Time Big Data,SE048542022,2022-09-27,55,FÁBIO,PSD,20.0,95.0,21.05,38.91294538603422,99.77702661695284
2022,SE,Real Time Big Data,SE048542022,2022-09-27,45,DELEGADO ALESSANDRO,PSDB,9.0,95.0,9.47,10.884135641701564,99.77702661695284
2022,SE,Real Time Big Data,SE048542022,2022-09-27,50,NIULLY CAMPOS,PSOL,5.0,95.0,5.26,4.92995469286406,99.77702661695284
2022,SE,Real Time Big Data,SE048542022,2022-09-27,27,DR CLÁUDIO MÉDICO GERIATRA,DC,1.0,95.0,1.05,0.3502925041362222,99.77702661695284
2022,SP,AtlasIntel,SP088442022,2022-09-30,13,FERNANDO HADDAD,PT,32.4,85.5,37.89,35.70119476036642,100.0
2022,SP,AtlasIntel,SP088442022,2022-09-30,10,TARCÍSIO,REPUBLICANOS,27.2,85.5,31.81,42.31655824809531,100.0
2022,SP,AtlasIntel,SP088442022,2022-09-30,45,RODRIGO GARCIA,PSDB,22.6,85.5,26.43,18.39753339132272,100.0
2022,SP,AtlasIntel,SP088442022,2022-09-30,30,VINICIUS POIT,NOVO,1.4,85.5,1.64,1.6656597102097934,100.0
2022,SP,AtlasIntel,SP088442022,2022-09-30,12,ELVIS CEZAR,PDT,0.7,85.5,0.82,1.206343684366105,100.0
2022,SP,AtlasIntel,SP088442022,2022-09-30,80,CAROL VIGLIAR,UP,0.4,85.5,0.47,0.38011696282063256,100.0
2022,SP,AtlasIntel,SP088442022,2022-09-30,29,EDSON DORTA,PCO,0.3,85.5,0.35,0.022717006182066034,100.0
2022,SP,AtlasIntel,SP088442022,2022-09-30,27,ANTONIO JORGE,DC,0.2,85.5,0.23,0.046153419911462344,100.0
2022,SP,AtlasIntel,SP088442022,2022-09-30,21,GABRIEL COLOMBO,PCB,0.2,85.5,0.23,0.2000937884767954,100.0
2022,SP,AtlasIntel,SP088442022,2022-09-30,16,ALTINO,PSTU,0.1,85.5,0.12,0.06362902824869354,100.0
2022,SP,Badra Comunicação,SP065252022,2022-09-29,13,FERNANDO HADDAD,PT,31.3,77.8,40.23,35.70119476036642,99.69012376336305
2022,SP,Badra Comunicação,SP065252022,2022-09-29,10,TARCÍSIO,REPUBLICANOS,25.5,77.8,32.78,42.31655824809531,99.69012376336305
2022,SP,Badra Comunicação,SP065252022,2022-09-29,45,RODRIGO GARCIA,PSDB,16.6,77.8,21.34,18.39753339132272,99.69012376336305
2022,SP,Badra Comunicação,SP065252022,2022-09-29,12,ELVIS CEZAR,PDT,1.2,77.8,1.54,1.206343684366105,99.69012376336305
2022,SP,Badra Comunicação,SP065252022,2022-09-29,30,VINICIUS POIT,NOVO,1.1,77.8,1.41,1.6656597102097934,99.69012376336305
2022,SP,Badra Comunicação,SP065252022,2022-09-29,80,CAROL VIGLIAR,UP,1.1,77.8,1.41,0.38011696282063256,99.69012376336305
2022,SP,Badra Comunicação,SP065252022,2022-09-29,29,EDSON DORTA,PCO,1.0,77.8,1.29,0.022717006182066034,99.69012376336305
2022,SP,Datafolha,SP099872022,2022-10-01,13,FERNANDO HADDAD,PT,33.0,85.0,38.82,35.70119476036642,99.9363709717513
2022,SP,Datafolha,SP099872022,2022-10-01,10,TARCÍSIO,REPUBLICANOS,26.0,85.0,30.59,42.31655824809531,99.9363709717513
2022,SP,Datafolha,SP099872022,2022-10-01,45,RODRIGO GARCIA,PSDB,20.0,85.0,23.53,18.39753339132272,99.9363709717513
2022,SP,Datafolha,SP099872022,2022-10-01,80,CAROL VIGLIAR,UP,1.0,85.0,1.18,0.38011696282063256,99.9363709717513
2022,SP,Datafolha,SP099872022,2022-10-01,12,ELVIS CEZAR,PDT,1.0,85.0,1.18,1.206343684366105,99.9363709717513
2022,SP,Datafolha,SP099872022,2022-10-01,30,VINICIUS POIT,NOVO,1.0,85.0,1.18,1.6656597102097934,99.9363709717513
2022,SP,Datafolha,SP099872022,2022-10-01,29,EDSON DORTA,PCO,1.0,85.0,1.18,0.022717006182066034,99.9363709717513
2022,SP,Datafolha,SP099872022,2022-10-01,27,ANTONIO JORGE,DC,1.0,85.0,1.18,0.046153419911462344,99.9363709717513
2022,SP,Datafolha,SP099872022,2022-10-01,21,GABRIEL COLOMBO,PCB,1.0,85.0,1.18,0.2000937884767954,99.9363709717513
2022,SP,Futura,SP035282022,2022-09-30,10,TARCÍSIO,REPUBLICANOS,33.9,84.4,40.17,42.31655824809531,99.77718920534113
2022,SP,Futura,SP035282022,2022-09-30,13,FERNANDO HADDAD,PT,29.3,84.4,34.72,35.70119476036642,99.77718920534113
2022,SP,Futura,SP035282022,2022-09-30,45,RODRIGO GARCIA,PSDB,18.3,84.4,21.68,18.39753339132272,99.77718920534113
2022,SP,Futura,SP035282022,2022-09-30,30,VINICIUS POIT,NOVO,1.0,84.4,1.18,1.6656597102097934,99.77718920534113
2022,SP,Futura,SP035282022,2022-09-30,80,CAROL VIGLIAR,UP,0.9,84.4,1.07,0.38011696282063256,99.77718920534113
2022,SP,Futura,SP035282022,2022-09-30,12,ELVIS CEZAR,PDT,0.6,84.4,0.71,1.206343684366105,99.77718920534113
2022,SP,Futura,SP035282022,2022-09-30,16,ALTINO,PSTU,0.2,84.4,0.24,0.06362902824869354,99.77718920534113
2022,SP,Futura,SP035282022,2022-09-30,27,ANTONIO JORGE,DC,0.2,84.4,0.24,0.046153419911462344,99.77718920534113
2022,SP,Ipec (antigo Ibope),SP058472022,2022-10-01,13,FERNANDO HADDAD,PT,34.0,84.0,40.48,35.70119476036642,99.95384658008854
2022,SP,Ipec (antigo Ibope),SP058472022,2022-10-01,10,TARCÍSIO,REPUBLICANOS,26.0,84.0,30.95,42.31655824809531,99.95384658008854
2022,SP,Ipec (antigo Ibope),SP058472022,2022-10-01,45,RODRIGO GARCIA,PSDB,18.0,84.0,21.43,18.39753339132272,99.95384658008854
2022,SP,Ipec (antigo Ibope),SP058472022,2022-10-01,30,VINICIUS POIT,NOVO,1.0,84.0,1.19,1.6656597102097934,99.95384658008854
2022,SP,Ipec (antigo Ibope),SP058472022,2022-10-01,12,ELVIS CEZAR,PDT,1.0,84.0,1.19,1.206343684366105,99.95384658008854
2022,SP,Ipec (antigo Ibope),SP058472022,2022-10-01,80,CAROL VIGLIAR,UP,1.0,84.0,1.19,0.38011696282063256,99.95384658008854
2022,SP,Ipec (antigo Ibope),SP058472022,2022-10-01,29,EDSON DORTA,PCO,1.0,84.0,1.19,0.022717006182066034,99.95384658008854
2022,SP,Ipec (antigo Ibope),SP058472022,2022-10-01,21,GABRIEL COLOMBO,PCB,1.0,84.0,1.19,0.2000937884767954,99.95384658008854
2022,SP,Ipec (antigo Ibope),SP058472022,2022-10-01,16,ALTINO,PSTU,1.0,84.0,1.19,0.06362902824869354,99.95384658008854
2022,SP,Ipespe,SP004202022,2022-09-29,13,FERNANDO HADDAD,PT,34.0,83.0,40.96,35.70119476036642,99.28728979436035
2022,SP,Ipespe,SP004202022,2022-09-29,10,TARCÍSIO,REPUBLICANOS,24.0,83.0,28.92,42.31655824809531,99.28728979436035
2022,SP,Ipespe,SP004202022,2022-09-29,45,RODRIGO GARCIA,PSDB,22.0,83.0,26.51,18.39753339132272,99.28728979436035
2022,SP,Ipespe,SP004202022,2022-09-29,30,VINICIUS POIT,NOVO,2.0,83.0,2.41,1.6656597102097934,99.28728979436035
2022,SP,Ipespe,SP004202022,2022-09-29,12,ELVIS CEZAR,PDT,1.0,83.0,1.2,1.206343684366105,99.28728979436035
2022,SP,Paraná Pesquisas,SP011892022,2022-09-28,13,FERNANDO HADDAD,PT,30.9,83.5,37.01,35.70119476036642,100.0
2022,SP,Paraná Pesquisas,SP011892022,2022-09-28,10,TARCÍSIO,REPUBLICANOS,26.9,83.5,32.22,42.31655824809531,100.0
2022,SP,Paraná Pesquisas,SP011892022,2022-09-28,45,RODRIGO GARCIA,PSDB,22.5,83.5,26.95,18.39753339132272,100.0
2022,SP,Paraná Pesquisas,SP011892022,2022-09-28,30,VINICIUS POIT,NOVO,0.9,83.5,1.08,1.6656597102097934,100.0
2022,SP,Paraná Pesquisas,SP011892022,2022-09-28,16,ALTINO,PSTU,0.7,83.5,0.84,0.06362902824869354,100.0
2022,SP,Paraná Pesquisas,SP011892022,2022-09-28,27,ANTONIO JORGE,DC,0.6,83.5,0.72,0.046153419911462344,100.0
2022,SP,Paraná Pesquisas,SP011892022,2022-09-28,12,ELVIS CEZAR,PDT,0.4,83.5,0.48,1.206343684366105,100.0
2022,SP,Paraná Pesquisas,SP011892022,2022-09-28,29,EDSON DORTA,PCO,0.3,83.5,0.36,0.022717006182066034,100.0
2022,SP,Paraná Pesquisas,SP011892022,2022-09-28,21,GABRIEL COLOMBO,PCB,0.3,83.5,0.36,0.2000937884767954,100.0
2022,SP,Paraná Pesquisas,SP011892022,2022-09-28,80,CAROL VIGLIAR,UP,0.0,83.5,0.0,0.38011696282063256,100.0
2022,SP,Quaest,SP021542022,2022-10-01,13,FERNANDO HADDAD,PT,36.0,99.0,36.36,35.70119476036642,99.86750054565778
2022,SP,Quaest,SP021542022,2022-10-01,10,TARCÍSIO,REPUBLICANOS,34.0,99.0,34.34,42.31655824809531,99.86750054565778
2022,SP,Quaest,SP021542022,2022-10-01,45,RODRIGO GARCIA,PSDB,24.0,99.0,24.24,18.39753339132272,99.86750054565778
2022,SP,Quaest,SP021542022,2022-10-01,30,VINICIUS POIT,NOVO,2.0,99.0,2.02,1.6656597102097934,99.86750054565778
2022,SP,Quaest,SP021542022,2022-10-01,12,ELVIS CEZAR,PDT,1.0,99.0,1.01,1.206343684366105,99.86750054565778
2022,SP,Quaest,SP021542022,2022-10-01,80,CAROL VIGLIAR,UP,1.0,99.0,1.01,0.38011696282063256,99.86750054565778
2022,SP,Quaest,SP021542022,2022-10-01,21,GABRIEL COLOMBO,PCB,1.0,99.0,1.01,0.2000937884767954,99.86750054565778
2022,TO,Brasmarket,TO030482022,2022-09-28,10,WANDERLEI BARBOSA,REPUBLICANOS,40.1,87.8,45.67,58.16454602889286,99.54990052149206
2022,TO,Brasmarket,TO030482022,2022-09-28,22,RONALDO DIMAS,PL,30.0,87.8,34.17,22.51234270376182,99.54990052149206
2022,TO,Brasmarket,TO030482022,2022-09-28,55,IRAJÁ,PSD,8.3,87.8,9.45,7.61617603890715,99.54990052149206
2022,TO,Brasmarket,TO030482022,2022-09-28,13,PAULO MOURÃO,PT,8.1,87.8,9.23,10.647643138519745,99.54990052149206
2022,TO,Brasmarket,TO030482022,2022-09-28,35,CORONEL RICARDO MACEDO,PMB,1.3,87.8,1.48,0.6091926114104929,99.54990052149206
2022,TO,Correio do Povo Tocantinense,TO045562022,2022-09-27,10,WANDERLEI BARBOSA,REPUBLICANOS,48.0,79.0,60.76,58.16454602889286,99.54990052149206
2022,TO,Correio do Povo Tocantinense,TO045562022,2022-09-27,22,RONALDO DIMAS,PL,17.0,79.0,21.52,22.51234270376182,99.54990052149206
2022,TO,Correio do Povo Tocantinense,TO045562022,2022-09-27,55,IRAJÁ,PSD,8.0,79.0,10.13,7.61617603890715,99.54990052149206
2022,TO,Correio do Povo Tocantinense,TO045562022,2022-09-27,13,PAULO MOURÃO,PT,5.0,79.0,6.33,10.647643138519745,99.54990052149206
2022,TO,Correio do Povo Tocantinense,TO045562022,2022-09-27,35,CORONEL RICARDO MACEDO,PMB,1.0,79.0,1.27,0.6091926114104929,99.54990052149206
2022,TO,Ipec (antigo Ibope),TO075482022,2022-09-30,10,WANDERLEI BARBOSA,REPUBLICANOS,48.0,85.0,56.47,58.16454602889286,99.69872568454139
2022,TO,Ipec (antigo Ibope),TO075482022,2022-09-30,22,RONALDO DIMAS,PL,16.0,85.0,18.82,22.51234270376182,99.69872568454139
2022,TO,Ipec (antigo Ibope),TO075482022,2022-09-30,55,IRAJÁ,PSD,10.0,85.0,11.76,7.61617603890715,99.69872568454139
2022,TO,Ipec (antigo Ibope),TO075482022,2022-09-30,13,PAULO MOURÃO,PT,9.0,85.0,10.59,10.647643138519745,99.69872568454139
2022,TO,Ipec (antigo Ibope),TO075482022,2022-09-30,35,CORONEL RICARDO MACEDO,PMB,1.0,85.0,1.18,0.6091926114104929,99.69872568454139
2022,TO,Ipec (antigo Ibope),TO075482022,2022-09-30,27,DR LUCIANO DO OSWALDO CRUZ,DC,1.0,85.0,1.18,0.14882516304932128,99.69872568454139
2022,TO,Jornal Girassol,TO054692022,2022-09-27,10,WANDERLEI BARBOSA,REPUBLICANOS,52.0,83.0,62.65,58.16454602889286,100.0
2022,TO,Jornal Girassol,TO054692022,2022-09-27,22,RONALDO DIMAS,PL,14.0,83.0,16.87,22.51234270376182,100.0
2022,TO,Jornal Girassol,TO054692022,2022-09-27,13,PAULO MOURÃO,PT,9.5,83.0,11.45,10.647643138519745,100.0
2022,TO,Jornal Girassol,TO054692022,2022-09-27,55,IRAJÁ,PSD,5.5,83.0,6.63,7.61617603890715,100.0
2022,TO,Jornal Girassol,TO054692022,2022-09-27,27,DR LUCIANO DO OSWALDO CRUZ,DC,0.5,83.0,0.6,0.14882516304932128,100.0
2022,TO,Jornal Girassol,TO054692022,2022-09-27,35,CORONEL RICARDO MACEDO,PMB,0.5,83.0,0.6,0.6091926114104929,100.0
2022,TO,Jornal Girassol,TO054692022,2022-09-27,50,KAROL CHAVES,PSOL,0.5,83.0,0.6,0.30127431545860983,100.0
2022,TO,Jornal Girassol,TO054692022,2022-09-27,29,CARMEN HANNUD,PCO,0.5,83.0,0.6,0.0,100.0
2022,TO,Jornal O Coletivo,TO035522022,2022-09-28,10,WANDERLEI BARBOSA,REPUBLICANOS,54.0,92.0,58.7,58.16454602889286,99.69872568454139
2022,TO,Jornal O Coletivo,TO035522022,2022-09-28,22,RONALDO DIMAS,PL,17.0,92.0,18.48,22.51234270376182,99.69872568454139
2022,TO,Jornal O Coletivo,TO035522022,2022-09-28,13,PAULO MOURÃO,PT,10.0,92.0,10.87,10.647643138519745,99.69872568454139
2022,TO,Jornal O Coletivo,TO035522022,2022-09-28,55,IRAJÁ,PSD,8.0,92.0,8.7,7.61617603890715,99.69872568454139
2022,TO,Jornal O Coletivo,TO035522022,2022-09-28,27,DR LUCIANO DO OSWALDO CRUZ,DC,2.0,92.0,2.17,0.14882516304932128,99.69872568454139
2022,TO,Jornal O Coletivo,TO035522022,2022-09-28,35,CORONEL RICARDO MACEDO,PMB,1.0,92.0,1.09,0.6091926114104929,99.69872568454139
2022,TO,Vetor Assessoria,TO018952022,2022-09-29,10,WANDERLEI BARBOSA,REPUBLICANOS,53.0,82.0,64.63,58.16454602889286,98.94070791008157
2022,TO,Vetor Assessoria,TO018952022,2022-09-29,22,RONALDO DIMAS,PL,15.0,82.0,18.29,22.51234270376182,98.94070791008157
2022,TO,Vetor Assessoria,TO018952022,2022-09-29,13,PAULO MOURÃO,PT,7.0,82.0,8.54,10.647643138519745,98.94070791008157
2022,TO,Vetor Assessoria,TO018952022,2022-09-29,55,IRAJÁ,PSD,7.0,82.0,8.54,7.61617603890715,98.94070791008157
